"Distributor","Customer Name","City","Country","Latitude","Longitude","Channel","Sub-channel","Product Name","Product Class","Quantity","Price","Sales","Month","Year","Name of Sales Rep","Manager","Sales Team"
"Gottlieb-Cruickshank ","Zieme, Doyle and Kunze ","Lublin","Poland","51.2333","22.5667","Hospital","Private","Topipizole","Mood Stabilizers","4","368","1472","January","2018","Mary Gerrard","Britanny Bold","Delta"
"Gottlieb-Cruickshank ","Feest PLC ","?wiecie","Poland","53.4167","18.4333","Pharmacy","Retail","Choriotrisin","Antibiotics","7","591","4137","January","2018","Jessica Smith","Britanny Bold","Delta"
"Gottlieb-Cruickshank ","Medhurst-Beer Pharmaceutical Limited","Rybnik","Poland","50.0833","18.5","Pharmacy","Institution","Acantaine","Antibiotics","30","66","1980","January","2018","Steve Pepple","Tracy Banks","Bravo"
"Gottlieb-Cruickshank ","Barton Ltd Pharma Plc","Czelad?","Poland","50.3333","19.0833","Hospital","Private","Lioletine Refliruvax","Analgesics","6","435","2610","January","2018","Mary Gerrard","Britanny Bold","Delta"
"Gottlieb-Cruickshank ","Keeling LLC Pharmacy","Olsztyn","Poland","53.78","20.4942","Pharmacy","Retail","Oxymotroban Fexoformin","Analgesics","20","458","9160","January","2018","Anne Wu","Britanny Bold","Delta"
"Gottlieb-Cruickshank ","Runte-Marquardt Pharmaceutical Ltd","Olecko","Poland","54.0333","22.5","Hospital","Private","Pazofenac","Mood Stabilizers","5","123","615","January","2018","Thompson Crawford","James Goodwill","Alfa"
"Gottlieb-Cruickshank ","Blick, Pacocha and Schowalter ","Inowroc?aw","Poland","52.7958","18.2611","Pharmacy","Retail","Symbitrim","Analgesics","20","536","10720","January","2018","Sheila Stones","Britanny Bold","Delta"
"Gottlieb-Cruickshank ","Leuschke PLC Pharmacy","Ciechan?w","Poland","52.8817","20.6106","Pharmacy","Retail","Morphizolid Tianalin","Mood Stabilizers","5","742","3710","January","2018","Mary Gerrard","Britanny Bold","Delta"
"Gottlieb-Cruickshank ","Miller-Satterfield Pharma Plc","Nidzica","Poland","53.3583","20.425","Hospital","Private","Lovapur","Mood Stabilizers","4","551","2204","January","2018","Stella Given","Alisha Cordwell","Charlie"
"Gottlieb-Cruickshank ","Bashirian-Kassulke Pharma Plc","Krak?w","Poland","50.0614","19.9372","Hospital","Private","Ampysin","Analgesics","10","243","2430","January","2018","Morris Garcia","Tracy Banks","Bravo"
"Gottlieb-Cruickshank ","Wolff Group Pharm","Gubin","Poland","51.95","14.7333","Hospital","Government","Trazobalamin","Mood Stabilizers","35","762","26670","January","2018","Erica Jones","James Goodwill","Alfa"
"Gottlieb-Cruickshank ","Denesik, Walter and Beatty Pharma Plc","Ostr?w Mazowiecka","Poland","52.8","21.9","Pharmacy","Institution","Atrabicin Alkerotec","Antiseptics","4","249","996","January","2018","Abigail Thompson","Tracy Banks","Bravo"
"Gottlieb-Cruickshank ","Breitenberg-Kuhn Pharmacy","Radom","Poland","51.4036","21.1567","Hospital","Private","Exotropin Empizine","Mood Stabilizers","5","785","3925","January","2018","Abigail Thompson","Tracy Banks","Bravo"
"Gottlieb-Cruickshank ","McClure, Zemlak and Dibbert Pharma Plc","Gda?sk","Poland","54.3667","18.6333","Pharmacy","Retail","Afinitasol","Antipiretics","6","286","1716","January","2018","Jessica Smith","Britanny Bold","Delta"
"Gottlieb-Cruickshank ","Block-Romaguera Pharmaceutical Limited","Tarnowskie G?ry","Poland","50.45","18.8667","Hospital","Private","Amavirase","Antipiretics","7","487","3409","January","2018","Anne Wu","Britanny Bold","Delta"
"Gottlieb-Cruickshank ","Hahn, Rutherford and Gislason Pharmaceutical Limited","?aziska G?rne","Poland","50.15","18.8333","Hospital","Private","Neuropogen Empibax","Analgesics","5","605","3025","January","2018","Morris Garcia","Tracy Banks","Bravo"
"Gottlieb-Cruickshank ","D'Amore and Sons ","W?growiec","Poland","52.8","17.2","Hospital","Private","Tracdomide","Antipiretics","5","548","2740","January","2018","Daniel Gates","Alisha Cordwell","Charlie"
"Gottlieb-Cruickshank ","Koss Ltd Pharmaceutical Limited","Lw?wek ?l?ski","Poland","51.1167","15.5833","Hospital","Private","Novakyn Tracprox","Antiseptics","30","288","8640","January","2018","Morris Garcia","Tracy Banks","Bravo"
"Gottlieb-Cruickshank ","Fadel-West ","Z?otoryja","Poland","51.1264","15.9198","Pharmacy","Institution","Paronium Atracustone","Analgesics","2","414","828","January","2018","Anne Wu","Britanny Bold","Delta"
"Gottlieb-Cruickshank ","Lindgren-Simonis Pharm","Biskupiec","Poland","53.8647","20.9569","Pharmacy","Retail","Dantocept Ferurenone","Antiseptics","2","307","614","January","2018","Alan Ray","James Goodwill","Alfa"
"Gottlieb-Cruickshank ","Spinka, Schowalter and Conn Pharmaceutical Limited","Bi?goraj","Poland","50.55","22.7333","Pharmacy","Institution","Aciprex","Antipiretics","5","421","2105","January","2018","Jimmy Grey","Alisha Cordwell","Charlie"
"Gottlieb-Cruickshank ","Will and Sons Pharma Plc","Gniew","Poland","53.8333","18.8333","Pharmacy","Retail","Diaxolol","Antiseptics","20","765","15300","January","2018","Abigail Thompson","Tracy Banks","Bravo"
"Gottlieb-Cruickshank ","Jakubowski Inc Pharmaceutical Limited","Boles?awiec","Poland","51.2667","15.5667","Pharmacy","Retail","Saprodeine Zanprosyn","Antibiotics","5","215","1075","January","2018","Jessica Smith","Britanny Bold","Delta"
"Gottlieb-Cruickshank ","Schaden-Hirthe Pharmaceutical Ltd","?widnica","Poland","50.8438","16.4886","Pharmacy","Institution","Magnemunex","Antiseptics","26","689","17914","January","2018","Morris Garcia","Tracy Banks","Bravo"
"Gottlieb-Cruickshank ","Mraz Group Pharmacy","Piast?w","Poland","52.1833","20.85","Hospital","Private","Pazofenac","Mood Stabilizers","16","123","1968","January","2018","Stella Given","Alisha Cordwell","Charlie"
"Gottlieb-Cruickshank ","Nader-Gaylord Pharmaceutical Ltd","??d?","Poland","51.7769","19.4547","Pharmacy","Retail","Pitodomide","Antimalarial","35","24","840","January","2018","Stella Given","Alisha Cordwell","Charlie"
"Gottlieb-Cruickshank ","Heidenreich Group Pharmaceutical Ltd","Rzesz?w","Poland","50.05","22","Pharmacy","Institution","Malaxolol Aeroprosyn","Antiseptics","2","502","1004","January","2018","Daniel Gates","Alisha Cordwell","Charlie"
"Gottlieb-Cruickshank ","Mante-Grady Pharm","Lubacz?w","Poland","50.1556","23.123","Pharmacy","Institution","Tetratanyl","Antimalarial","3","511","1533","January","2018","Jessica Smith","Britanny Bold","Delta"
"Gottlieb-Cruickshank ","Feest-Kshlerin Pharmaceutical Ltd","?widnik","Poland","51.2333","22.7","Pharmacy","Institution","Spiroderall","Mood Stabilizers","50","653","32650","January","2018","Abigail Thompson","Tracy Banks","Bravo"
"Gottlieb-Cruickshank ","Wolff Group Pharm","Gubin","Poland","51.95","14.7333","Hospital","Government","Formolovir Amanferon","Analgesics","6","191","1146","January","2018","Sheila Stones","Britanny Bold","Delta"
"Gottlieb-Cruickshank ","Leuschke, Waters and Schowalter Pharmaceutical Ltd","Krapkowice","Poland","50.4751","17.9654","Pharmacy","Institution","Panpion","Antiseptics","4","692","2768","January","2018","Daniel Gates","Alisha Cordwell","Charlie"
"Gottlieb-Cruickshank ","Hirthe, Williamson and Macejkovic Pharma Plc","Brzeg","Poland","50.8667","17.4833","Hospital","Government","Dorzovorin Pentadarone","Antimalarial","6","164","984","January","2018","Mary Gerrard","Britanny Bold","Delta"
"Gottlieb-Cruickshank ","Emard-O'Connell Pharmacy","Zakopane","Poland","49.2994","19.9519","Pharmacy","Retail","Lovapur","Mood Stabilizers","60","551","33060","January","2018","Mary Gerrard","Britanny Bold","Delta"
"Gottlieb-Cruickshank ","Feest PLC ","?wiecie","Poland","53.4167","18.4333","Pharmacy","Retail","Formolovir Amanferon","Analgesics","38","191","7258","January","2018","Sheila Stones","Britanny Bold","Delta"
"Gottlieb-Cruickshank ","Carter-Conn Pharma Plc","Brwin?w","Poland","52.1417","20.7167","Hospital","Private","Comzyme","Antibiotics","5","114","570","January","2018","Jessica Smith","Britanny Bold","Delta"
"Gottlieb-Cruickshank ","Heathcote, Grant and Witting Pharm","Bielsko-Bia?a","Poland","49.8225","19.0444","Pharmacy","Institution","Aldevac","Analgesics","5","26","130","January","2018","Erica Jones","James Goodwill","Alfa"
"Gottlieb-Cruickshank ","Boyer and Sons Pharmaceutical Limited","Wa?cz","Poland","53.2667","16.4667","Hospital","Government","Invisteride Diclomycin","Mood Stabilizers","30","452","13560","January","2018","Sheila Stones","Britanny Bold","Delta"
"Gottlieb-Cruickshank ","Rowe PLC Pharmaceutical Ltd","K?ty","Poland","49.8821","19.2233","Pharmacy","Institution","Ergomethate","Mood Stabilizers","1","604","604","January","2018","Steve Pepple","Tracy Banks","Bravo"
"Gottlieb-Cruickshank ","McCullough LLC Pharma Plc","Cz?stochowa","Poland","50.8","19.1167","Pharmacy","Retail","Theopril","Antipiretics","2","768","1536","January","2018","Jessica Smith","Britanny Bold","Delta"
"Gottlieb-Cruickshank ","Grimes, Jacobs and Durgan Pharm","Be?chat?w","Poland","51.3667","19.3667","Hospital","Private","Choriotrisin","Antibiotics","4","591","2364","January","2018","Alan Ray","James Goodwill","Alfa"
"Gottlieb-Cruickshank ","Balistreri, Torp and Gulgowski Pharmacy","Che?m?a","Poland","53.2","18.6","Hospital","Private","Ketastadil","Analgesics","2","763","1526","January","2018","Sheila Stones","Britanny Bold","Delta"
"Gottlieb-Cruickshank ","Will and Sons Pharmaceutical Limited","Pozna?","Poland","52.4","16.9167","Hospital","Government","Methiclotide","Antibiotics","2","458","916","January","2018","Abigail Thompson","Tracy Banks","Bravo"
"Gottlieb-Cruickshank ","Osinski-Collins Pharmaceutical Ltd","Elbl?g","Poland","54.1667","19.4","Pharmacy","Institution","Topipizole","Mood Stabilizers","2","368","736","January","2018","Alan Ray","James Goodwill","Alfa"
"Gottlieb-Cruickshank ","Parisian, Hagenes and Skiles Pharma Plc","Ciechocinek","Poland","52.8833","18.7833","Pharmacy","Retail","Propratecan","Antimalarial","3","682","2046","January","2018","Mary Gerrard","Britanny Bold","Delta"
"Gottlieb-Cruickshank ","Medhurst-Beer Pharmaceutical Limited","Rybnik","Poland","50.0833","18.5","Pharmacy","Institution","Lovavatol Azelavarix","Mood Stabilizers","2","106","212","January","2018","Daniel Gates","Alisha Cordwell","Charlie"
"Gottlieb-Cruickshank ","Runte-Marquardt Pharmaceutical Ltd","Olecko","Poland","54.0333","22.5","Hospital","Private","Symbiroban","Antibiotics","1","122","122","January","2018","Mary Gerrard","Britanny Bold","Delta"
"Gottlieb-Cruickshank ","Schmitt, Berge and Haley Pharma Plc","K?odzko","Poland","50.4378","16.6528","Hospital","Private","Afaxacin","Analgesics","4","60","240","January","2018","Alan Ray","James Goodwill","Alfa"
"Gottlieb-Cruickshank ","Funk, Ratke and Heaney Pharmacy","Prabuty","Poland","53.7558","19.1975","Hospital","Government","Testant","Mood Stabilizers","2","488","976","January","2018","Sheila Stones","Britanny Bold","Delta"
"Gottlieb-Cruickshank ","Walsh-Brown Pharmacy","Chorz?w","Poland","50.3","18.95","Pharmacy","Retail","Temasone Thiobucil","Antimalarial","8","482","3856","January","2018","Stella Given","Alisha Cordwell","Charlie"
"Gottlieb-Cruickshank ","Schowalter, Runolfsson and VonRueden Pharmaceutical Ltd","Grudzi?dz","Poland","53.4925","18.7761","Pharmacy","Retail","Propralamide Dexlanzolam","Mood Stabilizers","6","391","2346","January","2018","Alan Ray","James Goodwill","Alfa"
"Gottlieb-Cruickshank ","Beahan, Littel and Ondricka Pharmacy","??czyca","Poland","52.0583","19.2","Pharmacy","Institution","Abobozolid","Antimalarial","10","75","750","January","2018","Steve Pepple","Tracy Banks","Bravo"
"Gottlieb-Cruickshank ","Veum-Kerluke Pharmacy","Cz?uch?w","Poland","53.65","17.3667","Pharmacy","Retail","Choriogestrel","Antiseptics","10","347","3470","January","2018","Mary Gerrard","Britanny Bold","Delta"
"Gottlieb-Cruickshank ","Barton Ltd Pharma Plc","Czelad?","Poland","50.3333","19.0833","Hospital","Private","Factofribrate","Mood Stabilizers","10","99","990","January","2018","Jimmy Grey","Alisha Cordwell","Charlie"
"Gottlieb-Cruickshank ","Doyle-Tillman Pharmaceutical Ltd","D?blin","Poland","51.5667","21.8614","Hospital","Private","Amavirase","Antipiretics","8","487","3896","January","2018","Thompson Crawford","James Goodwill","Alfa"
"Gottlieb-Cruickshank ","Schaden-Hirthe Pharmaceutical Ltd","?widnica","Poland","50.8438","16.4886","Pharmacy","Institution","Sanctumine","Antimalarial","8","149","1192","January","2018","Jessica Smith","Britanny Bold","Delta"
"Gottlieb-Cruickshank ","Ondricka Ltd Pharmacy","?winouj?cie","Poland","53.9167","14.25","Hospital","Government","Epzipitant","Analgesics","1","778","778","January","2018","Daniel Gates","Alisha Cordwell","Charlie"
"Gottlieb-Cruickshank ","Raynor-Graham Pharmaceutical Limited","Gorz?w Wielkopolski","Poland","52.7333","15.25","Pharmacy","Institution","Ergomethate","Mood Stabilizers","20","604","12080","January","2018","Jimmy Grey","Alisha Cordwell","Charlie"
"Gottlieb-Cruickshank ","Koss-Beier ","Nak?o nad Noteci?","Poland","53.1421","17.6018","Pharmacy","Retail","Epzipitant","Analgesics","20","778","15560","January","2018","Erica Jones","James Goodwill","Alfa"
"Gottlieb-Cruickshank ","Johnson, Friesen and Torphy Pharma Plc","Gryfino","Poland","53.2524","14.4883","Hospital","Government","Relenstrel Exurabine","Antibiotics","3","424","1272","January","2018","Morris Garcia","Tracy Banks","Bravo"
"Gottlieb-Cruickshank ","Koch-Osinski Pharm","Sandomierz","Poland","50.6833","21.75","Hospital","Government","Morphizolid Tianalin","Mood Stabilizers","10","742","7420","January","2018","Jessica Smith","Britanny Bold","Delta"
"Gottlieb-Cruickshank ","Schaefer LLC Pharmacy","Kamie? Pomorski","Poland","53.9697","14.7858","Hospital","Government","Acantaine","Antibiotics","100","66","6600","January","2018","Morris Garcia","Tracy Banks","Bravo"
"Gottlieb-Cruickshank ","Osinski-Collins Pharmaceutical Ltd","Elbl?g","Poland","54.1667","19.4","Pharmacy","Institution","Temasone Thiobucil","Antimalarial","4","482","1928","January","2018","Anne Wu","Britanny Bold","Delta"
"Gottlieb-Cruickshank ","Funk and Sons Pharmaceutical Limited","Tarnobrzeg","Poland","50.5833","21.6833","Pharmacy","Retail","Kiovax Tercorolac","Analgesics","5","722","3610","January","2018","Stella Given","Alisha Cordwell","Charlie"
"Gottlieb-Cruickshank ","Marquardt-Ryan Pharmaceutical Ltd","W?gorzewo","Poland","54.2167","21.75","Hospital","Private","Biotasol Siloderm","Antiseptics","30","373","11190","January","2018","Alan Ray","James Goodwill","Alfa"
"Gottlieb-Cruickshank ","Keeling LLC Pharmacy","Olsztyn","Poland","53.78","20.4942","Pharmacy","Retail","Cogxone Levanide","Antimalarial","10","686","6860","January","2018","Steve Pepple","Tracy Banks","Bravo"
"Gottlieb-Cruickshank ","Romaguera, Moen and Hagenes Pharmaceutical Limited","Sopot","Poland","54.4419","18.5478","Hospital","Private","Finanel","Antimalarial","20","206","4120","January","2018","Jessica Smith","Britanny Bold","Delta"
"Gottlieb-Cruickshank ","Hartmann-Wolf ","Trzebnica","Poland","51.305","17.0614","Hospital","Government","Atrabicin Alkerotec","Antiseptics","15","249","3735","January","2018","Morris Garcia","Tracy Banks","Bravo"
"Gottlieb-Cruickshank ","Schmitt LLC Pharm","Nysa","Poland","50.4738","17.3344","Pharmacy","Retail","Enzastryl","Antiseptics","4","26","104","January","2018","Daniel Gates","Alisha Cordwell","Charlie"
"Gottlieb-Cruickshank ","Mraz Group Pharmacy","Piast?w","Poland","52.1833","20.85","Hospital","Private","Palodizem","Mood Stabilizers","5","201","1005","January","2018","Jimmy Grey","Alisha Cordwell","Charlie"
"Gottlieb-Cruickshank ","Buckridge, Dach and Carroll Pharmaceutical Limited","Lubo?","Poland","52.3333","16.8833","Hospital","Private","Lioletine Refliruvax","Analgesics","2","435","870","January","2018","Thompson Crawford","James Goodwill","Alfa"
"Gottlieb-Cruickshank ","Boyer and Sons Pharmaceutical Limited","Wa?cz","Poland","53.2667","16.4667","Hospital","Government","Testant","Mood Stabilizers","6","488","2928","January","2018","Anne Wu","Britanny Bold","Delta"
"Gottlieb-Cruickshank ","Yundt, Leuschke and Ward Pharmaceutical Ltd","?ychlin","Poland","52.2453","19.6236","Hospital","Government","Penitrana","Analgesics","10","179","1790","January","2018","Stella Given","Alisha Cordwell","Charlie"
"Gottlieb-Cruickshank ","Johnson, Friesen and Torphy Pharma Plc","Gryfino","Poland","53.2524","14.4883","Hospital","Government","Alemtuvatol Megalinum","Analgesics","6","682","4092","January","2018","Mary Gerrard","Britanny Bold","Delta"
"Gottlieb-Cruickshank ","Funk and Sons Pharmaceutical Limited","Tarnobrzeg","Poland","50.5833","21.6833","Pharmacy","Retail","Pentastrin","Antibiotics","3","497","1491","January","2018","Erica Jones","James Goodwill","Alfa"
"Gottlieb-Cruickshank ","Mraz Group Pharmacy","Piast?w","Poland","52.1833","20.85","Hospital","Private","Ultrimax Ultriset","Antiseptics","10","269","2690","January","2018","Steve Pepple","Tracy Banks","Bravo"
"Gottlieb-Cruickshank ","Rohan Inc ","Chojn?w","Poland","51.2667","15.9333","Pharmacy","Institution","Benzoprox","Antiseptics","2","284","568","January","2018","Alan Ray","James Goodwill","Alfa"
"Gottlieb-Cruickshank ","Wintheiser, Breitenberg and Gottlieb Pharmaceutical Limited","Milan?wek","Poland","52.1243","20.6654","Pharmacy","Retail","Alimmethate Insudase","Analgesics","10","624","6240","January","2018","Anne Wu","Britanny Bold","Delta"
"Gottlieb-Cruickshank ","Pfeffer-Hodkiewicz Pharmaceutical Ltd","Szczytno","Poland","53.5628","20.9853","Hospital","Government","Acelimus","Analgesics","4","746","2984","January","2018","Daniel Gates","Alisha Cordwell","Charlie"
"Gottlieb-Cruickshank ","Moen, Murazik and Smith ","Siedlce","Poland","52.1833","22.2833","Pharmacy","Retail","Argalazine Abostryl","Antipiretics","5","628","3140","January","2018","Anne Wu","Britanny Bold","Delta"
"Gottlieb-Cruickshank ","Jast-Cruickshank Pharma Plc","Bia?ystok","Poland","53.1167","23.1667","Pharmacy","Retail","Zithrotrol","Antiseptics","20","137","2740","January","2018","Jimmy Grey","Alisha Cordwell","Charlie"
"Gottlieb-Cruickshank ","Hills, Stroman and Ernser Pharm","Pu?tusk","Poland","52.7025","21.0828","Hospital","Private","Lansostral Acgestin","Antiseptics","20","627","12540","January","2018","Stella Given","Alisha Cordwell","Charlie"
"Gottlieb-Cruickshank ","Blick, Pacocha and Schowalter ","Inowroc?aw","Poland","52.7958","18.2611","Pharmacy","Retail","Amamadin","Antimalarial","35","713","24955","January","2018","Alan Ray","James Goodwill","Alfa"
"Gottlieb-Cruickshank ","Schinner, Gaylord and Treutel Pharmaceutical Ltd","D?browa G?rnicza","Poland","50.3239","19.1947","Hospital","Government","Dantocept Ferurenone","Antiseptics","24","307","7368","January","2018","Jimmy Grey","Alisha Cordwell","Charlie"
"Gottlieb-Cruickshank ","Graham and Sons Pharmacy","Warka","Poland","51.7833","21.2","Hospital","Private","Amamadin","Antimalarial","4","713","2852","January","2018","Sheila Stones","Britanny Bold","Delta"
"Gottlieb-Cruickshank ","Stehr-Champlin Pharmaceutical Limited","Nowe Miasto Lubawskie","Poland","53.4167","19.5833","Hospital","Government","Acantaine","Antibiotics","60","66","3960","January","2018","Sheila Stones","Britanny Bold","Delta"
"Gottlieb-Cruickshank ","Funk, Ratke and Heaney Pharmacy","Prabuty","Poland","53.7558","19.1975","Hospital","Government","Amamadin","Antimalarial","5","713","3565","January","2018","Abigail Thompson","Tracy Banks","Bravo"
"Gottlieb-Cruickshank ","Mann-Waelchi Pharm","Piotrk?w Trybunalski","Poland","51.4","19.6833","Hospital","Private","Travosoline Capolac","Antipiretics","15","610","9150","January","2018","Alan Ray","James Goodwill","Alfa"
"Gottlieb-Cruickshank ","Haley PLC Pharmaceutical Limited","Opole","Poland","50.6722","17.9253","Pharmacy","Retail","Adalatamine","Antiseptics","10","794","7940","January","2018","Stella Given","Alisha Cordwell","Charlie"
"Gottlieb-Cruickshank ","Leuschke, Waters and Schowalter Pharmaceutical Ltd","Krapkowice","Poland","50.4751","17.9654","Pharmacy","Institution","Novakyn Tracprox","Antiseptics","4","288","1152","January","2018","Anne Wu","Britanny Bold","Delta"
"Gottlieb-Cruickshank ","Denesik-Hintz Pharm","Mi?dzyrzec Podlaski","Poland","51.9833","22.8","Pharmacy","Retail","Dorzovorin Pentadarone","Antimalarial","2","164","328","January","2018","Steve Pepple","Tracy Banks","Bravo"
"Gottlieb-Cruickshank ","Rosenbaum, Klein and Herzog ","Zb?szy?","Poland","52.2531","15.9178","Hospital","Private","Androporin","Antiseptics","5","659","3295","January","2018","Erica Jones","James Goodwill","Alfa"
"Gottlieb-Cruickshank ","Trantow LLC Pharma Plc","Braniewo","Poland","54.3833","19.8333","Pharmacy","Retail","Fosinofen","Antipiretics","6","385","2310","January","2018","Stella Given","Alisha Cordwell","Charlie"
"Gottlieb-Cruickshank ","Hill Ltd ","Gliwice","Poland","50.2976","18.6766","Pharmacy","Retail","Morphizolid Tianalin","Mood Stabilizers","5","742","3710","January","2018","Jessica Smith","Britanny Bold","Delta"
"Gottlieb-Cruickshank ","Leannon-West Pharmacy","Cieszyn","Poland","49.75","18.6333","Pharmacy","Retail","Dorzovorin Pentadarone","Antimalarial","3","164","492","January","2018","Abigail Thompson","Tracy Banks","Bravo"
"Gottlieb-Cruickshank ","Kub, Von and Herzog Pharmacy","Wschowa","Poland","51.8","16.3","Hospital","Private","Zonixamine Immulinum","Analgesics","10","298","2980","January","2018","Daniel Gates","Alisha Cordwell","Charlie"
"Gottlieb-Cruickshank ","Welch-Orn ","Che?mno","Poland","53.3492","18.4261","Hospital","Private","Travosoline Capolac","Antipiretics","10","610","6100","January","2018","Abigail Thompson","Tracy Banks","Bravo"
"Gottlieb-Cruickshank ","Purdy Ltd Pharmaceutical Limited","G?ucho?azy","Poland","50.3131","17.3742","Hospital","Government","Diprotaine","Antiseptics","3","318","954","January","2018","Daniel Gates","Alisha Cordwell","Charlie"
"Gottlieb-Cruickshank ","Osinski-Collins Pharmaceutical Ltd","Elbl?g","Poland","54.1667","19.4","Pharmacy","Institution","Veratorol Ciclovatol","Mood Stabilizers","6","154","924","January","2018","Steve Pepple","Tracy Banks","Bravo"
"Gottlieb-Cruickshank ","Jakubowski Inc Pharmaceutical Limited","Boles?awiec","Poland","51.2667","15.5667","Pharmacy","Retail","Trazozaprine","Mood Stabilizers","30","708","21240","January","2018","Jessica Smith","Britanny Bold","Delta"
"Gottlieb-Cruickshank ","Balistreri-Watsica Pharmacy","E?k","Poland","53.8167","22.35","Pharmacy","Retail","Ciclonazol","Antiseptics","4","121","484","January","2018","Stella Given","Alisha Cordwell","Charlie"
"Gottlieb-Cruickshank ","Barton Ltd Pharma Plc","Czelad?","Poland","50.3333","19.0833","Hospital","Private","Symdocet","Antipiretics","5","470","2350","January","2018","Sheila Stones","Britanny Bold","Delta"
"Gottlieb-Cruickshank ","Mann-Waelchi Pharm","Piotrk?w Trybunalski","Poland","51.4","19.6833","Hospital","Private","Testant","Mood Stabilizers","5","488","2440","January","2018","Steve Pepple","Tracy Banks","Bravo"
"Gottlieb-Cruickshank ","Bashirian-Kassulke Pharma Plc","Krak?w","Poland","50.0614","19.9372","Hospital","Private","Pulmogen Alitora","Antiseptics","10","647","6470","January","2018","Morris Garcia","Tracy Banks","Bravo"
"Gottlieb-Cruickshank ","Herman, Rice and Rippin ","Zi?bice","Poland","50.6","17.0444","Hospital","Government","Amphesirox","Antiseptics","6","25","150","January","2018","Jimmy Grey","Alisha Cordwell","Charlie"
"Gottlieb-Cruickshank ","Kertzmann-Ward Pharma Plc","Opoczno","Poland","51.3833","20.2833","Pharmacy","Institution","Sucprine Specbalamin","Antiseptics","6","182","1092","January","2018","Steve Pepple","Tracy Banks","Bravo"
"Gottlieb-Cruickshank ","Streich PLC Pharmaceutical Limited","Przemy?l","Poland","49.785","22.7673","Pharmacy","Institution","Clinolan Pitoletra","Mood Stabilizers","10","130","1300","January","2018","Thompson Crawford","James Goodwill","Alfa"
"Gottlieb-Cruickshank ","Upton, Abernathy and Goodwin Pharmaceutical Ltd","Jaros?aw","Poland","50.0162","22.6778","Hospital","Government","Symbiroban","Antibiotics","10","122","1220","January","2018","Jimmy Grey","Alisha Cordwell","Charlie"
"Gottlieb-Cruickshank ","Greenholt, Donnelly and O'Reilly Pharmaceutical Limited","Rumia","Poland","54.5667","18.4","Pharmacy","Retail","Insozyme","Antiseptics","8","655","5240","January","2018","Jessica Smith","Britanny Bold","Delta"
"Gottlieb-Cruickshank ","Kilback, Beer and Batz Pharma Plc","Kutno","Poland","52.2333","19.3667","Pharmacy","Retail","Ganineva Agenium","Antiseptics","5","390","1950","January","2018","Jessica Smith","Britanny Bold","Delta"
"Gottlieb-Cruickshank ","Spinka, Schowalter and Conn Pharmaceutical Limited","Bi?goraj","Poland","50.55","22.7333","Pharmacy","Institution","Propralamide Dexlanzolam","Mood Stabilizers","8","391","3128","January","2018","Steve Pepple","Tracy Banks","Bravo"
"Gottlieb-Cruickshank ","Kunze PLC Pharm","Dar?owo","Poland","54.4167","16.4167","Hospital","Private","Kinenadryl","Antipiretics","6","782","4692","January","2018","Daniel Gates","Alisha Cordwell","Charlie"
"Gottlieb-Cruickshank ","Lesch PLC Pharmacy","Wroc?aw","Poland","51.1077","17.0353","Hospital","Private","Lansopril Acribax","Antipiretics","6","492","2952","January","2018","Stella Given","Alisha Cordwell","Charlie"
"Gottlieb-Cruickshank ","Hermiston LLC ","Strzegom","Poland","51","16.3333","Pharmacy","Institution","Solasteride","Mood Stabilizers","3","520","1560","January","2018","Abigail Thompson","Tracy Banks","Bravo"
"Gottlieb-Cruickshank ","Kozey Ltd Pharmaceutical Ltd","Bielsk Podlaski","Poland","52.7667","23.2","Hospital","Government","Malavirine Alimdine","Mood Stabilizers","6","767","4602","January","2018","Anne Wu","Britanny Bold","Delta"
"Gottlieb-Cruickshank ","Bayer LLC Pharmaceutical Ltd","Byt?w","Poland","54.1667","17.5","Hospital","Private","Adtiza Gammaluble","Antibiotics","6","452","2712","January","2018","Daniel Gates","Alisha Cordwell","Charlie"
"Gottlieb-Cruickshank ","Buckridge, Hand and Hyatt Pharma Plc","Zgorzelec","Poland","51.1528","15","Pharmacy","Institution","Abobozolid","Antimalarial","12","75","900","January","2018","Sheila Stones","Britanny Bold","Delta"
"Gottlieb-Cruickshank ","Mann-Waelchi Pharm","Piotrk?w Trybunalski","Poland","51.4","19.6833","Hospital","Private","Diazemid Felcept","Analgesics","5","613","3065","January","2018","Steve Pepple","Tracy Banks","Bravo"
"Gottlieb-Cruickshank ","Hansen Group Pharm","Gryf?w ?l?ski","Poland","51.0308","15.4202","Hospital","Private","Xenaderal","Mood Stabilizers","20","311","6220","January","2018","Erica Jones","James Goodwill","Alfa"
"Gottlieb-Cruickshank ","Boyer and Sons Pharmaceutical Limited","Wa?cz","Poland","53.2667","16.4667","Hospital","Government","Algluconium Dorzofoxin","Antibiotics","5","611","3055","January","2018","Abigail Thompson","Tracy Banks","Bravo"
"Gottlieb-Cruickshank ","Schowalter, Runolfsson and VonRueden Pharmaceutical Ltd","Grudzi?dz","Poland","53.4925","18.7761","Pharmacy","Retail","Nevanide Actozide","Antibiotics","13","773","10049","January","2018","Steve Pepple","Tracy Banks","Bravo"
"Gottlieb-Cruickshank ","Rosenbaum, Klein and Herzog ","Zb?szy?","Poland","52.2531","15.9178","Hospital","Private","Morphizolid Tianalin","Mood Stabilizers","20","742","14840","January","2018","Steve Pepple","Tracy Banks","Bravo"
"Gottlieb-Cruickshank ","Haley PLC Pharmaceutical Limited","Opole","Poland","50.6722","17.9253","Pharmacy","Retail","Dorzovorin Pentadarone","Antimalarial","7","164","1148","January","2018","Morris Garcia","Tracy Banks","Bravo"
"Gottlieb-Cruickshank ","Buckridge, Hand and Hyatt Pharma Plc","Zgorzelec","Poland","51.1528","15","Pharmacy","Institution","Neuropogen Empibax","Analgesics","5","605","3025","January","2018","Jimmy Grey","Alisha Cordwell","Charlie"
"Gottlieb-Cruickshank ","Zieme, Doyle and Kunze ","Lublin","Poland","51.2333","22.5667","Hospital","Private","Enzastryl","Antiseptics","30","26","780","January","2018","Erica Jones","James Goodwill","Alfa"
"Gottlieb-Cruickshank ","Rowe PLC Pharmaceutical Ltd","K?ty","Poland","49.8821","19.2233","Pharmacy","Institution","Sumanazole","Analgesics","56","529","29624","January","2018","Sheila Stones","Britanny Bold","Delta"
"Gottlieb-Cruickshank ","Beier PLC Pharmacy","W?oc?awek","Poland","52.65","19.05","Hospital","Private","Ranediol","Antibiotics","1","401","401","January","2018","Stella Given","Alisha Cordwell","Charlie"
"Gottlieb-Cruickshank ","Leuschke, Waters and Schowalter Pharmaceutical Ltd","Krapkowice","Poland","50.4751","17.9654","Pharmacy","Institution","Saprodeine Zanprosyn","Antibiotics","2","215","430","January","2018","Morris Garcia","Tracy Banks","Bravo"
"Gottlieb-Cruickshank ","Paucek, Keeling and Bruen Pharm","??czna","Poland","51.3","22.8833","Pharmacy","Institution","Paronium Atracustone","Analgesics","5","414","2070","January","2018","Stella Given","Alisha Cordwell","Charlie"
"Gottlieb-Cruickshank ","Schaefer-Rolfson ","Niepo?omice","Poland","50.0339","20.2172","Hospital","Private","Clindaracil","Analgesics","1","173","173","January","2018","Alan Ray","James Goodwill","Alfa"
"Gottlieb-Cruickshank ","West Group Pharmacy","Kluczbork","Poland","50.9833","18.2167","Hospital","Government","Morphizolid Tianalin","Mood Stabilizers","30","742","22260","January","2018","Thompson Crawford","James Goodwill","Alfa"
"Gottlieb-Cruickshank ","Kozey-Schroeder ","Jawor","Poland","51.05","16.1833","Hospital","Private","Diaxolol","Antiseptics","1","765","765","January","2018","Mary Gerrard","Britanny Bold","Delta"
"Gottlieb-Cruickshank ","Koch, Borer and Hagenes ","Ko?cian","Poland","52.0833","16.65","Hospital","Private","Argalazine Abostryl","Antipiretics","4","628","2512","January","2018","Morris Garcia","Tracy Banks","Bravo"
"Gottlieb-Cruickshank ","Wunsch, Mills and Walter ","Kielce","Poland","50.8725","20.6319","Pharmacy","Institution","Ampinonide","Antimalarial","4","248","992","January","2018","Anne Wu","Britanny Bold","Delta"
"Gottlieb-Cruickshank ","Crist Inc ","Stary S?cz","Poland","49.5625","20.6364","Hospital","Private","Magneprex","Antimalarial","10","187","1870","January","2018","Jessica Smith","Britanny Bold","Delta"
"Gottlieb-Cruickshank ","Schinner, Gaylord and Treutel Pharmaceutical Ltd","D?browa G?rnicza","Poland","50.3239","19.1947","Hospital","Government","Amavirase","Antipiretics","6","487","2922","January","2018","Anne Wu","Britanny Bold","Delta"
"Gottlieb-Cruickshank ","Balistreri-Watsica Pharmacy","E?k","Poland","53.8167","22.35","Pharmacy","Retail","Argalazine Abostryl","Antipiretics","4","628","2512","January","2018","Stella Given","Alisha Cordwell","Charlie"
"Gottlieb-Cruickshank ","Lesch PLC Pharmacy","Wroc?aw","Poland","51.1077","17.0353","Hospital","Private","Kinerinex","Antiseptics","15","647","9705","January","2018","Thompson Crawford","James Goodwill","Alfa"
"Gottlieb-Cruickshank ","Sanford, Franecki and Greenholt ","Nowa S?l","Poland","51.8","15.7167","Pharmacy","Institution","Abranatal Lysoprosate","Antiseptics","3","681","2043","January","2018","Thompson Crawford","James Goodwill","Alfa"
"Gottlieb-Cruickshank ","Steuber Ltd Pharmacy","Ostro??ka","Poland","53.0833","21.5667","Hospital","Private","Atrabicin Alkerotec","Antiseptics","20","249","4980","January","2018","Abigail Thompson","Tracy Banks","Bravo"
"Gottlieb-Cruickshank ","Hill Ltd ","Gliwice","Poland","50.2976","18.6766","Pharmacy","Retail","Adriafinil Ehtymara","Antiseptics","10","535","5350","January","2018","Erica Jones","James Goodwill","Alfa"
"Gottlieb-Cruickshank ","Hermiston LLC ","Strzegom","Poland","51","16.3333","Pharmacy","Institution","Kinerinex","Antiseptics","30","647","19410","January","2018","Alan Ray","James Goodwill","Alfa"
"Gottlieb-Cruickshank ","Prohaska-Kuhic Pharmacy","Wis?a","Poland","49.6667","18.8667","Pharmacy","Institution","Zarostral","Antipiretics","4","141","564","January","2018","Thompson Crawford","James Goodwill","Alfa"
"Gottlieb-Cruickshank ","Veum-Kerluke Pharmacy","Cz?uch?w","Poland","53.65","17.3667","Pharmacy","Retail","Malaxolol Aeroprosyn","Antiseptics","10","502","5020","January","2018","Morris Garcia","Tracy Banks","Bravo"
"Gottlieb-Cruickshank ","Feest-Kshlerin Pharmaceutical Ltd","?widnik","Poland","51.2333","22.7","Pharmacy","Institution","Malavirine Alimdine","Mood Stabilizers","4","767","3068","January","2018","Daniel Gates","Alisha Cordwell","Charlie"
"Gottlieb-Cruickshank ","Medhurst-Beer Pharmaceutical Limited","Rybnik","Poland","50.0833","18.5","Pharmacy","Institution","Antaparin Varizyme","Mood Stabilizers","5","513","2565","January","2018","Alan Ray","James Goodwill","Alfa"
"Gottlieb-Cruickshank ","Hermiston and Sons Pharma Plc","Bochnia","Poland","49.9833","20.4333","Pharmacy","Institution","Adtiza Gammaluble","Antibiotics","3","452","1356","January","2018","Anne Wu","Britanny Bold","Delta"
"Gottlieb-Cruickshank ","Nader-Gaylord Pharmaceutical Ltd","??d?","Poland","51.7769","19.4547","Pharmacy","Retail","Adriacaine","Mood Stabilizers","4","361","1444","January","2018","Abigail Thompson","Tracy Banks","Bravo"
"Gottlieb-Cruickshank ","Schinner, Gaylord and Treutel Pharmaceutical Ltd","D?browa G?rnicza","Poland","50.3239","19.1947","Hospital","Government","Travosoline Capolac","Antipiretics","24","610","14640","January","2018","Thompson Crawford","James Goodwill","Alfa"
"Gottlieb-Cruickshank ","Hermiston and Sons Pharma Plc","Bochnia","Poland","49.9833","20.4333","Pharmacy","Institution","Lacoplex Hyaluvance","Mood Stabilizers","4","334","1336","January","2018","Steve Pepple","Tracy Banks","Bravo"
"Gottlieb-Cruickshank ","Zieme, Doyle and Kunze ","Lublin","Poland","51.2333","22.5667","Hospital","Private","Xenaderal","Mood Stabilizers","3","311","933","January","2018","Daniel Gates","Alisha Cordwell","Charlie"
"Gottlieb-Cruickshank ","Boyer and Sons Pharmaceutical Limited","Wa?cz","Poland","53.2667","16.4667","Hospital","Government","Ionclotide","Analgesics","6","631","3786","January","2018","Erica Jones","James Goodwill","Alfa"
"Gottlieb-Cruickshank ","Romaguera, Moen and Hagenes Pharmaceutical Limited","Sopot","Poland","54.4419","18.5478","Hospital","Private","Diazemid Felcept","Analgesics","6","613","3678","January","2018","Jimmy Grey","Alisha Cordwell","Charlie"
"Gottlieb-Cruickshank ","Monahan Ltd ","O?wi?cim","Poland","50.0333","19.2333","Hospital","Government","Trazozaprine","Mood Stabilizers","10","708","7080","January","2018","Morris Garcia","Tracy Banks","Bravo"
"Gottlieb-Cruickshank ","Schmitt LLC Pharm","Nysa","Poland","50.4738","17.3344","Pharmacy","Retail","Finanel","Antimalarial","6","206","1236","January","2018","Alan Ray","James Goodwill","Alfa"
"Gottlieb-Cruickshank ","Prohaska-Kuhic Pharmacy","Wis?a","Poland","49.6667","18.8667","Pharmacy","Institution","Bexridol","Antipiretics","3","80","240","January","2018","Stella Given","Alisha Cordwell","Charlie"
"Gottlieb-Cruickshank ","Steuber, Skiles and Kilback Pharma Plc","Sosnowiec","Poland","50.3","19.1667","Pharmacy","Retail","Morphizolid Tianalin","Mood Stabilizers","4","742","2968","January","2018","Jimmy Grey","Alisha Cordwell","Charlie"
"Gottlieb-Cruickshank ","Funk PLC Pharmaceutical Limited","Miko??w","Poland","50.171","18.9041","Hospital","Government","Proderal","Antiseptics","10","34","340","January","2018","Thompson Crawford","James Goodwill","Alfa"
"Gottlieb-Cruickshank ","Keeling LLC Pharmacy","Olsztyn","Poland","53.78","20.4942","Pharmacy","Retail","Factofribrate","Mood Stabilizers","10","99","990","January","2018","Anne Wu","Britanny Bold","Delta"
"Gottlieb-Cruickshank ","Spencer-Jerde Pharmacy","Przeworsk","Poland","50.0591","22.4941","Pharmacy","Institution","Imiformin Transmunex","Antibiotics","5","400","2000","January","2018","Abigail Thompson","Tracy Banks","Bravo"
"Gottlieb-Cruickshank ","Moore PLC Pharmaceutical Ltd","?om?a","Poland","53.1833","22.0833","Pharmacy","Retail","Hepavice","Mood Stabilizers","6","140","840","January","2018","Jimmy Grey","Alisha Cordwell","Charlie"
"Gottlieb-Cruickshank ","Torp-Fisher Pharma Plc","Gorlice","Poland","49.6556","21.1604","Hospital","Government","Thionide","Analgesics","5","113","565","January","2018","Steve Pepple","Tracy Banks","Bravo"
"Gottlieb-Cruickshank ","Botsford and Sons Pharmaceutical Ltd","Ko?obrzeg","Poland","54.1667","15.5667","Pharmacy","Institution","Requimadin","Antimalarial","11","408","4488","January","2018","Morris Garcia","Tracy Banks","Bravo"
"Gottlieb-Cruickshank ","Hermiston LLC ","Strzegom","Poland","51","16.3333","Pharmacy","Institution","Amcibax Amcikeran","Analgesics","5","319","1595","January","2018","Jessica Smith","Britanny Bold","Delta"
"Gottlieb-Cruickshank ","Funk PLC Pharmaceutical Limited","Miko??w","Poland","50.171","18.9041","Hospital","Government","Antaparin Varizyme","Mood Stabilizers","10","513","5130","January","2018","Steve Pepple","Tracy Banks","Bravo"
"Gottlieb-Cruickshank ","Purdy Ltd Pharmaceutical Limited","G?ucho?azy","Poland","50.3131","17.3742","Hospital","Government","Factolamide","Antiseptics","6","345","2070","January","2018","Morris Garcia","Tracy Banks","Bravo"
"Gottlieb-Cruickshank ","Heathcote, Grant and Witting Pharm","Bielsko-Bia?a","Poland","49.8225","19.0444","Pharmacy","Institution","Duraprazole Agalsixolol","Antiseptics","6","375","2250","January","2018","Steve Pepple","Tracy Banks","Bravo"
"Gottlieb-Cruickshank ","Miller-Satterfield Pharma Plc","Nidzica","Poland","53.3583","20.425","Hospital","Private","Thionide","Analgesics","6","113","678","January","2018","Sheila Stones","Britanny Bold","Delta"
"Gottlieb-Cruickshank ","Schowalter, Runolfsson and VonRueden Pharmaceutical Ltd","Grudzi?dz","Poland","53.4925","18.7761","Pharmacy","Retail","Adriacaine","Mood Stabilizers","2","361","722","January","2018","Morris Garcia","Tracy Banks","Bravo"
"Gottlieb-Cruickshank ","Miller-Satterfield Pharma Plc","Nidzica","Poland","53.3583","20.425","Hospital","Private","Effidomide Evofribrate","Antiseptics","3","612","1836","January","2018","Daniel Gates","Alisha Cordwell","Charlie"
"Gottlieb-Cruickshank ","Crona Group Pharma Plc","Kwidzyn","Poland","53.7358","18.9308","Pharmacy","Institution","Decidenu Galantrigine","Antipiretics","3","590","1770","January","2018","Thompson Crawford","James Goodwill","Alfa"
"Gottlieb-Cruickshank ","Mills Inc Pharma Plc","Bydgoszcz","Poland","53.1167","18","Hospital","Private","Ranediol","Antibiotics","1","401","401","January","2018","Stella Given","Alisha Cordwell","Charlie"
"Gottlieb-Cruickshank ","Leuschke, Waters and Schowalter Pharmaceutical Ltd","Krapkowice","Poland","50.4751","17.9654","Pharmacy","Institution","Alpradipine","Analgesics","5","445","2225","January","2018","Abigail Thompson","Tracy Banks","Bravo"
"Gottlieb-Cruickshank ","Herman-Koss Pharm","Lubsko","Poland","51.7877","14.9724","Hospital","Private","Ranediol","Antibiotics","20","401","8020","January","2018","Stella Given","Alisha Cordwell","Charlie"
"Gottlieb-Cruickshank ","Steuber, Skiles and Kilback Pharma Plc","Sosnowiec","Poland","50.3","19.1667","Pharmacy","Retail","Insozyme","Antiseptics","10","655","6550","January","2018","Abigail Thompson","Tracy Banks","Bravo"
"Gottlieb-Cruickshank ","Kling Inc Pharmaceutical Ltd","Ostrowiec ?wi?tokrzyski","Poland","50.9333","21.4","Pharmacy","Institution","Alglutriptan","Analgesics","6","301","1806","January","2018","Anne Wu","Britanny Bold","Delta"
"Gottlieb-Cruickshank ","Feest PLC ","?wiecie","Poland","53.4167","18.4333","Pharmacy","Retail","Stelazolid","Antimalarial","4","73","292","January","2018","Daniel Gates","Alisha Cordwell","Charlie"
"Gottlieb-Cruickshank ","Bernier, Murphy and Rau Pharmaceutical Ltd","Ruda ?l?ska","Poland","50.2628","18.8536","Pharmacy","Institution","Ceretosine","Antiseptics","10","343","3430","January","2018","Anne Wu","Britanny Bold","Delta"
"Gottlieb-Cruickshank ","Gleichner, Bahringer and Morar Pharma Plc","Gostynin","Poland","52.4167","19.4667","Hospital","Private","Alisteride Pemidizem","Antiseptics","10","35","350","January","2018","Erica Jones","James Goodwill","Alfa"
"Gottlieb-Cruickshank ","Herman-Koss Pharm","Lubsko","Poland","51.7877","14.9724","Hospital","Private","Antilamin Clinbital","Antibiotics","6","664","3984","January","2018","Anne Wu","Britanny Bold","Delta"
"Gottlieb-Cruickshank ","Romaguera, Moen and Hagenes Pharmaceutical Limited","Sopot","Poland","54.4419","18.5478","Hospital","Private","Tacrodomide","Antipiretics","2","420","840","January","2018","Sheila Stones","Britanny Bold","Delta"
"Gottlieb-Cruickshank ","Upton, Abernathy and Goodwin Pharmaceutical Ltd","Jaros?aw","Poland","50.0162","22.6778","Hospital","Government","Interzide","Antimalarial","1","420","420","January","2018","Stella Given","Alisha Cordwell","Charlie"
"Gottlieb-Cruickshank ","Block-Romaguera Pharmaceutical Limited","Tarnowskie G?ry","Poland","50.45","18.8667","Hospital","Private","Adalatamine","Antiseptics","5","794","3970","January","2018","Abigail Thompson","Tracy Banks","Bravo"
"Gottlieb-Cruickshank ","Erdman PLC Pharmacy","Ozimek","Poland","50.6731","18.2131","Pharmacy","Institution","Algluconium Dorzofoxin","Antibiotics","4","611","2444","January","2018","Sheila Stones","Britanny Bold","Delta"
"Gottlieb-Cruickshank ","Yundt-Crona Pharmaceutical Ltd","Siemiatycze","Poland","52.4272","22.8625","Hospital","Private","Ceretosine","Antiseptics","2","343","686","January","2018","Mary Gerrard","Britanny Bold","Delta"
"Gottlieb-Cruickshank ","Miller-Satterfield Pharma Plc","Nidzica","Poland","53.3583","20.425","Hospital","Private","Panpion","Antiseptics","2","692","1384","January","2018","Daniel Gates","Alisha Cordwell","Charlie"
"Gottlieb-Cruickshank ","Mante-Grady Pharm","Lubacz?w","Poland","50.1556","23.123","Pharmacy","Institution","Theopril","Antipiretics","6","768","4608","January","2018","Thompson Crawford","James Goodwill","Alfa"
"Gottlieb-Cruickshank ","Hill Ltd ","Gliwice","Poland","50.2976","18.6766","Pharmacy","Retail","Rebedase Aplencor","Mood Stabilizers","100","180","18000","January","2018","Sheila Stones","Britanny Bold","Delta"
"Gottlieb-Cruickshank ","Leannon-West Pharmacy","Cieszyn","Poland","49.75","18.6333","Pharmacy","Retail","Menogine","Antiseptics","10","742","7420","January","2018","Jessica Smith","Britanny Bold","Delta"
"Gottlieb-Cruickshank ","Okuneva-Corkery ","Kostrzyn nad Odr?","Poland","52.5883","14.6667","Hospital","Government","Atrabicin Alkerotec","Antiseptics","1","249","249","January","2018","Jimmy Grey","Alisha Cordwell","Charlie"
"Gottlieb-Cruickshank ","Ondricka Ltd Pharmacy","?winouj?cie","Poland","53.9167","14.25","Hospital","Government","Relenstrel Exurabine","Antibiotics","250","424","106000","January","2018","Morris Garcia","Tracy Banks","Bravo"
"Gottlieb-Cruickshank ","Boyer and Sons Pharmaceutical Limited","Wa?cz","Poland","53.2667","16.4667","Hospital","Government","Ganineva Agenium","Antiseptics","10","390","3900","January","2018","Alan Ray","James Goodwill","Alfa"
"Gottlieb-Cruickshank ","Gottlieb-Cruickshank Pharma Plc","Brzeszcze","Poland","50","19.15","Hospital","Private","Lacoplex Hyaluvance","Mood Stabilizers","5","334","1670","January","2018","Steve Pepple","Tracy Banks","Bravo"
"Gottlieb-Cruickshank ","Hansen, Fadel and Schroeder Pharm","Gniezno","Poland","52.5333","17.6","Pharmacy","Retail","Interfeferon Aspipex","Antiseptics","5","416","2080","January","2018","Jessica Smith","Britanny Bold","Delta"
"Gottlieb-Cruickshank ","Parisian, Hagenes and Skiles Pharma Plc","Ciechocinek","Poland","52.8833","18.7833","Pharmacy","Retail","Zarostral","Antipiretics","100","141","14100","January","2018","Thompson Crawford","James Goodwill","Alfa"
"Gottlieb-Cruickshank ","Bashirian-Kassulke Pharma Plc","Krak?w","Poland","50.0614","19.9372","Hospital","Private","Trazobalamin","Mood Stabilizers","2","762","1524","January","2018","Jimmy Grey","Alisha Cordwell","Charlie"
"Gottlieb-Cruickshank ","Beahan, Littel and Ondricka Pharmacy","??czyca","Poland","52.0583","19.2","Pharmacy","Institution","Kiovax Tercorolac","Analgesics","17","722","12274","January","2018","Steve Pepple","Tracy Banks","Bravo"
"Gottlieb-Cruickshank ","Prohaska-Kuhic Pharmacy","Wis?a","Poland","49.6667","18.8667","Pharmacy","Institution","Effigine Propraprex","Antimalarial","2","377","754","January","2018","Jessica Smith","Britanny Bold","Delta"
"Gottlieb-Cruickshank ","Romaguera, Moen and Hagenes Pharmaceutical Limited","Sopot","Poland","54.4419","18.5478","Hospital","Private","Methiclotide","Antibiotics","1","458","458","January","2018","Abigail Thompson","Tracy Banks","Bravo"
"Gottlieb-Cruickshank ","Schaefer Group Pharmaceutical Limited","Ustro?","Poland","49.7167","18.8167","Hospital","Government","Tacrodomide","Antipiretics","1","420","420","January","2018","Jimmy Grey","Alisha Cordwell","Charlie"
"Gottlieb-Cruickshank ","Parisian, Hagenes and Skiles Pharma Plc","Ciechocinek","Poland","52.8833","18.7833","Pharmacy","Retail","Travoloride","Antiseptics","6","785","4710","January","2018","Mary Gerrard","Britanny Bold","Delta"
"Gottlieb-Cruickshank ","Senger-Kirlin Pharmacy","Koby?ka","Poland","52.3395","21.1959","Hospital","Government","Eproline","Antibiotics","3","780","2340","January","2018","Abigail Thompson","Tracy Banks","Bravo"
"Gottlieb-Cruickshank ","Will and Sons Pharma Plc","Gniew","Poland","53.8333","18.8333","Pharmacy","Retail","Ceretosine","Antiseptics","10","343","3430","January","2018","Jessica Smith","Britanny Bold","Delta"
"Gottlieb-Cruickshank ","Kilback, Beer and Batz Pharma Plc","Kutno","Poland","52.2333","19.3667","Pharmacy","Retail","Primatate Univatol","Mood Stabilizers","3","172","516","January","2018","Alan Ray","James Goodwill","Alfa"
"Gottlieb-Cruickshank ","Leffler-Russel Pharm","Konstancin-Jeziorna","Poland","52.0938","21.1176","Hospital","Private","Tetratanyl","Antimalarial","2","511","1022","January","2018","Steve Pepple","Tracy Banks","Bravo"
"Gottlieb-Cruickshank ","Schaefer Group Pharmaceutical Limited","Ustro?","Poland","49.7167","18.8167","Hospital","Government","Fentatrol Rapatelase","Antibiotics","20","458","9160","January","2018","Mary Gerrard","Britanny Bold","Delta"
"Gottlieb-Cruickshank ","Welch-Orn ","Che?mno","Poland","53.3492","18.4261","Hospital","Private","Metapatch","Antipiretics","5","438","2190","January","2018","Mary Gerrard","Britanny Bold","Delta"
"Gottlieb-Cruickshank ","Nader-Gaylord Pharmaceutical Limited","Sob?tka","Poland","50.8986","16.7444","Hospital","Private","Adrecetam Barazoxane","Antimalarial","10","24","240","January","2018","Thompson Crawford","James Goodwill","Alfa"
"Gottlieb-Cruickshank ","Heller-Abernathy ","Brzeg Dolny","Poland","51.273","16.7081","Hospital","Private","Stelazolid","Antimalarial","2","73","146","January","2018","Jessica Smith","Britanny Bold","Delta"
"Gottlieb-Cruickshank ","Upton, Abernathy and Goodwin Pharmaceutical Ltd","Jaros?aw","Poland","50.0162","22.6778","Hospital","Government","Symbisine Prednimadin","Mood Stabilizers","4","304","1216","January","2018","Steve Pepple","Tracy Banks","Bravo"
"Gottlieb-Cruickshank ","Rosenbaum, Klein and Herzog ","Zb?szy?","Poland","52.2531","15.9178","Hospital","Private","Epzipitant","Analgesics","4","778","3112","January","2018","Erica Jones","James Goodwill","Alfa"
"Gottlieb-Cruickshank ","Rutherford and Sons ","Gdynia","Poland","54.5189","18.5319","Pharmacy","Retail","Penitrana","Analgesics","1","179","179","January","2018","Jessica Smith","Britanny Bold","Delta"
"Gottlieb-Cruickshank ","Beier PLC Pharmacy","W?oc?awek","Poland","52.65","19.05","Hospital","Private","Symbitrim","Analgesics","1","536","536","January","2018","Thompson Crawford","James Goodwill","Alfa"
"Gottlieb-Cruickshank ","Trantow LLC Pharma Plc","Braniewo","Poland","54.3833","19.8333","Pharmacy","Retail","Epzipitant","Analgesics","5","778","3890","January","2018","Alan Ray","James Goodwill","Alfa"
"Gottlieb-Cruickshank ","Lockman Ltd ","Po?aniec","Poland","50.4333","21.2833","Pharmacy","Institution","Algluconium Dorzofoxin","Antibiotics","10","611","6110","January","2018","Anne Wu","Britanny Bold","Delta"
"Gottlieb-Cruickshank ","Hermiston and Sons Pharma Plc","Bochnia","Poland","49.9833","20.4333","Pharmacy","Institution","Argalazine Abostryl","Antipiretics","1","628","628","January","2018","Mary Gerrard","Britanny Bold","Delta"
"Gottlieb-Cruickshank ","Rosenbaum, Klein and Herzog ","Zb?szy?","Poland","52.2531","15.9178","Hospital","Private","Tiaracil","Antipiretics","4","162","648","January","2018","Erica Jones","James Goodwill","Alfa"
"Gottlieb-Cruickshank ","Boyer and Sons Pharmaceutical Limited","Wa?cz","Poland","53.2667","16.4667","Hospital","Government","Ceftatana Serolamide","Antipiretics","6","595","3570","January","2018","Sheila Stones","Britanny Bold","Delta"
"Gottlieb-Cruickshank ","Rogahn-Klein Pharmacy","Koronowo","Poland","53.3137","17.937","Hospital","Private","Diprolimus","Antiseptics","10","634","6340","January","2018","Abigail Thompson","Tracy Banks","Bravo"
"Gottlieb-Cruickshank ","Crist, Wisoky and Nolan Pharmaceutical Ltd","Toru?","Poland","53.0167","18.6167","Pharmacy","Retail","Aclonuma","Antimalarial","12","474","5688","January","2018","Stella Given","Alisha Cordwell","Charlie"
"Gottlieb-Cruickshank ","Kshlerin, Ryan and Leuschke Pharma Plc","Zielona G?ra","Poland","51.9397","15.505","Hospital","Government","Claricriptine Adaferol","Antibiotics","20","33","660","January","2018","Morris Garcia","Tracy Banks","Bravo"
"Gottlieb-Cruickshank ","Boyer and Sons Pharmaceutical Limited","Wa?cz","Poland","53.2667","16.4667","Hospital","Government","Fosinofen","Antipiretics","6","385","2310","January","2018","Anne Wu","Britanny Bold","Delta"
"Gottlieb-Cruickshank ","Senger-Kirlin Pharmacy","Koby?ka","Poland","52.3395","21.1959","Hospital","Government","Dantolac Pazocor","Analgesics","2","578","1156","January","2018","Jimmy Grey","Alisha Cordwell","Charlie"
"Gottlieb-Cruickshank ","Herman-Koss Pharm","Lubsko","Poland","51.7877","14.9724","Hospital","Private","Topifribrate","Analgesics","2","621","1242","January","2018","Steve Pepple","Tracy Banks","Bravo"
"Gottlieb-Cruickshank ","Boyer and Sons Pharmaceutical Limited","Wa?cz","Poland","53.2667","16.4667","Hospital","Government","Halciramine","Antimalarial","4","409","1636","January","2018","Anne Wu","Britanny Bold","Delta"
"Gottlieb-Cruickshank ","Wintheiser, Breitenberg and Gottlieb Pharmaceutical Limited","Milan?wek","Poland","52.1243","20.6654","Pharmacy","Retail","Pulmofine","Antibiotics","24","688","16512","January","2018","Jessica Smith","Britanny Bold","Delta"
"Gottlieb-Cruickshank ","Cormier, Dietrich and Zulauf Pharma Plc","Pu?awy","Poland","51.4166","21.9694","Hospital","Government","Amamadin","Antimalarial","2","713","1426","January","2018","Abigail Thompson","Tracy Banks","Bravo"
"Gottlieb-Cruickshank ","Crona PLC Pharma Plc","Bia?ogard","Poland","54.007","15.9875","Hospital","Private","Afretosine","Mood Stabilizers","4","404","1616","January","2018","Alan Ray","James Goodwill","Alfa"
"Gottlieb-Cruickshank ","Rowe PLC Pharmaceutical Ltd","K?ty","Poland","49.8821","19.2233","Pharmacy","Institution","Imiformin Transmunex","Antibiotics","1","400","400","January","2018","Abigail Thompson","Tracy Banks","Bravo"
"Gottlieb-Cruickshank ","Rowe PLC Pharmaceutical Ltd","K?ty","Poland","49.8821","19.2233","Pharmacy","Institution","Lactubucil","Antipiretics","2","585","1170","January","2018","Steve Pepple","Tracy Banks","Bravo"
"Gottlieb-Cruickshank ","Hill Ltd ","Gliwice","Poland","50.2976","18.6766","Pharmacy","Retail","Acantaine","Antibiotics","5","66","330","January","2018","Jessica Smith","Britanny Bold","Delta"
"Gottlieb-Cruickshank ","Kreiger Inc Pharma Plc","Mielec","Poland","50.2833","21.4333","Hospital","Private","Menogine","Antiseptics","10","742","7420","January","2018","Jimmy Grey","Alisha Cordwell","Charlie"
"Gottlieb-Cruickshank ","Buckridge, Hand and Hyatt Pharma Plc","Zgorzelec","Poland","51.1528","15","Pharmacy","Institution","Aprerase","Antipiretics","20","726","14520","January","2018","Sheila Stones","Britanny Bold","Delta"
"Gottlieb-Cruickshank ","McCullough LLC Pharma Plc","Cz?stochowa","Poland","50.8","19.1167","Pharmacy","Retail","Acubulin","Antipiretics","5","490","2450","January","2018","Daniel Gates","Alisha Cordwell","Charlie"
"Gottlieb-Cruickshank ","Nitzsche, Effertz and Maggio Pharmacy","Malbork","Poland","54.0285","19.0444","Hospital","Private","Doxivorin","Antimalarial","15","516","7740","January","2018","Thompson Crawford","James Goodwill","Alfa"
"Gottlieb-Cruickshank ","Kreiger Inc Pharma Plc","Mielec","Poland","50.2833","21.4333","Hospital","Private","Zarostral","Antipiretics","4","141","564","January","2018","Anne Wu","Britanny Bold","Delta"
"Gottlieb-Cruickshank ","Crist Inc ","Stary S?cz","Poland","49.5625","20.6364","Hospital","Private","Pentastrin","Antibiotics","6","497","2982","January","2018","Abigail Thompson","Tracy Banks","Bravo"
"Gottlieb-Cruickshank ","McClure, Zemlak and Dibbert Pharma Plc","Gda?sk","Poland","54.3667","18.6333","Pharmacy","Retail","Ribabyclor","Antiseptics","13","469","6097","January","2018","Alan Ray","James Goodwill","Alfa"
"Gottlieb-Cruickshank ","Lebsack, Yost and Heller Pharmaceutical Limited","Wieliczka","Poland","49.9894","20.0661","Pharmacy","Institution","Aggretisol","Antimalarial","3","262","786","January","2018","Stella Given","Alisha Cordwell","Charlie"
"Gottlieb-Cruickshank ","Herman, Rice and Rippin ","Zi?bice","Poland","50.6","17.0444","Hospital","Government","Proprabax","Analgesics","30","64","1920","January","2018","Daniel Gates","Alisha Cordwell","Charlie"
"Gottlieb-Cruickshank ","Streich PLC Pharmaceutical Limited","Przemy?l","Poland","49.785","22.7673","Pharmacy","Institution","Zonitonin","Antiseptics","2","518","1036","January","2018","Jimmy Grey","Alisha Cordwell","Charlie"
"Gottlieb-Cruickshank ","Heathcote, Grant and Witting Pharm","Bielsko-Bia?a","Poland","49.8225","19.0444","Pharmacy","Institution","Doxivorin","Antimalarial","5","516","2580","January","2018","Erica Jones","James Goodwill","Alfa"
"Gottlieb-Cruickshank ","Ondricka Ltd Pharmacy","?winouj?cie","Poland","53.9167","14.25","Hospital","Government","Metapatch","Antipiretics","5","438","2190","January","2018","Abigail Thompson","Tracy Banks","Bravo"
"Gottlieb-Cruickshank ","Harris, Daugherty and Okuneva Pharma Plc","Krotoszyn","Poland","51.697","17.4357","Pharmacy","Retail","Palodizem","Mood Stabilizers","2","201","402","January","2018","Daniel Gates","Alisha Cordwell","Charlie"
"Gottlieb-Cruickshank ","Spencer-Jerde Pharmacy","Przeworsk","Poland","50.0591","22.4941","Pharmacy","Institution","Palodizem","Mood Stabilizers","2","201","402","January","2018","Morris Garcia","Tracy Banks","Bravo"
"Gottlieb-Cruickshank ","Zemlak Group Pharmaceutical Limited","Koszalin","Poland","54.1903","16.1817","Hospital","Private","Saprodeine Zanprosyn","Antibiotics","30","215","6450","January","2018","Stella Given","Alisha Cordwell","Charlie"
"Gottlieb-Cruickshank ","Wintheiser, Breitenberg and Gottlieb Pharmaceutical Limited","Milan?wek","Poland","52.1243","20.6654","Pharmacy","Retail","Alimmethate Insudase","Analgesics","2","624","1248","January","2018","Alan Ray","James Goodwill","Alfa"
"Gottlieb-Cruickshank ","Blick, Pacocha and Schowalter ","Inowroc?aw","Poland","52.7958","18.2611","Pharmacy","Retail","Thionide","Analgesics","5","113","565","January","2018","Anne Wu","Britanny Bold","Delta"
"Gottlieb-Cruickshank ","Bogan, Jacobs and Kris Pharmacy","Lubart?w","Poland","51.4667","22.6","Pharmacy","Institution","Cephovelam","Mood Stabilizers","3","542","1626","January","2018","Jessica Smith","Britanny Bold","Delta"
"Gottlieb-Cruickshank ","Crona Group Pharma Plc","Kwidzyn","Poland","53.7358","18.9308","Pharmacy","Institution","Magnemunex","Antiseptics","4","689","2756","January","2018","Erica Jones","James Goodwill","Alfa"
"Gottlieb-Cruickshank ","Kertzmann, Quitzon and Harris Pharma Plc","Reszel","Poland","54.0504","21.1458","Hospital","Government","Aquamycin Lacoran","Analgesics","5","345","1725","January","2018","Abigail Thompson","Tracy Banks","Bravo"
"Gottlieb-Cruickshank ","Purdy Ltd Pharmaceutical Limited","G?ucho?azy","Poland","50.3131","17.3742","Hospital","Government","Asparathasone Unipan","Antibiotics","60","153","9180","January","2018","Morris Garcia","Tracy Banks","Bravo"
"Gottlieb-Cruickshank ","Lebsack, Yost and Heller Pharmaceutical Limited","Wieliczka","Poland","49.9894","20.0661","Pharmacy","Institution","Halcifergen Nevazone","Antimalarial","2","710","1420","January","2018","Anne Wu","Britanny Bold","Delta"
"Gottlieb-Cruickshank ","Cassin PLC Pharmacy","Miastko","Poland","54","16.9833","Hospital","Private","Tetratanyl","Antimalarial","4","511","2044","January","2018","Jessica Smith","Britanny Bold","Delta"
"Gottlieb-Cruickshank ","Rosenbaum, Klein and Herzog ","Zb?szy?","Poland","52.2531","15.9178","Hospital","Private","Zynosine","Antimalarial","3","74","222","January","2018","Mary Gerrard","Britanny Bold","Delta"
"Gottlieb-Cruickshank ","Balistreri-Watsica Pharmacy","E?k","Poland","53.8167","22.35","Pharmacy","Retail","Alpradipine","Analgesics","4","445","1780","January","2018","Stella Given","Alisha Cordwell","Charlie"
"Gottlieb-Cruickshank ","Spencer-Jerde Pharmacy","Przeworsk","Poland","50.0591","22.4941","Pharmacy","Institution","Victomine","Antimalarial","2","705","1410","January","2018","Erica Jones","James Goodwill","Alfa"
"Gottlieb-Cruickshank ","Nitzsche, Effertz and Maggio Pharmacy","Malbork","Poland","54.0285","19.0444","Hospital","Private","Araxetine","Antibiotics","2","450","900","January","2018","Stella Given","Alisha Cordwell","Charlie"
"Gottlieb-Cruickshank ","Koch, Borer and Hagenes ","Ko?cian","Poland","52.0833","16.65","Hospital","Private","Feruprazole","Mood Stabilizers","4","115","460","January","2018","Alan Ray","James Goodwill","Alfa"
"Gottlieb-Cruickshank ","Lesch PLC Pharmaceutical Ltd","G?uszyca","Poland","50.6874","16.3717","Pharmacy","Retail","Quiniprosyn","Antiseptics","3","445","1335","January","2018","Abigail Thompson","Tracy Banks","Bravo"
"Gottlieb-Cruickshank ","Welch-Orn ","Che?mno","Poland","53.3492","18.4261","Hospital","Private","Factofribrate","Mood Stabilizers","30","99","2970","January","2018","Abigail Thompson","Tracy Banks","Bravo"
"Gottlieb-Cruickshank ","Rutherford and Sons ","Gdynia","Poland","54.5189","18.5319","Pharmacy","Retail","Lovapur","Mood Stabilizers","6","551","3306","January","2018","Jimmy Grey","Alisha Cordwell","Charlie"
"Gottlieb-Cruickshank ","Gottlieb-Cruickshank Pharma Plc","Brzeszcze","Poland","50","19.15","Hospital","Private","Atrabicin Alkerotec","Antiseptics","5","249","1245","January","2018","Jimmy Grey","Alisha Cordwell","Charlie"
"Gottlieb-Cruickshank ","Medhurst-Beer Pharmaceutical Limited","Rybnik","Poland","50.0833","18.5","Pharmacy","Institution","Novakyn Tracprox","Antiseptics","5","288","1440","January","2018","Erica Jones","James Goodwill","Alfa"
"Gottlieb-Cruickshank ","Bosco-Marquardt Pharm","L?bork","Poland","54.55","17.75","Hospital","Private","Lacoplex Hyaluvance","Mood Stabilizers","1","334","334","January","2018","Morris Garcia","Tracy Banks","Bravo"
"Gottlieb-Cruickshank ","Hermiston and Sons Pharma Plc","Bochnia","Poland","49.9833","20.4333","Pharmacy","Institution","Aggrakine","Antiseptics","2","47","94","January","2018","Sheila Stones","Britanny Bold","Delta"
"Gottlieb-Cruickshank ","Wunsch, Mills and Walter ","Kielce","Poland","50.8725","20.6319","Pharmacy","Institution","Trazobalamin","Mood Stabilizers","5","762","3810","January","2018","Anne Wu","Britanny Bold","Delta"
"Gottlieb-Cruickshank ","Mante-Grady Pharm","Lubacz?w","Poland","50.1556","23.123","Pharmacy","Institution","Pentastrin","Antibiotics","6","497","2982","January","2018","Stella Given","Alisha Cordwell","Charlie"
"Gottlieb-Cruickshank ","Greenholt, Donnelly and O'Reilly Pharmaceutical Limited","Rumia","Poland","54.5667","18.4","Pharmacy","Retail","Insozyme","Antiseptics","6","655","3930","January","2018","Abigail Thompson","Tracy Banks","Bravo"
"Gottlieb-Cruickshank ","Hahn, Rutherford and Gislason Pharmaceutical Limited","?aziska G?rne","Poland","50.15","18.8333","Hospital","Private","Interzide","Antimalarial","5","420","2100","January","2018","Jessica Smith","Britanny Bold","Delta"
"Gottlieb-Cruickshank ","Kozey Ltd Pharmaceutical Ltd","Bielsk Podlaski","Poland","52.7667","23.2","Hospital","Government","Dorzovorin Pentadarone","Antimalarial","3","164","492","January","2018","Morris Garcia","Tracy Banks","Bravo"
"Gottlieb-Cruickshank ","McClure, Zemlak and Dibbert Pharma Plc","Gda?sk","Poland","54.3667","18.6333","Pharmacy","Retail","Adriafinil Ehtymara","Antiseptics","5","535","2675","January","2018","Stella Given","Alisha Cordwell","Charlie"
"Gottlieb-Cruickshank ","Sanford, Franecki and Greenholt ","Nowa S?l","Poland","51.8","15.7167","Pharmacy","Institution","Afluferon Entrarenone","Antimalarial","1","104","104","January","2018","Stella Given","Alisha Cordwell","Charlie"
"Gottlieb-Cruickshank ","Kilback, Beer and Batz Pharma Plc","Kutno","Poland","52.2333","19.3667","Pharmacy","Retail","Effigine Propraprex","Antimalarial","3","377","1131","January","2018","Steve Pepple","Tracy Banks","Bravo"
"Gottlieb-Cruickshank ","Gerhold, Mills and Effertz Pharm","G?ubczyce","Poland","50.2009","17.8286","Pharmacy","Institution","Megenorphine","Antimalarial","1","402","402","January","2018","Steve Pepple","Tracy Banks","Bravo"
"Gottlieb-Cruickshank ","Heller-Abernathy ","Brzeg Dolny","Poland","51.273","16.7081","Hospital","Private","Acantaine","Antibiotics","2","66","132","January","2018","Jessica Smith","Britanny Bold","Delta"
"Gottlieb-Cruickshank ","Osinski-Collins Pharmaceutical Ltd","Elbl?g","Poland","54.1667","19.4","Pharmacy","Institution","Pulmogen Alitora","Antiseptics","6","647","3882","January","2018","Alan Ray","James Goodwill","Alfa"
"Gottlieb-Cruickshank ","Mraz Group Pharmacy","Piast?w","Poland","52.1833","20.85","Hospital","Private","Allomenda","Antipiretics","2","487","974","January","2018","Anne Wu","Britanny Bold","Delta"
"Gottlieb-Cruickshank ","Wintheiser, Breitenberg and Gottlieb Pharmaceutical Limited","Milan?wek","Poland","52.1243","20.6654","Pharmacy","Retail","Zyvance","Analgesics","2","323","646","January","2018","Erica Jones","James Goodwill","Alfa"
"Gottlieb-Cruickshank ","Welch-Langworth ","Warsaw","Poland","52.2167","21.0333","Pharmacy","Retail","Morphizolid Tianalin","Mood Stabilizers","2","742","1484","January","2018","Daniel Gates","Alisha Cordwell","Charlie"
"Gottlieb-Cruickshank ","Rutherford and Sons ","Gdynia","Poland","54.5189","18.5319","Pharmacy","Retail","Interzide","Antimalarial","30","420","12600","January","2018","Mary Gerrard","Britanny Bold","Delta"
"Gottlieb-Cruickshank ","Hansen Group Pharm","Gryf?w ?l?ski","Poland","51.0308","15.4202","Hospital","Private","Dantolac Pazocor","Analgesics","2","578","1156","January","2018","Jimmy Grey","Alisha Cordwell","Charlie"
"Gottlieb-Cruickshank ","Gerhold, Mills and Effertz Pharm","G?ubczyce","Poland","50.2009","17.8286","Pharmacy","Institution","Angioparin Brimosumab","Mood Stabilizers","2","682","1364","January","2018","Jimmy Grey","Alisha Cordwell","Charlie"
"Gottlieb-Cruickshank ","Lesch PLC Pharmaceutical Ltd","G?uszyca","Poland","50.6874","16.3717","Pharmacy","Retail","Factolamide","Antiseptics","2","345","690","January","2018","Daniel Gates","Alisha Cordwell","Charlie"
"Gottlieb-Cruickshank ","Brakus, Rempel and Harber Pharma Plc","Nowy Targ","Poland","49.4833","20.0333","Pharmacy","Institution","Imiderm Vibranovate","Antipiretics","34","390","13260","January","2018","Mary Gerrard","Britanny Bold","Delta"
"Gottlieb-Cruickshank ","Balistreri-Watsica Pharmacy","E?k","Poland","53.8167","22.35","Pharmacy","Retail","Temasone Thiobucil","Antimalarial","20","482","9640","January","2018","Steve Pepple","Tracy Banks","Bravo"
"Gottlieb-Cruickshank ","Rosenbaum, Klein and Herzog ","Zb?szy?","Poland","52.2531","15.9178","Hospital","Private","Diprolimus","Antiseptics","2","634","1268","January","2018","Anne Wu","Britanny Bold","Delta"
"Gottlieb-Cruickshank ","Okuneva-Corkery ","Kostrzyn nad Odr?","Poland","52.5883","14.6667","Hospital","Government","Aldevac","Analgesics","2","26","52","January","2018","Sheila Stones","Britanny Bold","Delta"
"Gottlieb-Cruickshank ","Kilback, Beer and Batz Pharma Plc","Kutno","Poland","52.2333","19.3667","Pharmacy","Retail","Magneprex","Antimalarial","6","187","1122","January","2018","Mary Gerrard","Britanny Bold","Delta"
"Gottlieb-Cruickshank ","Zemlak-Witting Pharmacy","Mi?dzyrzecz","Poland","52.4446","15.578","Pharmacy","Institution","Atomorelin","Analgesics","2","555","1110","January","2018","Steve Pepple","Tracy Banks","Bravo"
"Gottlieb-Cruickshank ","Yundt, Leuschke and Ward Pharmaceutical Ltd","?ychlin","Poland","52.2453","19.6236","Hospital","Government","Acantaine","Antibiotics","2","66","132","January","2018","Mary Gerrard","Britanny Bold","Delta"
"Gottlieb-Cruickshank ","Mills Inc Pharma Plc","Bydgoszcz","Poland","53.1167","18","Hospital","Private","Fentalac","Antipiretics","1","618","618","January","2018","Steve Pepple","Tracy Banks","Bravo"
"Gottlieb-Cruickshank ","Carter-Conn Pharma Plc","Brwin?w","Poland","52.1417","20.7167","Hospital","Private","Diprotaine","Antiseptics","1","318","318","January","2018","Daniel Gates","Alisha Cordwell","Charlie"
"Gottlieb-Cruickshank ","Moen, Murazik and Smith ","Siedlce","Poland","52.1833","22.2833","Pharmacy","Retail","Atomorelin","Analgesics","1","555","555","January","2018","Sheila Stones","Britanny Bold","Delta"
"Gottlieb-Cruickshank ","Bogan, Jacobs and Kris Pharmacy","Lubart?w","Poland","51.4667","22.6","Pharmacy","Institution","Microroban Afatigomar","Antimalarial","1","478","478","January","2018","Mary Gerrard","Britanny Bold","Delta"
"Gottlieb-Cruickshank ","Wintheiser, Breitenberg and Gottlieb Pharmaceutical Limited","Milan?wek","Poland","52.1243","20.6654","Pharmacy","Retail","Tetalamide","Antibiotics","20","430","8600","January","2018","Daniel Gates","Alisha Cordwell","Charlie"
"Gottlieb-Cruickshank ","Powlowski-Buckridge Pharma Plc","Ustka","Poland","54.5805","16.8619","Hospital","Private","Lovephilus","Analgesics","6","582","3492","January","2018","Morris Garcia","Tracy Banks","Bravo"
"Gottlieb-Cruickshank ","Bernier, Murphy and Rau Pharmaceutical Ltd","Ruda ?l?ska","Poland","50.2628","18.8536","Pharmacy","Institution","Insozyme","Antiseptics","1","655","655","January","2018","Morris Garcia","Tracy Banks","Bravo"
"Gottlieb-Cruickshank ","Hartmann-Wolf ","Trzebnica","Poland","51.305","17.0614","Hospital","Government","Ibrulinum","Antipiretics","2","190","380","January","2018","Alan Ray","James Goodwill","Alfa"
"Gottlieb-Cruickshank ","Cormier, Dietrich and Zulauf Pharma Plc","Pu?awy","Poland","51.4166","21.9694","Hospital","Government","Abobozolid","Antimalarial","15","75","1125","January","2018","Abigail Thompson","Tracy Banks","Bravo"
"Gottlieb-Cruickshank ","Hahn, Rutherford and Gislason Pharmaceutical Limited","?aziska G?rne","Poland","50.15","18.8333","Hospital","Private","Zonixamine Immulinum","Analgesics","5","298","1490","January","2018","Abigail Thompson","Tracy Banks","Bravo"
"Gottlieb-Cruickshank ","Haley PLC Pharmaceutical Limited","Opole","Poland","50.6722","17.9253","Pharmacy","Retail","Immurenol Temarate","Antipiretics","1","303","303","January","2018","Stella Given","Alisha Cordwell","Charlie"
"Gottlieb-Cruickshank ","Lindgren-Simonis Pharm","Biskupiec","Poland","53.8647","20.9569","Pharmacy","Retail","Interzide","Antimalarial","2","420","840","January","2018","Anne Wu","Britanny Bold","Delta"
"Gottlieb-Cruickshank ","Brakus, Rempel and Harber Pharma Plc","Nowy Targ","Poland","49.4833","20.0333","Pharmacy","Institution","Adalatamine","Antiseptics","1","794","794","January","2018","Jimmy Grey","Alisha Cordwell","Charlie"
"Gottlieb-Cruickshank ","Kreiger Inc Pharma Plc","Mielec","Poland","50.2833","21.4333","Hospital","Private","Adtiza Gammaluble","Antibiotics","4","452","1808","January","2018","Erica Jones","James Goodwill","Alfa"
"Gottlieb-Cruickshank ","Lebsack, Yost and Heller Pharmaceutical Limited","Wieliczka","Poland","49.9894","20.0661","Pharmacy","Institution","Angioparin Brimosumab","Mood Stabilizers","2","682","1364","January","2018","Morris Garcia","Tracy Banks","Bravo"
"Gottlieb-Cruickshank ","Runolfsson, Swaniawski and Jaskolski Pharmacy","Sieradz","Poland","51.6","18.75","Hospital","Private","Algluconium Dorzofoxin","Antibiotics","2","611","1222","January","2018","Anne Wu","Britanny Bold","Delta"
"Gottlieb-Cruickshank ","West Group Pharmacy","Kluczbork","Poland","50.9833","18.2167","Hospital","Government","Zyvance","Analgesics","3","323","969","January","2018","Anne Wu","Britanny Bold","Delta"
"Gottlieb-Cruickshank ","Runolfsson, Swaniawski and Jaskolski Pharmacy","Sieradz","Poland","51.6","18.75","Hospital","Private","Dexmebital Acanplan","Analgesics","1","170","170","January","2018","Alan Ray","James Goodwill","Alfa"
"Gottlieb-Cruickshank ","Beer, Kohler and Beatty Pharmaceutical Ltd","Rypin","Poland","53.0667","19.45","Pharmacy","Retail","Topifribrate","Analgesics","1","621","621","January","2018","Jimmy Grey","Alisha Cordwell","Charlie"
"Gottlieb-Cruickshank ","Bartoletti-Altenwerth ","Police","Poland","53.55","14.5708","Hospital","Government","Requimadin","Antimalarial","10","408","4080","January","2018","Stella Given","Alisha Cordwell","Charlie"
"Gottlieb-Cruickshank ","Erdman PLC Pharmacy","Ozimek","Poland","50.6731","18.2131","Pharmacy","Institution","Adalatamine","Antiseptics","4","794","3176","January","2018","Thompson Crawford","James Goodwill","Alfa"
"Gottlieb-Cruickshank ","Crist, Wisoky and Nolan Pharmaceutical Ltd","Toru?","Poland","53.0167","18.6167","Pharmacy","Retail","Ciclonazol","Antiseptics","2","121","242","January","2018","Thompson Crawford","James Goodwill","Alfa"
"Gottlieb-Cruickshank ","Buckridge-Strosin Pharmaceutical Limited","Pruszk?w","Poland","52.1667","20.8","Hospital","Government","Topifribrate","Analgesics","5","621","3105","January","2018","Erica Jones","James Goodwill","Alfa"
"Gottlieb-Cruickshank ","Lebsack, Yost and Heller Pharmaceutical Limited","Wieliczka","Poland","49.9894","20.0661","Pharmacy","Institution","Amavirase","Antipiretics","6","487","2922","January","2018","Steve Pepple","Tracy Banks","Bravo"
"Gottlieb-Cruickshank ","Stehr-Champlin Pharmaceutical Limited","Nowe Miasto Lubawskie","Poland","53.4167","19.5833","Hospital","Government","Alisteride Pemidizem","Antiseptics","2","35","70","January","2018","Alan Ray","James Goodwill","Alfa"
"Gottlieb-Cruickshank ","Barton Ltd Pharma Plc","Czelad?","Poland","50.3333","19.0833","Hospital","Private","Interfedox Pilobamol","Antiseptics","2","41","82","January","2018","Anne Wu","Britanny Bold","Delta"
"Gottlieb-Cruickshank ","Ward Group Pharmaceutical Limited","Zabrze","Poland","50.3","18.7833","Pharmacy","Institution","Adalatamine","Antiseptics","5","794","3970","January","2018","Alan Ray","James Goodwill","Alfa"
"Gottlieb-Cruickshank ","Kutch-Marks Pharm","Che?m","Poland","51.1333","23.4833","Hospital","Private","Ceftatana Serolamide","Antipiretics","3","595","1785","January","2018","Daniel Gates","Alisha Cordwell","Charlie"
"Gottlieb-Cruickshank ","Schimmel-Waelchi Pharmaceutical Ltd","Grodzisk Mazowiecki","Poland","52.1039","20.6337","Hospital","Government","Travoloride","Antiseptics","3","785","2355","January","2018","Jimmy Grey","Alisha Cordwell","Charlie"
"Gottlieb-Cruickshank ","Will and Sons Pharmaceutical Limited","Pozna?","Poland","52.4","16.9167","Hospital","Government","Docstryl Rivacin","Antiseptics","10","789","7890","January","2018","Erica Jones","James Goodwill","Alfa"
"Gottlieb-Cruickshank ","Kuphal, D'Amore and Bode Pharmaceutical Ltd","Szczecin","Poland","53.4247","14.5553","Pharmacy","Retail","Victomine","Antimalarial","2","705","1410","January","2018","Morris Garcia","Tracy Banks","Bravo"
"Gottlieb-Cruickshank ","Medhurst-Beer Pharmaceutical Limited","Rybnik","Poland","50.0833","18.5","Pharmacy","Institution","Veratorol Ciclovatol","Mood Stabilizers","2","154","308","January","2018","Sheila Stones","Britanny Bold","Delta"
"Gottlieb-Cruickshank ","Brakus, Rempel and Harber Pharma Plc","Nowy Targ","Poland","49.4833","20.0333","Pharmacy","Institution","Spiroderall","Mood Stabilizers","10","653","6530","January","2018","Jimmy Grey","Alisha Cordwell","Charlie"
"Gottlieb-Cruickshank ","Lockman-Welch Pharm","Bytom","Poland","50.347","18.923","Hospital","Government","Benzoprox","Antiseptics","20","284","5680","January","2018","Stella Given","Alisha Cordwell","Charlie"
"Gottlieb-Cruickshank ","Pfeffer-Hodkiewicz Pharmaceutical Ltd","Szczytno","Poland","53.5628","20.9853","Hospital","Government","Adalatamine","Antiseptics","4","794","3176","January","2018","Thompson Crawford","James Goodwill","Alfa"
"Gottlieb-Cruickshank ","Miller-Satterfield Pharma Plc","Nidzica","Poland","53.3583","20.425","Hospital","Private","Factolamide","Antiseptics","4","345","1380","January","2018","Sheila Stones","Britanny Bold","Delta"
"Gottlieb-Cruickshank ","Crona Group Pharma Plc","Kwidzyn","Poland","53.7358","18.9308","Pharmacy","Institution","Thionide","Analgesics","5","113","565","January","2018","Jimmy Grey","Alisha Cordwell","Charlie"
"Gottlieb-Cruickshank ","Buckridge, Dach and Carroll Pharmaceutical Limited","Lubo?","Poland","52.3333","16.8833","Hospital","Private","Aggretisol","Antimalarial","4","262","1048","January","2018","Anne Wu","Britanny Bold","Delta"
"Gottlieb-Cruickshank ","Welch-Orn ","Che?mno","Poland","53.3492","18.4261","Hospital","Private","Ranediol","Antibiotics","2","401","802","January","2018","Erica Jones","James Goodwill","Alfa"
"Gottlieb-Cruickshank ","Nolan, DuBuque and Schultz Pharm","Wa?brzych","Poland","50.7667","16.2833","Hospital","Government","Zyvance","Analgesics","2","323","646","January","2018","Stella Given","Alisha Cordwell","Charlie"
"Gottlieb-Cruickshank ","Kreiger Inc Pharma Plc","Mielec","Poland","50.2833","21.4333","Hospital","Private","Stelazolid","Antimalarial","2","73","146","January","2018","Stella Given","Alisha Cordwell","Charlie"
"Gottlieb-Cruickshank ","Barrows Inc ","Hajn?wka","Poland","52.7333","23.5667","Hospital","Private","Interfedox Pilobamol","Antiseptics","2","41","82","January","2018","Daniel Gates","Alisha Cordwell","Charlie"
"Gottlieb-Cruickshank ","Feest-Kshlerin Pharmaceutical Ltd","?widnik","Poland","51.2333","22.7","Pharmacy","Institution","Spiroderall","Mood Stabilizers","5","653","3265","January","2018","Anne Wu","Britanny Bold","Delta"
"Gottlieb-Cruickshank ","Denesik, Walter and Beatty Pharma Plc","Ostr?w Mazowiecka","Poland","52.8","21.9","Pharmacy","Institution","Alarudin Azarolac","Mood Stabilizers","2","567","1134","January","2018","Jimmy Grey","Alisha Cordwell","Charlie"
"Gottlieb-Cruickshank ","Bashirian-Kassulke Pharma Plc","Krak?w","Poland","50.0614","19.9372","Hospital","Private","Paronium Atracustone","Analgesics","6","414","2484","January","2018","Mary Gerrard","Britanny Bold","Delta"
"Gottlieb-Cruickshank ","Lebsack, Yost and Heller Pharmaceutical Limited","Wieliczka","Poland","49.9894","20.0661","Pharmacy","Institution","Alpharolac","Antipiretics","4","533","2132","January","2018","Steve Pepple","Tracy Banks","Bravo"
"Gottlieb-Cruickshank ","Nader-Gaylord Pharmaceutical Ltd","??d?","Poland","51.7769","19.4547","Pharmacy","Retail","Relenstrel Exurabine","Antibiotics","3","424","1272","January","2018","Jessica Smith","Britanny Bold","Delta"
"Gottlieb-Cruickshank ","Grimes, Jacobs and Durgan Pharm","Be?chat?w","Poland","51.3667","19.3667","Hospital","Private","Zonitonin","Antiseptics","5","518","2590","January","2018","Steve Pepple","Tracy Banks","Bravo"
"Gottlieb-Cruickshank ","Kunze PLC Pharm","Dar?owo","Poland","54.4167","16.4167","Hospital","Private","Ciclonazol","Antiseptics","4","121","484","January","2018","Abigail Thompson","Tracy Banks","Bravo"
"Gottlieb-Cruickshank ","Leuschke PLC Pharmacy","Ciechan?w","Poland","52.8817","20.6106","Pharmacy","Retail","Trazobalamin","Mood Stabilizers","3","762","2286","January","2018","Anne Wu","Britanny Bold","Delta"
"Gottlieb-Cruickshank ","Towne, Cummerata and Blanda Pharm","Kalisz","Poland","51.757","18.083","Hospital","Private","Adrecetam Barazoxane","Antimalarial","5","24","120","January","2018","Daniel Gates","Alisha Cordwell","Charlie"
"Gottlieb-Cruickshank ","Wiegand, Jast and Yost Pharma Plc","P?ock","Poland","52.55","19.7","Hospital","Private","Microroban Afatigomar","Antimalarial","2","478","956","January","2018","Morris Garcia","Tracy Banks","Bravo"
"Gottlieb-Cruickshank ","Lindgren-Simonis Pharm","Biskupiec","Poland","53.8647","20.9569","Pharmacy","Retail","Travoloride","Antiseptics","4","785","3140","January","2018","Jimmy Grey","Alisha Cordwell","Charlie"
"Gottlieb-Cruickshank ","Leuschke PLC Pharmacy","Ciechan?w","Poland","52.8817","20.6106","Pharmacy","Retail","Presetron","Mood Stabilizers","3","216","648","January","2018","Daniel Gates","Alisha Cordwell","Charlie"
"Gottlieb-Cruickshank ","McClure, Zemlak and Dibbert Pharma Plc","Gda?sk","Poland","54.3667","18.6333","Pharmacy","Retail","Lovapur","Mood Stabilizers","1","551","551","January","2018","Thompson Crawford","James Goodwill","Alfa"
"Gottlieb-Cruickshank ","Wiegand, Jast and Yost Pharma Plc","P?ock","Poland","52.55","19.7","Hospital","Private","Spiroderall","Mood Stabilizers","3","653","1959","January","2018","Erica Jones","James Goodwill","Alfa"
"Gottlieb-Cruickshank ","Hermiston LLC ","Strzegom","Poland","51","16.3333","Pharmacy","Institution","Apronazol","Antibiotics","5","472","2360","January","2018","Steve Pepple","Tracy Banks","Bravo"
"Gottlieb-Cruickshank ","Veum-Kerluke Pharmacy","Cz?uch?w","Poland","53.65","17.3667","Pharmacy","Retail","Ribabyclor","Antiseptics","10","469","4690","January","2018","Jimmy Grey","Alisha Cordwell","Charlie"
"Gottlieb-Cruickshank ","Graham and Sons Pharmacy","Warka","Poland","51.7833","21.2","Hospital","Private","Menogine","Antiseptics","10","742","7420","January","2018","Stella Given","Alisha Cordwell","Charlie"
"Gottlieb-Cruickshank ","Johnson, Friesen and Torphy Pharma Plc","Gryfino","Poland","53.2524","14.4883","Hospital","Government","Lansopril Acribax","Antipiretics","5","492","2460","January","2018","Mary Gerrard","Britanny Bold","Delta"
"Gottlieb-Cruickshank ","Streich PLC Pharmaceutical Limited","Przemy?l","Poland","49.785","22.7673","Pharmacy","Institution","Raparidol","Mood Stabilizers","10","187","1870","January","2018","Jimmy Grey","Alisha Cordwell","Charlie"
"Gottlieb-Cruickshank ","Hills, Stroman and Ernser Pharm","Pu?tusk","Poland","52.7025","21.0828","Hospital","Private","Dexmeprazole Transnuvia","Mood Stabilizers","10","180","1800","January","2018","Morris Garcia","Tracy Banks","Bravo"
"Gottlieb-Cruickshank ","Crist Inc ","Stary S?cz","Poland","49.5625","20.6364","Hospital","Private","Thionide","Analgesics","10","113","1130","January","2018","Jimmy Grey","Alisha Cordwell","Charlie"
"Gottlieb-Cruickshank ","Heller-Abernathy ","Brzeg Dolny","Poland","51.273","16.7081","Hospital","Private","Decidenu Galantrigine","Antipiretics","6","590","3540","January","2018","Thompson Crawford","James Goodwill","Alfa"
"Gottlieb-Cruickshank ","D'Amore and Sons ","W?growiec","Poland","52.8","17.2","Hospital","Private","Zynosine","Antimalarial","6","74","444","January","2018","Erica Jones","James Goodwill","Alfa"
"Gottlieb-Cruickshank ","Feest-Kshlerin Pharmaceutical Ltd","?widnik","Poland","51.2333","22.7","Pharmacy","Institution","Alarudin Azarolac","Mood Stabilizers","6","567","3402","January","2018","Mary Gerrard","Britanny Bold","Delta"
"Gottlieb-Cruickshank ","Romaguera, Moen and Hagenes Pharmaceutical Limited","Sopot","Poland","54.4419","18.5478","Hospital","Private","Acycpex","Mood Stabilizers","3","510","1530","January","2018","Morris Garcia","Tracy Banks","Bravo"
"Gottlieb-Cruickshank ","Herman, Rice and Rippin ","Zi?bice","Poland","50.6","17.0444","Hospital","Government","Pulmofine","Antibiotics","8","688","5504","January","2018","Alan Ray","James Goodwill","Alfa"
"Gottlieb-Cruickshank ","West Group Pharmacy","Kluczbork","Poland","50.9833","18.2167","Hospital","Government","Temasone Thiobucil","Antimalarial","6","482","2892","January","2018","Sheila Stones","Britanny Bold","Delta"
"Gottlieb-Cruickshank ","Bashirian-Kassulke Pharma Plc","Krak?w","Poland","50.0614","19.9372","Hospital","Private","Saprodeine Zanprosyn","Antibiotics","3","215","645","January","2018","Jessica Smith","Britanny Bold","Delta"
"Gottlieb-Cruickshank ","Kertzmann, Quitzon and Harris Pharma Plc","Reszel","Poland","54.0504","21.1458","Hospital","Government","Primatate Univatol","Mood Stabilizers","10","172","1720","January","2018","Sheila Stones","Britanny Bold","Delta"
"Gottlieb-Cruickshank ","Steuber, Skiles and Kilback Pharma Plc","Sosnowiec","Poland","50.3","19.1667","Pharmacy","Retail","Acubulin","Antipiretics","3","490","1470","January","2018","Alan Ray","James Goodwill","Alfa"
"Gottlieb-Cruickshank ","Lemke Ltd Pharm","Tarn?w","Poland","50.0125","20.9883","Hospital","Private","Epzipitant","Analgesics","3","778","2334","January","2018","Jessica Smith","Britanny Bold","Delta"
"Gottlieb-Cruickshank ","Walter Ltd ","K?trzyn","Poland","54.0833","21.3833","Pharmacy","Institution","Dorzovorin Pentadarone","Antimalarial","3","164","492","January","2018","Jessica Smith","Britanny Bold","Delta"
"Gottlieb-Cruickshank ","Nader-Borer Pharma Plc","Bielawa","Poland","50.6908","16.623","Pharmacy","Retail","Imiformin Transmunex","Antibiotics","6","400","2400","January","2018","Stella Given","Alisha Cordwell","Charlie"
"Gottlieb-Cruickshank ","Hahn, Rutherford and Gislason Pharmaceutical Limited","?aziska G?rne","Poland","50.15","18.8333","Hospital","Private","Flutacerol","Analgesics","2","745","1490","January","2018","Abigail Thompson","Tracy Banks","Bravo"
"Gottlieb-Cruickshank ","Paucek, Keeling and Bruen Pharm","??czna","Poland","51.3","22.8833","Pharmacy","Institution","Comzyme","Antibiotics","10","114","1140","January","2018","Jessica Smith","Britanny Bold","Delta"
"Gottlieb-Cruickshank ","Denesik, Walter and Beatty Pharma Plc","Ostr?w Mazowiecka","Poland","52.8","21.9","Pharmacy","Institution","Lovapur","Mood Stabilizers","3","551","1653","January","2018","Stella Given","Alisha Cordwell","Charlie"
"Gottlieb-Cruickshank ","Heathcote, Grant and Witting Pharm","Bielsko-Bia?a","Poland","49.8225","19.0444","Pharmacy","Institution","Theopril","Antipiretics","6","768","4608","January","2018","Steve Pepple","Tracy Banks","Bravo"
"Gottlieb-Cruickshank ","Lebsack, Yost and Heller Pharmaceutical Limited","Wieliczka","Poland","49.9894","20.0661","Pharmacy","Institution","Cortirodine Alimcline","Antipiretics","5","128","640","January","2018","Jessica Smith","Britanny Bold","Delta"
"Gottlieb-Cruickshank ","Zemlak Group Pharmaceutical Limited","Koszalin","Poland","54.1903","16.1817","Hospital","Private","Adriacaine","Mood Stabilizers","3","361","1083","January","2018","Abigail Thompson","Tracy Banks","Bravo"
"Gottlieb-Cruickshank ","Cassin PLC Pharmacy","Miastko","Poland","54","16.9833","Hospital","Private","Syntheruvax Proracin","Antimalarial","5","86","430","January","2018","Anne Wu","Britanny Bold","Delta"
"Gottlieb-Cruickshank ","Medhurst-Beer Pharmaceutical Limited","Rybnik","Poland","50.0833","18.5","Pharmacy","Institution","Temasone Thiobucil","Antimalarial","4","482","1928","January","2018","Thompson Crawford","James Goodwill","Alfa"
"Gottlieb-Cruickshank ","Bosco-Marquardt Pharm","L?bork","Poland","54.55","17.75","Hospital","Private","Panpion","Antiseptics","2","692","1384","January","2018","Alan Ray","James Goodwill","Alfa"
"Gottlieb-Cruickshank ","Hansen Group Pharm","Gryf?w ?l?ski","Poland","51.0308","15.4202","Hospital","Private","Victomax","Analgesics","10","623","6230","January","2018","Jimmy Grey","Alisha Cordwell","Charlie"
"Gottlieb-Cruickshank ","Mraz Group Pharmacy","Piast?w","Poland","52.1833","20.85","Hospital","Private","Apronazol","Antibiotics","40","472","18880","January","2018","Mary Gerrard","Britanny Bold","Delta"
"Gottlieb-Cruickshank ","Lesch PLC Pharmacy","Wroc?aw","Poland","51.1077","17.0353","Hospital","Private","Aggretisol","Antimalarial","10","262","2620","January","2018","Stella Given","Alisha Cordwell","Charlie"
"Gottlieb-Cruickshank ","Crona PLC Pharma Plc","Bia?ogard","Poland","54.007","15.9875","Hospital","Private","Diprotaine","Antiseptics","10","318","3180","January","2018","Abigail Thompson","Tracy Banks","Bravo"
"Gottlieb-Cruickshank ","Stehr-Champlin Pharmaceutical Limited","Nowe Miasto Lubawskie","Poland","53.4167","19.5833","Hospital","Government","Abilovir Aprotasol","Antipiretics","5","269","1345","January","2018","Abigail Thompson","Tracy Banks","Bravo"
"Gottlieb-Cruickshank ","Balistreri, Torp and Gulgowski Pharmacy","Che?m?a","Poland","53.2","18.6","Hospital","Private","Lovavatol Azelavarix","Mood Stabilizers","5","106","530","January","2018","Daniel Gates","Alisha Cordwell","Charlie"
"Gottlieb-Cruickshank ","Johnson, Friesen and Torphy Pharma Plc","Gryfino","Poland","53.2524","14.4883","Hospital","Government","Solasteride","Mood Stabilizers","5","520","2600","January","2018","Anne Wu","Britanny Bold","Delta"
"Gottlieb-Cruickshank ","Rosenbaum, Klein and Herzog ","Zb?szy?","Poland","52.2531","15.9178","Hospital","Private","Diaxolol","Antiseptics","5","765","3825","January","2018","Erica Jones","James Goodwill","Alfa"
"Gottlieb-Cruickshank ","Rogahn-Klein Pharmacy","Koronowo","Poland","53.3137","17.937","Hospital","Private","Arivac","Antimalarial","10","567","5670","January","2018","Morris Garcia","Tracy Banks","Bravo"
"Gottlieb-Cruickshank ","Bayer LLC Pharmaceutical Ltd","Byt?w","Poland","54.1667","17.5","Hospital","Private","Ciclonazol","Antiseptics","50","121","6050","January","2018","Thompson Crawford","James Goodwill","Alfa"
"Gottlieb-Cruickshank ","Feest-Kshlerin Pharmaceutical Ltd","?widnik","Poland","51.2333","22.7","Pharmacy","Institution","Imiformin Transmunex","Antibiotics","5","400","2000","January","2018","Steve Pepple","Tracy Banks","Bravo"
"Gottlieb-Cruickshank ","Runte-Marquardt Pharmaceutical Ltd","Olecko","Poland","54.0333","22.5","Hospital","Private","Albudazole Erobloc","Antiseptics","6","563","3378","January","2018","Mary Gerrard","Britanny Bold","Delta"
"Gottlieb-Cruickshank ","Bashirian-Kassulke Pharma Plc","Krak?w","Poland","50.0614","19.9372","Hospital","Private","Imiformin Transmunex","Antibiotics","5","400","2000","January","2018","Daniel Gates","Alisha Cordwell","Charlie"
"Gottlieb-Cruickshank ","Mills Inc Pharma Plc","Bydgoszcz","Poland","53.1167","18","Hospital","Private","Lactubucil","Antipiretics","3","585","1755","January","2018","Mary Gerrard","Britanny Bold","Delta"
"Gottlieb-Cruickshank ","Raynor-Graham Pharmaceutical Limited","Gorz?w Wielkopolski","Poland","52.7333","15.25","Pharmacy","Institution","Atomorelin","Analgesics","2","555","1110","January","2018","Abigail Thompson","Tracy Banks","Bravo"
"Gottlieb-Cruickshank ","Gerhold, Mills and Effertz Pharm","G?ubczyce","Poland","50.2009","17.8286","Pharmacy","Institution","Malavirine Alimdine","Mood Stabilizers","35","767","26845","January","2018","Abigail Thompson","Tracy Banks","Bravo"
"Gottlieb-Cruickshank ","Schaden-Hirthe Pharmaceutical Ltd","?widnica","Poland","50.8438","16.4886","Pharmacy","Institution","Rositroban","Mood Stabilizers","10","481","4810","January","2018","Sheila Stones","Britanny Bold","Delta"
"Gottlieb-Cruickshank ","Kozey-Schroeder ","Jawor","Poland","51.05","16.1833","Hospital","Private","Zonixamine Immulinum","Analgesics","1","298","298","January","2018","Stella Given","Alisha Cordwell","Charlie"
"Gottlieb-Cruickshank ","Botsford PLC Pharmacy","Pabianice","Poland","51.6642","19.35","Pharmacy","Institution","Alemtuvatol Megalinum","Analgesics","1","682","682","January","2018","Stella Given","Alisha Cordwell","Charlie"
"Gottlieb-Cruickshank ","Casper, Hyatt and Jakubowski Pharmaceutical Limited","Otwock","Poland","52.1167","21.2667","Hospital","Government","Betanem","Analgesics","10","611","6110","January","2018","Stella Given","Alisha Cordwell","Charlie"
"Gottlieb-Cruickshank ","Streich PLC Pharmaceutical Limited","Przemy?l","Poland","49.785","22.7673","Pharmacy","Institution","Methiclotide","Antibiotics","10","458","4580","January","2018","Jessica Smith","Britanny Bold","Delta"
"Gottlieb-Cruickshank ","Rosenbaum, Klein and Herzog ","Zb?szy?","Poland","52.2531","15.9178","Hospital","Private","Sucprine Specbalamin","Antiseptics","8","182","1456","January","2018","Mary Gerrard","Britanny Bold","Delta"
"Gottlieb-Cruickshank ","Kutch-Marks Pharm","Che?m","Poland","51.1333","23.4833","Hospital","Private","Liomulin","Mood Stabilizers","10","490","4900","January","2018","Alan Ray","James Goodwill","Alfa"
"Gottlieb-Cruickshank ","Runte-Marquardt Pharmaceutical Ltd","Olecko","Poland","54.0333","22.5","Hospital","Private","Symdocet","Antipiretics","6","470","2820","January","2018","Abigail Thompson","Tracy Banks","Bravo"
"Gottlieb-Cruickshank ","McClure, Zemlak and Dibbert Pharmaceutical Limited","K?rnik","Poland","52.2367","17.0986","Hospital","Private","Megenorphine","Antimalarial","6","402","2412","January","2018","Thompson Crawford","James Goodwill","Alfa"
"Gottlieb-Cruickshank ","Spencer-Jerde Pharmacy","Przeworsk","Poland","50.0591","22.4941","Pharmacy","Institution","Cyclovital","Antimalarial","10","677","6770","January","2018","Stella Given","Alisha Cordwell","Charlie"
"Gottlieb-Cruickshank ","Romaguera-Fay Pharmaceutical Limited","Trzemeszno","Poland","52.5614","17.8231","Pharmacy","Retail","Insozyme","Antiseptics","50","655","32750","January","2018","Erica Jones","James Goodwill","Alfa"
"Gottlieb-Cruickshank ","Ondricka, Rosenbaum and Beahan ","Starogard Gda?ski","Poland","53.9667","18.5333","Hospital","Government","Ranediol","Antibiotics","15","401","6015","January","2018","Thompson Crawford","James Goodwill","Alfa"
"Gottlieb-Cruickshank ","Graham and Sons Pharmacy","Warka","Poland","51.7833","21.2","Hospital","Private","Zynosine","Antimalarial","40","74","2960","January","2018","Thompson Crawford","James Goodwill","Alfa"
"Gottlieb-Cruickshank ","Leuschke, Waters and Schowalter Pharmaceutical Ltd","Krapkowice","Poland","50.4751","17.9654","Pharmacy","Institution","Clindaracil","Analgesics","5","173","865","January","2018","Daniel Gates","Alisha Cordwell","Charlie"
"Gottlieb-Cruickshank ","Spinka, Schowalter and Conn Pharmaceutical Limited","Bi?goraj","Poland","50.55","22.7333","Pharmacy","Institution","Relenvice","Antimalarial","20","459","9180","January","2018","Jessica Smith","Britanny Bold","Delta"
"Gottlieb-Cruickshank ","Jast-Cruickshank Pharma Plc","Bia?ystok","Poland","53.1167","23.1667","Pharmacy","Retail","Claricriptine Adaferol","Antibiotics","10","33","330","January","2018","Daniel Gates","Alisha Cordwell","Charlie"
"Gottlieb-Cruickshank ","Parisian Ltd Pharm","Jelenia G?ra","Poland","50.9","15.7333","Pharmacy","Institution","Cogxone Levanide","Antimalarial","20","686","13720","January","2018","Steve Pepple","Tracy Banks","Bravo"
"Gottlieb-Cruickshank ","Hayes-Kilback Pharmaceutical Ltd","?ary","Poland","51.6333","15.1333","Pharmacy","Retail","Halcifergen Nevazone","Antimalarial","2","710","1420","January","2018","Mary Gerrard","Britanny Bold","Delta"
"Gottlieb-Cruickshank ","Will and Sons Pharmaceutical Limited","Pozna?","Poland","52.4","16.9167","Hospital","Government","Aggretisol","Antimalarial","1","262","262","January","2018","Erica Jones","James Goodwill","Alfa"
"Gottlieb-Cruickshank ","Monahan Ltd ","O?wi?cim","Poland","50.0333","19.2333","Hospital","Government","Afluferon Entrarenone","Antimalarial","1","104","104","January","2018","Thompson Crawford","James Goodwill","Alfa"
"Gottlieb-Cruickshank ","Hermiston and Sons Pharma Plc","Bochnia","Poland","49.9833","20.4333","Pharmacy","Institution","Propratecan","Antimalarial","10","682","6820","January","2018","Stella Given","Alisha Cordwell","Charlie"
"Gottlieb-Cruickshank ","Kreiger Inc Pharma Plc","Mielec","Poland","50.2833","21.4333","Hospital","Private","Diprolimus","Antiseptics","4","634","2536","January","2018","Jimmy Grey","Alisha Cordwell","Charlie"
"Gottlieb-Cruickshank ","Purdy Ltd Pharmaceutical Limited","G?ucho?azy","Poland","50.3131","17.3742","Hospital","Government","Alarudin Azarolac","Mood Stabilizers","3","567","1701","January","2018","Erica Jones","James Goodwill","Alfa"
"Gottlieb-Cruickshank ","Emard-O'Connell Pharmacy","Zakopane","Poland","49.2994","19.9519","Pharmacy","Retail","Insozyme","Antiseptics","2","655","1310","January","2018","Thompson Crawford","James Goodwill","Alfa"
"Gottlieb-Cruickshank ","Gibson-Hill Pharma Plc","Chrzan?w","Poland","50.1333","19.4","Hospital","Private","Zarostral","Antipiretics","15","141","2115","January","2018","Jimmy Grey","Alisha Cordwell","Charlie"
"Gottlieb-Cruickshank ","West Group Pharmacy","Kluczbork","Poland","50.9833","18.2167","Hospital","Government","Aldevac","Analgesics","3","26","78","January","2018","Alan Ray","James Goodwill","Alfa"
"Gottlieb-Cruickshank ","Cassin PLC Pharmacy","Miastko","Poland","54","16.9833","Hospital","Private","Testant","Mood Stabilizers","5","488","2440","January","2018","Morris Garcia","Tracy Banks","Bravo"
"Gottlieb-Cruickshank ","Wolff Group Pharm","Gubin","Poland","51.95","14.7333","Hospital","Government","Abtasol","Antiseptics","2","754","1508","January","2018","Thompson Crawford","James Goodwill","Alfa"
"Gottlieb-Cruickshank ","Block-Romaguera Pharmaceutical Limited","Tarnowskie G?ry","Poland","50.45","18.8667","Hospital","Private","Alemtuvatol Megalinum","Analgesics","3","682","2046","January","2018","Morris Garcia","Tracy Banks","Bravo"
"Gottlieb-Cruickshank ","Senger-Kirlin Pharmacy","Koby?ka","Poland","52.3395","21.1959","Hospital","Government","Travosoline Capolac","Antipiretics","5","610","3050","January","2018","Thompson Crawford","James Goodwill","Alfa"
"Gottlieb-Cruickshank ","Crona Group Pharma Plc","Kwidzyn","Poland","53.7358","18.9308","Pharmacy","Institution","Megenorphine","Antimalarial","50","402","20100","January","2018","Sheila Stones","Britanny Bold","Delta"
"Gottlieb-Cruickshank ","Leffler-Russel Pharm","Konstancin-Jeziorna","Poland","52.0938","21.1176","Hospital","Private","Ultrimax Ultriset","Antiseptics","2","269","538","January","2018","Thompson Crawford","James Goodwill","Alfa"
"Gottlieb-Cruickshank ","Crist Inc ","Stary S?cz","Poland","49.5625","20.6364","Hospital","Private","Alemtuvatol Megalinum","Analgesics","5","682","3410","January","2018","Stella Given","Alisha Cordwell","Charlie"
"Gottlieb-Cruickshank ","Mante-Grady Pharm","Lubacz?w","Poland","50.1556","23.123","Pharmacy","Institution","Afretosine","Mood Stabilizers","15","404","6060","January","2018","Daniel Gates","Alisha Cordwell","Charlie"
"Gottlieb-Cruickshank ","Casper, Hyatt and Jakubowski Pharmaceutical Limited","Otwock","Poland","52.1167","21.2667","Hospital","Government","Abtasol","Antiseptics","20","754","15080","January","2018","Anne Wu","Britanny Bold","Delta"
"Gottlieb-Cruickshank ","Streich PLC Pharmaceutical Limited","Przemy?l","Poland","49.785","22.7673","Pharmacy","Institution","Cortirodine Alimcline","Antipiretics","4","128","512","January","2018","Alan Ray","James Goodwill","Alfa"
"Gottlieb-Cruickshank ","Funk, Ratke and Heaney Pharmacy","Prabuty","Poland","53.7558","19.1975","Hospital","Government","Lovepion","Antiseptics","4","544","2176","January","2018","Daniel Gates","Alisha Cordwell","Charlie"
"Gottlieb-Cruickshank ","Upton, Abernathy and Goodwin Pharmaceutical Ltd","Jaros?aw","Poland","50.0162","22.6778","Hospital","Government","Rebedase Aplencor","Mood Stabilizers","5","180","900","January","2018","Thompson Crawford","James Goodwill","Alfa"
"Gottlieb-Cruickshank ","Powlowski-Buckridge Pharma Plc","Ustka","Poland","54.5805","16.8619","Hospital","Private","Lioletine Refliruvax","Analgesics","5","435","2175","January","2018","Alan Ray","James Goodwill","Alfa"
"Gottlieb-Cruickshank ","Kozey-Schroeder ","Jawor","Poland","51.05","16.1833","Hospital","Private","Ketastadil","Analgesics","4","763","3052","January","2018","Abigail Thompson","Tracy Banks","Bravo"
"Gottlieb-Cruickshank ","Jakubowski Inc Pharmaceutical Limited","Boles?awiec","Poland","51.2667","15.5667","Pharmacy","Retail","Presetron","Mood Stabilizers","5","216","1080","January","2018","Steve Pepple","Tracy Banks","Bravo"
"Gottlieb-Cruickshank ","Mann-Waelchi Pharm","Piotrk?w Trybunalski","Poland","51.4","19.6833","Hospital","Private","Ibruferon","Antiseptics","3","82","246","January","2018","Morris Garcia","Tracy Banks","Bravo"
"Gottlieb-Cruickshank ","Cassin PLC Pharmacy","Miastko","Poland","54","16.9833","Hospital","Private","Victomine","Antimalarial","5","705","3525","January","2018","Anne Wu","Britanny Bold","Delta"
"Gottlieb-Cruickshank ","Sanford, Franecki and Greenholt ","Nowa S?l","Poland","51.8","15.7167","Pharmacy","Institution","Adalatamine","Antiseptics","4","794","3176","January","2018","Jimmy Grey","Alisha Cordwell","Charlie"
"Gottlieb-Cruickshank ","Hayes-Kilback Pharmaceutical Ltd","?ary","Poland","51.6333","15.1333","Pharmacy","Retail","Magnemunex","Antiseptics","6","689","4134","January","2018","Mary Gerrard","Britanny Bold","Delta"
"Gottlieb-Cruickshank ","Lindgren-Simonis Pharm","Biskupiec","Poland","53.8647","20.9569","Pharmacy","Retail","Thionide","Analgesics","5","113","565","January","2018","Daniel Gates","Alisha Cordwell","Charlie"
"Gottlieb-Cruickshank ","Gerlach LLC ","Krzeszowice","Poland","50.1333","19.6333","Hospital","Government","Formolovir Amanferon","Analgesics","1","191","191","January","2018","Stella Given","Alisha Cordwell","Charlie"
"Gottlieb-Cruickshank ","Okuneva-Corkery ","Kostrzyn nad Odr?","Poland","52.5883","14.6667","Hospital","Government","Hydroxyprosyn","Antibiotics","1","220","220","January","2018","Mary Gerrard","Britanny Bold","Delta"
"Gottlieb-Cruickshank ","Buckridge, Hand and Hyatt Pharma Plc","Zgorzelec","Poland","51.1528","15","Pharmacy","Institution","Interzide","Antimalarial","6","420","2520","January","2018","Daniel Gates","Alisha Cordwell","Charlie"
"Gottlieb-Cruickshank ","Purdy Ltd Pharmaceutical Limited","G?ucho?azy","Poland","50.3131","17.3742","Hospital","Government","Quiniprosyn","Antiseptics","2","445","890","January","2018","Anne Wu","Britanny Bold","Delta"
"Gottlieb-Cruickshank ","Streich PLC Pharmaceutical Limited","Przemy?l","Poland","49.785","22.7673","Pharmacy","Institution","Primapion","Antibiotics","50","492","24600","January","2018","Morris Garcia","Tracy Banks","Bravo"
"Gottlieb-Cruickshank ","Miller-Satterfield Pharma Plc","Nidzica","Poland","53.3583","20.425","Hospital","Private","Stelazolid","Antimalarial","10","73","730","January","2018","Abigail Thompson","Tracy Banks","Bravo"
"Gottlieb-Cruickshank ","Kuhic LLC Pharma Plc","Oborniki","Poland","52.65","16.8167","Pharmacy","Retail","Ketamara Evogel","Antipiretics","10","704","7040","January","2018","Jimmy Grey","Alisha Cordwell","Charlie"
"Gottlieb-Cruickshank ","Kilback, Beer and Batz Pharma Plc","Kutno","Poland","52.2333","19.3667","Pharmacy","Retail","Thionide","Analgesics","5","113","565","January","2018","Stella Given","Alisha Cordwell","Charlie"
"Gottlieb-Cruickshank ","West Group Pharmacy","Kluczbork","Poland","50.9833","18.2167","Hospital","Government","Morphizolid Tianalin","Mood Stabilizers","4","742","2968","January","2018","Thompson Crawford","James Goodwill","Alfa"
"Gottlieb-Cruickshank ","Nitzsche, Effertz and Maggio Pharmacy","Malbork","Poland","54.0285","19.0444","Hospital","Private","Benzoprox","Antiseptics","6","284","1704","January","2018","Jimmy Grey","Alisha Cordwell","Charlie"
"Gottlieb-Cruickshank ","Brakus, Rempel and Harber Pharma Plc","Nowy Targ","Poland","49.4833","20.0333","Pharmacy","Institution","Trazozaprine","Mood Stabilizers","4","708","2832","January","2018","Mary Gerrard","Britanny Bold","Delta"
"Gottlieb-Cruickshank ","Jast-Cruickshank Pharma Plc","Bia?ystok","Poland","53.1167","23.1667","Pharmacy","Retail","Lansostral Acgestin","Antiseptics","6","627","3762","January","2018","Erica Jones","James Goodwill","Alfa"
"Gottlieb-Cruickshank ","Rohan Inc ","Chojn?w","Poland","51.2667","15.9333","Pharmacy","Institution","Decidenu Galantrigine","Antipiretics","2","590","1180","January","2018","Stella Given","Alisha Cordwell","Charlie"
"Gottlieb-Cruickshank ","Leuschke, Waters and Schowalter Pharmaceutical Ltd","Krapkowice","Poland","50.4751","17.9654","Pharmacy","Institution","Diprotaine","Antiseptics","15","318","4770","January","2018","Jessica Smith","Britanny Bold","Delta"
"Gottlieb-Cruickshank ","Wiegand, Jast and Yost Pharma Plc","P?ock","Poland","52.55","19.7","Hospital","Private","Aggretisol","Antimalarial","3","262","786","January","2018","Jimmy Grey","Alisha Cordwell","Charlie"
"Gottlieb-Cruickshank ","Schmitt LLC Pharm","Nysa","Poland","50.4738","17.3344","Pharmacy","Retail","Amcibax Amcikeran","Analgesics","3","319","957","January","2018","Alan Ray","James Goodwill","Alfa"
"Gottlieb-Cruickshank ","Nader-Borer Pharma Plc","Bielawa","Poland","50.6908","16.623","Pharmacy","Retail","Ganineva Agenium","Antiseptics","10","390","3900","January","2018","Thompson Crawford","James Goodwill","Alfa"
"Gottlieb-Cruickshank ","Haley PLC Pharmaceutical Limited","Opole","Poland","50.6722","17.9253","Pharmacy","Retail","Tetratanyl","Antimalarial","3","511","1533","January","2018","Thompson Crawford","James Goodwill","Alfa"
"Gottlieb-Cruickshank ","Koss Ltd Pharmaceutical Limited","Lw?wek ?l?ski","Poland","51.1167","15.5833","Hospital","Private","Diprolimus","Antiseptics","5","634","3170","January","2018","Stella Given","Alisha Cordwell","Charlie"
"Gottlieb-Cruickshank ","Veum-Kerluke Pharmacy","Cz?uch?w","Poland","53.65","17.3667","Pharmacy","Retail","Lactubucil","Antipiretics","8","585","4680","January","2018","Stella Given","Alisha Cordwell","Charlie"
"Gottlieb-Cruickshank ","McClure, Zemlak and Dibbert Pharma Plc","Gda?sk","Poland","54.3667","18.6333","Pharmacy","Retail","Hemavate Spirolinum","Mood Stabilizers","3","210","630","January","2018","Steve Pepple","Tracy Banks","Bravo"
"Gottlieb-Cruickshank ","Wolff Group Pharm","Gubin","Poland","51.95","14.7333","Hospital","Government","Diprotaine","Antiseptics","6","318","1908","January","2018","Erica Jones","James Goodwill","Alfa"
"Gottlieb-Cruickshank ","Zieme, Doyle and Kunze ","Lublin","Poland","51.2333","22.5667","Hospital","Private","Exexone","Mood Stabilizers","5","239","1195","January","2018","Morris Garcia","Tracy Banks","Bravo"
"Gottlieb-Cruickshank ","Cassin PLC Pharmacy","Miastko","Poland","54","16.9833","Hospital","Private","Interzide","Antimalarial","5","420","2100","January","2018","Anne Wu","Britanny Bold","Delta"
"Gottlieb-Cruickshank ","Runte-Marquardt Pharmaceutical Ltd","Olecko","Poland","54.0333","22.5","Hospital","Private","Lovephilus","Analgesics","100","582","58200","January","2018","Alan Ray","James Goodwill","Alfa"
"Gottlieb-Cruickshank ","Lesch PLC Pharmacy","Wroc?aw","Poland","51.1077","17.0353","Hospital","Private","Halcifergen Nevazone","Antimalarial","50","710","35500","January","2018","Alan Ray","James Goodwill","Alfa"
"Gottlieb-Cruickshank ","Bosco-Marquardt Pharm","L?bork","Poland","54.55","17.75","Hospital","Private","Lacoplex Hyaluvance","Mood Stabilizers","2","334","668","January","2018","Thompson Crawford","James Goodwill","Alfa"
"Gottlieb-Cruickshank ","Denesik-Hintz Pharm","Mi?dzyrzec Podlaski","Poland","51.9833","22.8","Pharmacy","Retail","Relenvice","Antimalarial","5","459","2295","January","2018","Mary Gerrard","Britanny Bold","Delta"
"Gottlieb-Cruickshank ","Abernathy Group Pharmaceutical Limited","Brzesko","Poland","49.9667","20.6167","Hospital","Government","Adriacaine","Mood Stabilizers","2","361","722","January","2018","Thompson Crawford","James Goodwill","Alfa"
"Gottlieb-Cruickshank ","Upton, Abernathy and Goodwin Pharmaceutical Ltd","Jaros?aw","Poland","50.0162","22.6778","Hospital","Government","Darlofen","Antipiretics","5","577","2885","January","2018","Daniel Gates","Alisha Cordwell","Charlie"
"Gottlieb-Cruickshank ","Schaefer Group Pharmaceutical Limited","Ustro?","Poland","49.7167","18.8167","Hospital","Government","Kinenadryl","Antipiretics","4","782","3128","January","2018","Jimmy Grey","Alisha Cordwell","Charlie"
"Gottlieb-Cruickshank ","Zemlak-Witting Pharmacy","Mi?dzyrzecz","Poland","52.4446","15.578","Pharmacy","Institution","Pulmogen Alitora","Antiseptics","3","647","1941","January","2018","Stella Given","Alisha Cordwell","Charlie"
"Gottlieb-Cruickshank ","Leuschke PLC Pharmacy","Ciechan?w","Poland","52.8817","20.6106","Pharmacy","Retail","Oxymotroban Fexoformin","Analgesics","5","458","2290","January","2018","Erica Jones","James Goodwill","Alfa"
"Gottlieb-Cruickshank ","Vandervort LLC Pharma Plc","?a?cut","Poland","50.0687","22.2291","Pharmacy","Institution","Rebedase Aplencor","Mood Stabilizers","20","180","3600","January","2018","Morris Garcia","Tracy Banks","Bravo"
"Gottlieb-Cruickshank ","Effertz, Heaney and Tillman Pharmaceutical Ltd","Jaworzno","Poland","50.2","19.275","Hospital","Government","Spiroderall","Mood Stabilizers","6","653","3918","January","2018","Jimmy Grey","Alisha Cordwell","Charlie"
"Gottlieb-Cruickshank ","Sauer and Sons Pharmaceutical Limited","Brzoz?w","Poland","49.6953","22.0194","Pharmacy","Retail","Acelimus","Analgesics","10","746","7460","January","2018","Anne Wu","Britanny Bold","Delta"
"Gottlieb-Cruickshank ","Kreiger Inc Pharma Plc","Mielec","Poland","50.2833","21.4333","Hospital","Private","Syntheruvax Proracin","Antimalarial","4","86","344","January","2018","Abigail Thompson","Tracy Banks","Bravo"
"Gottlieb-Cruickshank ","Lockman-Welch Pharm","Bytom","Poland","50.347","18.923","Hospital","Government","Alpradipine","Analgesics","50","445","22250","January","2018","Jimmy Grey","Alisha Cordwell","Charlie"
"Gottlieb-Cruickshank ","Johnson, Friesen and Torphy Pharma Plc","Gryfino","Poland","53.2524","14.4883","Hospital","Government","Argalazine Abostryl","Antipiretics","6","628","3768","January","2018","Mary Gerrard","Britanny Bold","Delta"
"Gottlieb-Cruickshank ","Erdman, Senger and Oberbrunner Pharm","Rawa Mazowiecka","Poland","51.7667","20.25","Pharmacy","Retail","Robapril","Antipiretics","4","453","1812","January","2018","Anne Wu","Britanny Bold","Delta"
"Gottlieb-Cruickshank ","Kub, Von and Herzog Pharmacy","Wschowa","Poland","51.8","16.3","Hospital","Private","Quixitriptan Alanesin","Antiseptics","20","79","1580","January","2018","Steve Pepple","Tracy Banks","Bravo"
"Gottlieb-Cruickshank ","Purdy Ltd Pharmaceutical Limited","G?ucho?azy","Poland","50.3131","17.3742","Hospital","Government","Rositroban","Mood Stabilizers","2","481","962","January","2018","Alan Ray","James Goodwill","Alfa"
"Gottlieb-Cruickshank ","Effertz, Heaney and Tillman Pharmaceutical Ltd","Jaworzno","Poland","50.2","19.275","Hospital","Government","Propralamide Dexlanzolam","Mood Stabilizers","5","391","1955","January","2018","Erica Jones","James Goodwill","Alfa"
"Gottlieb-Cruickshank ","Kunze PLC Pharm","Dar?owo","Poland","54.4167","16.4167","Hospital","Private","Temasone Thiobucil","Antimalarial","5","482","2410","January","2018","Erica Jones","James Goodwill","Alfa"
"Gottlieb-Cruickshank ","Kreiger Inc Pharma Plc","Mielec","Poland","50.2833","21.4333","Hospital","Private","Abtasol","Antiseptics","5","754","3770","January","2018","Morris Garcia","Tracy Banks","Bravo"
"Gottlieb-Cruickshank ","Hayes-Kilback Pharmaceutical Ltd","?ary","Poland","51.6333","15.1333","Pharmacy","Retail","Effigine Propraprex","Antimalarial","10","377","3770","January","2018","Erica Jones","James Goodwill","Alfa"
"Gottlieb-Cruickshank ","Blick, Pacocha and Schowalter ","Inowroc?aw","Poland","52.7958","18.2611","Pharmacy","Retail","Thalilamide","Antibiotics","2","615","1230","January","2018","Thompson Crawford","James Goodwill","Alfa"
"Gottlieb-Cruickshank ","Rohan PLC Pharmaceutical Limited","Krynica","Poland","49.4222","20.9594","Pharmacy","Retail","Lansostral Acgestin","Antiseptics","5","627","3135","January","2018","Daniel Gates","Alisha Cordwell","Charlie"
"Gottlieb-Cruickshank ","Senger-Kirlin Pharmacy","Koby?ka","Poland","52.3395","21.1959","Hospital","Government","Acantaine","Antibiotics","2","66","132","January","2018","Alan Ray","James Goodwill","Alfa"
"Gottlieb-Cruickshank ","Doyle-Tillman Pharmaceutical Ltd","D?blin","Poland","51.5667","21.8614","Hospital","Private","Kinenadryl","Antipiretics","10","782","7820","January","2018","Stella Given","Alisha Cordwell","Charlie"
"Gottlieb-Cruickshank ","Monahan Ltd ","O?wi?cim","Poland","50.0333","19.2333","Hospital","Government","Microroban Afatigomar","Antimalarial","10","478","4780","January","2018","Thompson Crawford","James Goodwill","Alfa"
"Gottlieb-Cruickshank ","Schulist-Zulauf Pharm","Tychy","Poland","50.1667","19","Hospital","Private","Imiformin Transmunex","Antibiotics","5","400","2000","January","2018","Alan Ray","James Goodwill","Alfa"
"Gottlieb-Cruickshank ","Wolff Group Pharm","Gubin","Poland","51.95","14.7333","Hospital","Government","Neuropogen Empibax","Analgesics","19","605","11495","January","2018","Steve Pepple","Tracy Banks","Bravo"
"Gottlieb-Cruickshank ","Doyle-Tillman Pharmaceutical Ltd","D?blin","Poland","51.5667","21.8614","Hospital","Private","Araxetine","Antibiotics","5","450","2250","January","2018","Stella Given","Alisha Cordwell","Charlie"
"Gottlieb-Cruickshank ","Nader-Gaylord Pharmaceutical Limited","Sob?tka","Poland","50.8986","16.7444","Hospital","Private","Fosinofen","Antipiretics","2","385","770","January","2018","Abigail Thompson","Tracy Banks","Bravo"
"Gottlieb-Cruickshank ","Rogahn-Klein Pharmacy","Koronowo","Poland","53.3137","17.937","Hospital","Private","Trazobalamin","Mood Stabilizers","4","762","3048","January","2018","Jimmy Grey","Alisha Cordwell","Charlie"
"Gottlieb-Cruickshank ","Ondricka, Rosenbaum and Beahan ","Starogard Gda?ski","Poland","53.9667","18.5333","Hospital","Government","Araxetine","Antibiotics","50","450","22500","January","2018","Anne Wu","Britanny Bold","Delta"
"Gottlieb-Cruickshank ","Denesik, Walter and Beatty Pharma Plc","Ostr?w Mazowiecka","Poland","52.8","21.9","Pharmacy","Institution","Amphesirox","Antiseptics","2","25","50","January","2018","Steve Pepple","Tracy Banks","Bravo"
"Gottlieb-Cruickshank ","Erdman, Senger and Oberbrunner Pharm","Rawa Mazowiecka","Poland","51.7667","20.25","Pharmacy","Retail","Zonitonin","Antiseptics","2","518","1036","January","2018","Sheila Stones","Britanny Bold","Delta"
"Gottlieb-Cruickshank ","Hills, Stroman and Ernser Pharm","Pu?tusk","Poland","52.7025","21.0828","Hospital","Private","Apronazol","Antibiotics","6","472","2832","January","2018","Abigail Thompson","Tracy Banks","Bravo"
"Gottlieb-Cruickshank ","Vandervort LLC Pharma Plc","?a?cut","Poland","50.0687","22.2291","Pharmacy","Institution","Magnemunex","Antiseptics","10","689","6890","January","2018","Steve Pepple","Tracy Banks","Bravo"
"Gottlieb-Cruickshank ","Rohan Inc ","Chojn?w","Poland","51.2667","15.9333","Pharmacy","Institution","Symbiroban","Antibiotics","10","122","1220","January","2018","Thompson Crawford","James Goodwill","Alfa"
"Gottlieb-Cruickshank ","Bashirian-Kassulke Pharma Plc","Krak?w","Poland","50.0614","19.9372","Hospital","Private","Insozyme","Antiseptics","1","655","655","January","2018","Daniel Gates","Alisha Cordwell","Charlie"
"Gottlieb-Cruickshank ","Sauer and Sons Pharmaceutical Limited","Brzoz?w","Poland","49.6953","22.0194","Pharmacy","Retail","Morphizolid Tianalin","Mood Stabilizers","2","742","1484","January","2018","Daniel Gates","Alisha Cordwell","Charlie"
"Gottlieb-Cruickshank ","Miller-Satterfield Pharma Plc","Nidzica","Poland","53.3583","20.425","Hospital","Private","Primatate Univatol","Mood Stabilizers","4","172","688","January","2018","Anne Wu","Britanny Bold","Delta"
"Gottlieb-Cruickshank ","Lockman Ltd ","Po?aniec","Poland","50.4333","21.2833","Pharmacy","Institution","Amamadin","Antimalarial","5","713","3565","January","2018","Morris Garcia","Tracy Banks","Bravo"
"Gottlieb-Cruickshank ","Bosco-Marquardt Pharm","L?bork","Poland","54.55","17.75","Hospital","Private","Eproline","Antibiotics","12","780","9360","January","2018","Mary Gerrard","Britanny Bold","Delta"
"Gottlieb-Cruickshank ","Grimes, Jacobs and Durgan Pharm","Be?chat?w","Poland","51.3667","19.3667","Hospital","Private","Algluconium Dorzofoxin","Antibiotics","1","611","611","January","2018","Morris Garcia","Tracy Banks","Bravo"
"Gottlieb-Cruickshank ","Botsford PLC Pharmacy","Pabianice","Poland","51.6642","19.35","Pharmacy","Institution","Docstryl Rivacin","Antiseptics","2","789","1578","January","2018","Mary Gerrard","Britanny Bold","Delta"
"Gottlieb-Cruickshank ","Mante-Grady Pharm","Lubacz?w","Poland","50.1556","23.123","Pharmacy","Institution","Afluferon Entrarenone","Antimalarial","60","104","6240","January","2018","Mary Gerrard","Britanny Bold","Delta"
"Gottlieb-Cruickshank ","Bernier, Murphy and Rau Pharmaceutical Ltd","Ruda ?l?ska","Poland","50.2628","18.8536","Pharmacy","Institution","Tesnorphine Silotamine","Antibiotics","12","319","3828","January","2018","Erica Jones","James Goodwill","Alfa"
"Gottlieb-Cruickshank ","Wunsch, Mills and Walter ","Kielce","Poland","50.8725","20.6319","Pharmacy","Institution","Sodinel Olofribrate","Antimalarial","24","50","1200","January","2018","Alan Ray","James Goodwill","Alfa"
"Gottlieb-Cruickshank ","Schulist-Zulauf Pharm","Tychy","Poland","50.1667","19","Hospital","Private","Malavirine Alimdine","Mood Stabilizers","20","767","15340","January","2018","Alan Ray","James Goodwill","Alfa"
"Gottlieb-Cruickshank ","Gerlach LLC ","Krzeszowice","Poland","50.1333","19.6333","Hospital","Government","Flutacerol","Analgesics","40","745","29800","January","2018","Morris Garcia","Tracy Banks","Bravo"
"Gottlieb-Cruickshank ","Wiegand, Jast and Yost Pharma Plc","P?ock","Poland","52.55","19.7","Hospital","Private","Biotasol Siloderm","Antiseptics","10","373","3730","January","2018","Morris Garcia","Tracy Banks","Bravo"
"Gottlieb-Cruickshank ","Hills, Stroman and Ernser Pharm","Pu?tusk","Poland","52.7025","21.0828","Hospital","Private","Relenvice","Antimalarial","20","459","9180","January","2018","Abigail Thompson","Tracy Banks","Bravo"
"Gottlieb-Cruickshank ","Streich PLC Pharmaceutical Limited","Przemy?l","Poland","49.785","22.7673","Pharmacy","Institution","Dexmeprazole Transnuvia","Mood Stabilizers","48","180","8640","January","2018","Anne Wu","Britanny Bold","Delta"
"Gottlieb-Cruickshank ","Kshlerin, Ryan and Leuschke Pharma Plc","Zielona G?ra","Poland","51.9397","15.505","Hospital","Government","Decidenu Galantrigine","Antipiretics","12","590","7080","January","2018","Thompson Crawford","James Goodwill","Alfa"
"Gottlieb-Cruickshank ","Purdy Ltd Pharmaceutical Limited","G?ucho?azy","Poland","50.3131","17.3742","Hospital","Government","Doxivorin","Antimalarial","20","516","10320","January","2018","Anne Wu","Britanny Bold","Delta"
"Gottlieb-Cruickshank ","Funk, Ratke and Heaney Pharmacy","Prabuty","Poland","53.7558","19.1975","Hospital","Government","Pulmofine","Antibiotics","50","688","34400","January","2018","Morris Garcia","Tracy Banks","Bravo"
"Gottlieb-Cruickshank ","Vandervort LLC Pharma Plc","?a?cut","Poland","50.0687","22.2291","Pharmacy","Institution","Dexmebital Acanplan","Analgesics","36","170","6120","January","2018","Jessica Smith","Britanny Bold","Delta"
"Gottlieb-Cruickshank ","Mraz Group Pharmacy","Piast?w","Poland","52.1833","20.85","Hospital","Private","Aprerase","Antipiretics","12","726","8712","January","2018","Anne Wu","Britanny Bold","Delta"
"Gottlieb-Cruickshank ","Stehr-Champlin Pharmaceutical Limited","Nowe Miasto Lubawskie","Poland","53.4167","19.5833","Hospital","Government","Amcibax Amcikeran","Analgesics","12","319","3828","January","2018","Anne Wu","Britanny Bold","Delta"
"Gottlieb-Cruickshank ","Gerhold, Mills and Effertz Pharm","G?ubczyce","Poland","50.2009","17.8286","Pharmacy","Institution","Imiformin Transmunex","Antibiotics","10","400","4000","January","2018","Alan Ray","James Goodwill","Alfa"
"Gottlieb-Cruickshank ","Doyle-Tillman Pharmaceutical Ltd","D?blin","Poland","51.5667","21.8614","Hospital","Private","Trazobalamin","Mood Stabilizers","20","762","15240","January","2018","Anne Wu","Britanny Bold","Delta"
"Gottlieb-Cruickshank ","Zemlak-Witting Pharmacy","Mi?dzyrzecz","Poland","52.4446","15.578","Pharmacy","Institution","Eproline","Antibiotics","20","780","15600","January","2018","Alan Ray","James Goodwill","Alfa"
"Gottlieb-Cruickshank ","Kreiger Inc Pharma Plc","Mielec","Poland","50.2833","21.4333","Hospital","Private","Menogine","Antiseptics","10","742","7420","January","2018","Morris Garcia","Tracy Banks","Bravo"
"Gottlieb-Cruickshank ","Lockman-Welch Pharm","Bytom","Poland","50.347","18.923","Hospital","Government","Ibrulinum","Antipiretics","12","190","2280","January","2018","Jessica Smith","Britanny Bold","Delta"
"Gottlieb-Cruickshank ","Mraz Group Pharmacy","Piast?w","Poland","52.1833","20.85","Hospital","Private","Rositroban","Mood Stabilizers","24","481","11544","January","2018","Morris Garcia","Tracy Banks","Bravo"
"Gottlieb-Cruickshank ","Nolan, DuBuque and Schultz Pharm","Wa?brzych","Poland","50.7667","16.2833","Hospital","Government","Lovapur","Mood Stabilizers","12","551","6612","January","2018","Thompson Crawford","James Goodwill","Alfa"
"Gottlieb-Cruickshank ","Haag, Bradtke and Terry Pharmacy","Bia?a Podlaska","Poland","52.0333","23.1167","Hospital","Government","Sevotrana Tiafoxin","Analgesics","24","460","11040","January","2018","Steve Pepple","Tracy Banks","Bravo"
"Gottlieb-Cruickshank ","Nitzsche, Effertz and Maggio Pharmacy","Malbork","Poland","54.0285","19.0444","Hospital","Private","Interzide","Antimalarial","6","420","2520","January","2018","Thompson Crawford","James Goodwill","Alfa"
"Gottlieb-Cruickshank ","Mills Inc Pharma Plc","Bydgoszcz","Poland","53.1167","18","Hospital","Private","Relenstrel Exurabine","Antibiotics","20","424","8480","January","2018","Sheila Stones","Britanny Bold","Delta"
"Gottlieb-Cruickshank ","Beier PLC Pharmacy","W?oc?awek","Poland","52.65","19.05","Hospital","Private","Halciramine","Antimalarial","24","409","9816","January","2018","Alan Ray","James Goodwill","Alfa"
"Gottlieb-Cruickshank ","Prohaska-Kuhic Pharmacy","Wis?a","Poland","49.6667","18.8667","Pharmacy","Institution","Ciclonazol","Antiseptics","20","121","2420","January","2018","Anne Wu","Britanny Bold","Delta"
"Gottlieb-Cruickshank ","Denesik-Hintz Pharm","Mi?dzyrzec Podlaski","Poland","51.9833","22.8","Pharmacy","Retail","Dantolac Pazocor","Analgesics","60","578","34680","January","2018","Erica Jones","James Goodwill","Alfa"
"Gottlieb-Cruickshank ","Kilback, Beer and Batz Pharma Plc","Kutno","Poland","52.2333","19.3667","Pharmacy","Retail","Bexridol","Antipiretics","20","80","1600","January","2018","Steve Pepple","Tracy Banks","Bravo"
"Gottlieb-Cruickshank ","Kreiger Inc Pharma Plc","Mielec","Poland","50.2833","21.4333","Hospital","Private","Megenorphine","Antimalarial","12","402","4824","January","2018","Stella Given","Alisha Cordwell","Charlie"
"Gottlieb-Cruickshank ","Heidenreich Group Pharmaceutical Ltd","Rzesz?w","Poland","50.05","22","Pharmacy","Institution","Amlominphen Dexanovate","Analgesics","6","119","714","January","2018","Alan Ray","James Goodwill","Alfa"
"Gottlieb-Cruickshank ","Botsford PLC Pharmacy","Pabianice","Poland","51.6642","19.35","Pharmacy","Institution","Aggrakine","Antiseptics","24","47","1128","January","2018","Daniel Gates","Alisha Cordwell","Charlie"
"Gottlieb-Cruickshank ","Rosenbaum, Klein and Herzog ","Zb?szy?","Poland","52.2531","15.9178","Hospital","Private","Pulmofine","Antibiotics","12","688","8256","January","2018","Steve Pepple","Tracy Banks","Bravo"
"Gottlieb-Cruickshank ","Monahan Ltd ","O?wi?cim","Poland","50.0333","19.2333","Hospital","Government","Kiovax Tercorolac","Analgesics","36","722","25992","January","2018","Thompson Crawford","James Goodwill","Alfa"
"Gottlieb-Cruickshank ","Nader-Gaylord Pharmaceutical Limited","Sob?tka","Poland","50.8986","16.7444","Hospital","Private","Cortirodine Alimcline","Antipiretics","30","128","3840","January","2018","Abigail Thompson","Tracy Banks","Bravo"
"Gottlieb-Cruickshank ","Monahan Ltd ","O?wi?cim","Poland","50.0333","19.2333","Hospital","Government","Clindaracil","Analgesics","10","173","1730","January","2018","Alan Ray","James Goodwill","Alfa"
"Gottlieb-Cruickshank ","Feest-Kshlerin Pharmaceutical Ltd","?widnik","Poland","51.2333","22.7","Pharmacy","Institution","Belavarix Benzabicin","Antibiotics","200","131","26200","January","2018","Alan Ray","James Goodwill","Alfa"
"Gottlieb-Cruickshank ","Erdman PLC Pharmacy","Ozimek","Poland","50.6731","18.2131","Pharmacy","Institution","Lovephilus","Analgesics","10","582","5820","January","2018","Jimmy Grey","Alisha Cordwell","Charlie"
"Gottlieb-Cruickshank ","Koss Ltd Pharmaceutical Limited","Lw?wek ?l?ski","Poland","51.1167","15.5833","Hospital","Private","Cortirodine Alimcline","Antipiretics","12","128","1536","January","2018","Sheila Stones","Britanny Bold","Delta"
"Gottlieb-Cruickshank ","Heathcote, Grant and Witting Pharm","Bielsko-Bia?a","Poland","49.8225","19.0444","Pharmacy","Institution","Lioletine Refliruvax","Analgesics","10","435","4350","January","2018","Daniel Gates","Alisha Cordwell","Charlie"
"Gottlieb-Cruickshank ","Heidenreich Group Pharmaceutical Ltd","Rzesz?w","Poland","50.05","22","Pharmacy","Institution","Afaxacin","Analgesics","12","60","720","January","2018","Alan Ray","James Goodwill","Alfa"
"Gottlieb-Cruickshank ","Okuneva-Corkery ","Kostrzyn nad Odr?","Poland","52.5883","14.6667","Hospital","Government","Acubulin","Antipiretics","36","490","17640","January","2018","Mary Gerrard","Britanny Bold","Delta"
"Gottlieb-Cruickshank ","Schaefer Group Pharmaceutical Limited","Ustro?","Poland","49.7167","18.8167","Hospital","Government","Zonixamine Immulinum","Analgesics","10","298","2980","January","2018","Alan Ray","James Goodwill","Alfa"
"Gottlieb-Cruickshank ","Romaguera-Fay Pharmaceutical Limited","Trzemeszno","Poland","52.5614","17.8231","Pharmacy","Retail","Afaxacin","Analgesics","20","60","1200","January","2018","Abigail Thompson","Tracy Banks","Bravo"
"Gottlieb-Cruickshank ","Blick, Pacocha and Schowalter ","Inowroc?aw","Poland","52.7958","18.2611","Pharmacy","Retail","Sanctumine","Antimalarial","12","149","1788","January","2018","Stella Given","Alisha Cordwell","Charlie"
"Gottlieb-Cruickshank ","Botsford and Sons Pharmaceutical Ltd","Ko?obrzeg","Poland","54.1667","15.5667","Pharmacy","Institution","Acycnafine Microvate","Mood Stabilizers","16","658","10528","January","2018","Jimmy Grey","Alisha Cordwell","Charlie"
"Gottlieb-Cruickshank ","Mraz Group Pharmacy","Piast?w","Poland","52.1833","20.85","Hospital","Private","Theopril","Antipiretics","12","768","9216","January","2018","Thompson Crawford","James Goodwill","Alfa"
"Gottlieb-Cruickshank ","Hills, Stroman and Ernser Pharm","Pu?tusk","Poland","52.7025","21.0828","Hospital","Private","Ciclonazol","Antiseptics","4","121","484","January","2018","Alan Ray","James Goodwill","Alfa"
"Gottlieb-Cruickshank ","Schulist-Zulauf Pharm","Tychy","Poland","50.1667","19","Hospital","Private","Cricane Acamsumab","Antiseptics","10","22","220","January","2018","Erica Jones","James Goodwill","Alfa"
"Gottlieb-Cruickshank ","Waelchi LLC Pharmacy","Katowice","Poland","50.25","19","Hospital","Government","Choriogestrel","Antiseptics","5","347","1735","January","2018","Steve Pepple","Tracy Banks","Bravo"
"Gottlieb-Cruickshank ","Buckridge-Strosin Pharmaceutical Limited","Pruszk?w","Poland","52.1667","20.8","Hospital","Government","Sevoderm","Antipiretics","30","663","19890","January","2018","Mary Gerrard","Britanny Bold","Delta"
"Gottlieb-Cruickshank ","Powlowski-Buckridge Pharma Plc","Ustka","Poland","54.5805","16.8619","Hospital","Private","Sucprine Specbalamin","Antiseptics","10","182","1820","January","2018","Daniel Gates","Alisha Cordwell","Charlie"
"Gottlieb-Cruickshank ","Leannon-West Pharmacy","Cieszyn","Poland","49.75","18.6333","Pharmacy","Retail","Tiaracil","Antipiretics","24","162","3888","January","2018","Mary Gerrard","Britanny Bold","Delta"
"Gottlieb-Cruickshank ","Buckridge-Strosin Pharmaceutical Limited","Pruszk?w","Poland","52.1667","20.8","Hospital","Government","Acycnafine Microvate","Mood Stabilizers","36","658","23688","January","2018","Morris Garcia","Tracy Banks","Bravo"
"Gottlieb-Cruickshank ","Feest-Roob Pharmaceutical Ltd","Wolsztyn","Poland","52.1167","16.1167","Pharmacy","Institution","Fosinofen","Antipiretics","10","385","3850","January","2018","Morris Garcia","Tracy Banks","Bravo"
"Gottlieb-Cruickshank ","Upton, Abernathy and Goodwin Pharmaceutical Ltd","Jaros?aw","Poland","50.0162","22.6778","Hospital","Government","Ceretosine","Antiseptics","24","343","8232","January","2018","Sheila Stones","Britanny Bold","Delta"
"Gottlieb-Cruickshank ","Crona Group Pharma Plc","Kwidzyn","Poland","53.7358","18.9308","Pharmacy","Institution","Comzyme","Antibiotics","24","114","2736","January","2018","Anne Wu","Britanny Bold","Delta"
"Gottlieb-Cruickshank ","Gibson-Hill Pharma Plc","Chrzan?w","Poland","50.1333","19.4","Hospital","Private","Syntheruvax Proracin","Antimalarial","216","86","18576","January","2018","Morris Garcia","Tracy Banks","Bravo"
"Gottlieb-Cruickshank ","Miller-Satterfield Pharma Plc","Nidzica","Poland","53.3583","20.425","Hospital","Private","Sevotrana Tiafoxin","Analgesics","20","460","9200","January","2018","Abigail Thompson","Tracy Banks","Bravo"
"Gottlieb-Cruickshank ","Leffler-Russel Pharm","Konstancin-Jeziorna","Poland","52.0938","21.1176","Hospital","Private","Alimmethate Insudase","Analgesics","24","624","14976","January","2018","Stella Given","Alisha Cordwell","Charlie"
"Gottlieb-Cruickshank ","Koch-Osinski Pharm","Sandomierz","Poland","50.6833","21.75","Hospital","Government","Robapril","Antipiretics","5","453","2265","January","2018","Sheila Stones","Britanny Bold","Delta"
"Gottlieb-Cruickshank ","Harris, Daugherty and Okuneva Pharma Plc","Krotoszyn","Poland","51.697","17.4357","Pharmacy","Retail","Atrabicin Alkerotec","Antiseptics","22","249","5478","January","2018","Anne Wu","Britanny Bold","Delta"
"Gottlieb-Cruickshank ","Crona Group Pharma Plc","Kwidzyn","Poland","53.7358","18.9308","Pharmacy","Institution","Malaxolol Aeroprosyn","Antiseptics","72","502","36144","January","2018","Thompson Crawford","James Goodwill","Alfa"
"Gottlieb-Cruickshank ","Breitenberg-Kuhn Pharmacy","Radom","Poland","51.4036","21.1567","Hospital","Private","Halciramine","Antimalarial","12","409","4908","January","2018","Jimmy Grey","Alisha Cordwell","Charlie"
"Gottlieb-Cruickshank ","Reynolds, Jast and Mante Pharma Plc","Pleszew","Poland","51.8974","17.7856","Pharmacy","Institution","Ultrimax Ultriset","Antiseptics","10","269","2690","January","2018","Morris Garcia","Tracy Banks","Bravo"
"Gottlieb-Cruickshank ","Botsford and Sons Pharmaceutical Ltd","Ko?obrzeg","Poland","54.1667","15.5667","Pharmacy","Institution","Pulmofine","Antibiotics","20","688","13760","January","2018","Thompson Crawford","James Goodwill","Alfa"
"Gottlieb-Cruickshank ","Wintheiser, Breitenberg and Gottlieb Pharmaceutical Limited","Milan?wek","Poland","52.1243","20.6654","Pharmacy","Retail","Imiformin Transmunex","Antibiotics","48","400","19200","January","2018","Thompson Crawford","James Goodwill","Alfa"
"Gottlieb-Cruickshank ","Will and Sons Pharmaceutical Limited","Pozna?","Poland","52.4","16.9167","Hospital","Government","Dexmeprazole Transnuvia","Mood Stabilizers","36","180","6480","January","2018","Sheila Stones","Britanny Bold","Delta"
"Gottlieb-Cruickshank ","Ondricka, Rosenbaum and Beahan ","Starogard Gda?ski","Poland","53.9667","18.5333","Hospital","Government","Acycpex","Mood Stabilizers","5","510","2550","January","2018","Anne Wu","Britanny Bold","Delta"
"Gottlieb-Cruickshank ","Gottlieb-Cruickshank Pharma Plc","Brzeszcze","Poland","50","19.15","Hospital","Private","Morphizolid Tianalin","Mood Stabilizers","5","742","3710","January","2018","Jimmy Grey","Alisha Cordwell","Charlie"
"Gottlieb-Cruickshank ","Runolfsson, Swaniawski and Jaskolski Pharmacy","Sieradz","Poland","51.6","18.75","Hospital","Private","Abatatriptan","Antibiotics","12","742","8904","January","2018","Morris Garcia","Tracy Banks","Bravo"
"Gottlieb-Cruickshank ","Block-Romaguera Pharmaceutical Limited","Tarnowskie G?ry","Poland","50.45","18.8667","Hospital","Private","Abranatal Lysoprosate","Antiseptics","5","681","3405","January","2018","Jimmy Grey","Alisha Cordwell","Charlie"
"Gottlieb-Cruickshank ","Crist Inc ","Stary S?cz","Poland","49.5625","20.6364","Hospital","Private","Menogine","Antiseptics","20","742","14840","January","2018","Thompson Crawford","James Goodwill","Alfa"
"Gottlieb-Cruickshank ","Schulist-Zulauf Pharm","Tychy","Poland","50.1667","19","Hospital","Private","Imiderm Vibranovate","Antipiretics","5","390","1950","January","2018","Thompson Crawford","James Goodwill","Alfa"
"Gottlieb-Cruickshank ","Mills Inc Pharma Plc","Bydgoszcz","Poland","53.1167","18","Hospital","Private","Acycnafine Microvate","Mood Stabilizers","10","658","6580","January","2018","Alan Ray","James Goodwill","Alfa"
"Gottlieb-Cruickshank ","Schowalter, Runolfsson and VonRueden Pharmaceutical Ltd","Grudzi?dz","Poland","53.4925","18.7761","Pharmacy","Retail","Adideine","Mood Stabilizers","24","678","16272","January","2018","Stella Given","Alisha Cordwell","Charlie"
"Gottlieb-Cruickshank ","Grimes, Jacobs and Durgan Pharm","Be?chat?w","Poland","51.3667","19.3667","Hospital","Private","Liomulin","Mood Stabilizers","20","490","9800","January","2018","Morris Garcia","Tracy Banks","Bravo"
"Gottlieb-Cruickshank ","Beier PLC Pharmacy","W?oc?awek","Poland","52.65","19.05","Hospital","Private","Ibrulinum","Antipiretics","60","190","11400","January","2018","Abigail Thompson","Tracy Banks","Bravo"
"Gottlieb-Cruickshank ","Casper, Hyatt and Jakubowski Pharmaceutical Limited","Otwock","Poland","52.1167","21.2667","Hospital","Government","Topitaine","Mood Stabilizers","24","517","12408","January","2018","Sheila Stones","Britanny Bold","Delta"
"Gottlieb-Cruickshank ","Greenholt, Donnelly and O'Reilly Pharmaceutical Limited","Rumia","Poland","54.5667","18.4","Pharmacy","Retail","Lovepion","Antiseptics","40","544","21760","January","2018","Daniel Gates","Alisha Cordwell","Charlie"
"Gottlieb-Cruickshank ","Kutch-Marks Pharm","Che?m","Poland","51.1333","23.4833","Hospital","Private","Symbisine Prednimadin","Mood Stabilizers","24","304","7296","January","2018","Steve Pepple","Tracy Banks","Bravo"
"Gottlieb-Cruickshank ","Gottlieb-Cruickshank Pharma Plc","Brzeszcze","Poland","50","19.15","Hospital","Private","Propralamide Dexlanzolam","Mood Stabilizers","12","391","4692","January","2018","Mary Gerrard","Britanny Bold","Delta"
"Gottlieb-Cruickshank ","Gerlach LLC ","Krzeszowice","Poland","50.1333","19.6333","Hospital","Government","Thalilamide","Antibiotics","6","615","3690","January","2018","Anne Wu","Britanny Bold","Delta"
"Gottlieb-Cruickshank ","Kling Inc Pharmaceutical Ltd","Ostrowiec ?wi?tokrzyski","Poland","50.9333","21.4","Pharmacy","Institution","Claripenem","Antibiotics","100","448","44800","January","2018","Sheila Stones","Britanny Bold","Delta"
"Gottlieb-Cruickshank ","Hermiston LLC ","Strzegom","Poland","51","16.3333","Pharmacy","Institution","Arivac","Antimalarial","36","567","20412","January","2018","Abigail Thompson","Tracy Banks","Bravo"
"Gottlieb-Cruickshank ","Graham and Sons Pharmacy","Warka","Poland","51.7833","21.2","Hospital","Private","Dorzovorin Pentadarone","Antimalarial","10","164","1640","January","2018","Alan Ray","James Goodwill","Alfa"
"Gottlieb-Cruickshank ","Lesch PLC Pharmaceutical Ltd","G?uszyca","Poland","50.6874","16.3717","Pharmacy","Retail","Rebedase Aplencor","Mood Stabilizers","10","180","1800","January","2018","Jimmy Grey","Alisha Cordwell","Charlie"
"Gottlieb-Cruickshank ","Pfeffer-Hodkiewicz Pharmaceutical Ltd","Szczytno","Poland","53.5628","20.9853","Hospital","Government","Thalilamide","Antibiotics","12","615","7380","January","2018","Erica Jones","James Goodwill","Alfa"
"Gottlieb-Cruickshank ","Runte-Marquardt Pharmaceutical Ltd","Olecko","Poland","54.0333","22.5","Hospital","Private","Trazozaprine","Mood Stabilizers","10","708","7080","January","2018","Thompson Crawford","James Goodwill","Alfa"
"Gottlieb-Cruickshank ","Walsh-Brown Pharmacy","Chorz?w","Poland","50.3","18.95","Pharmacy","Retail","Dantocept Ferurenone","Antiseptics","10","307","3070","January","2018","Abigail Thompson","Tracy Banks","Bravo"
"Gottlieb-Cruickshank ","Jakubowski Inc Pharmaceutical Limited","Boles?awiec","Poland","51.2667","15.5667","Pharmacy","Retail","Topifribrate","Analgesics","24","621","14904","January","2018","Mary Gerrard","Britanny Bold","Delta"
"Gottlieb-Cruickshank ","Will and Sons Pharmaceutical Limited","Pozna?","Poland","52.4","16.9167","Hospital","Government","Microroban Afatigomar","Antimalarial","36","478","17208","January","2018","Anne Wu","Britanny Bold","Delta"
"Gottlieb-Cruickshank ","Feest PLC ","?wiecie","Poland","53.4167","18.4333","Pharmacy","Retail","Malavirine Alimdine","Mood Stabilizers","10","767","7670","January","2018","Thompson Crawford","James Goodwill","Alfa"
"Gottlieb-Cruickshank ","Botsford and Sons Pharmaceutical Ltd","Ko?obrzeg","Poland","54.1667","15.5667","Pharmacy","Institution","Interfeferon Aspipex","Antiseptics","20","416","8320","January","2018","Anne Wu","Britanny Bold","Delta"
"Gottlieb-Cruickshank ","Heidenreich Group Pharmaceutical Ltd","Rzesz?w","Poland","50.05","22","Pharmacy","Institution","Acubulin","Antipiretics","24","490","11760","January","2018","Mary Gerrard","Britanny Bold","Delta"
"Gottlieb-Cruickshank ","Funk PLC Pharmaceutical Limited","Miko??w","Poland","50.171","18.9041","Hospital","Government","Fosinofen","Antipiretics","48","385","18480","January","2018","Alan Ray","James Goodwill","Alfa"
"Gottlieb-Cruickshank ","Powlowski-Buckridge Pharma Plc","Ustka","Poland","54.5805","16.8619","Hospital","Private","Alemtuvatol Megalinum","Analgesics","10","682","6820","January","2018","Abigail Thompson","Tracy Banks","Bravo"
"Gottlieb-Cruickshank ","Welch-Orn ","Che?mno","Poland","53.3492","18.4261","Hospital","Private","Malaxolol Aeroprosyn","Antiseptics","60","502","30120","January","2018","Jessica Smith","Britanny Bold","Delta"
"Gottlieb-Cruickshank ","Gleichner, Bahringer and Morar Pharma Plc","Gostynin","Poland","52.4167","19.4667","Hospital","Private","Ciclonazol","Antiseptics","12","121","1452","January","2018","Steve Pepple","Tracy Banks","Bravo"
"Gottlieb-Cruickshank ","Hirthe, Williamson and Macejkovic Pharma Plc","Brzeg","Poland","50.8667","17.4833","Hospital","Government","Fosinofen","Antipiretics","20","385","7700","January","2018","Abigail Thompson","Tracy Banks","Bravo"
"Gottlieb-Cruickshank ","Feest-Roob Pharmaceutical Ltd","Wolsztyn","Poland","52.1167","16.1167","Pharmacy","Institution","Interzide","Antimalarial","15","420","6300","January","2018","Thompson Crawford","James Goodwill","Alfa"
"Gottlieb-Cruickshank ","Balistreri, Torp and Gulgowski Pharmacy","Che?m?a","Poland","53.2","18.6","Hospital","Private","Tiaracil","Antipiretics","24","162","3888","January","2018","Erica Jones","James Goodwill","Alfa"
"Gottlieb-Cruickshank ","Herman, Rice and Rippin ","Zi?bice","Poland","50.6","17.0444","Hospital","Government","Ribabyclor","Antiseptics","12","469","5628","January","2018","Morris Garcia","Tracy Banks","Bravo"
"Gottlieb-Cruickshank ","Block-Romaguera Pharmaceutical Limited","Tarnowskie G?ry","Poland","50.45","18.8667","Hospital","Private","Relenvice","Antimalarial","12","459","5508","January","2018","Alan Ray","James Goodwill","Alfa"
"Gottlieb-Cruickshank ","Pfannerstill Group Pharmaceutical Ltd","Jelcz-Laskowice","Poland","51.0333","17.3333","Pharmacy","Retail","Symdocet","Antipiretics","24","470","11280","January","2018","Jimmy Grey","Alisha Cordwell","Charlie"
"Gottlieb-Cruickshank ","Kunze PLC Pharm","Dar?owo","Poland","54.4167","16.4167","Hospital","Private","Zithrotrol","Antiseptics","12","137","1644","January","2018","Mary Gerrard","Britanny Bold","Delta"
"Gottlieb-Cruickshank ","Bayer LLC Pharmaceutical Ltd","Byt?w","Poland","54.1667","17.5","Hospital","Private","Zonixamine Immulinum","Analgesics","12","298","3576","January","2018","Mary Gerrard","Britanny Bold","Delta"
"Gottlieb-Cruickshank ","Haley PLC Pharmaceutical Limited","Opole","Poland","50.6722","17.9253","Pharmacy","Retail","Angioparin Brimosumab","Mood Stabilizers","12","682","8184","January","2018","Daniel Gates","Alisha Cordwell","Charlie"
"Gottlieb-Cruickshank ","Moore PLC Pharmaceutical Ltd","?om?a","Poland","53.1833","22.0833","Pharmacy","Retail","Angioparin Brimosumab","Mood Stabilizers","24","682","16368","January","2018","Steve Pepple","Tracy Banks","Bravo"
"Gottlieb-Cruickshank ","Ondricka Ltd Pharmacy","?winouj?cie","Poland","53.9167","14.25","Hospital","Government","Clindaracil","Analgesics","24","173","4152","January","2018","Alan Ray","James Goodwill","Alfa"
"Gottlieb-Cruickshank ","West Group Pharmacy","Kluczbork","Poland","50.9833","18.2167","Hospital","Government","Quiniprosyn","Antiseptics","12","445","5340","January","2018","Daniel Gates","Alisha Cordwell","Charlie"
"Gottlieb-Cruickshank ","Runolfsson, Swaniawski and Jaskolski Pharmacy","Sieradz","Poland","51.6","18.75","Hospital","Private","Androporin","Antiseptics","12","659","7908","January","2018","Morris Garcia","Tracy Banks","Bravo"
"Gottlieb-Cruickshank ","Mraz Group Pharmacy","Piast?w","Poland","52.1833","20.85","Hospital","Private","Megenorphine","Antimalarial","12","402","4824","January","2018","Abigail Thompson","Tracy Banks","Bravo"
"Gottlieb-Cruickshank ","Haley PLC Pharmaceutical Limited","Opole","Poland","50.6722","17.9253","Pharmacy","Retail","Hepavice","Mood Stabilizers","5","140","700","January","2018","Jimmy Grey","Alisha Cordwell","Charlie"
"Gottlieb-Cruickshank ","Crist Inc ","Stary S?cz","Poland","49.5625","20.6364","Hospital","Private","Angioparin Brimosumab","Mood Stabilizers","2","682","1364","January","2018","Daniel Gates","Alisha Cordwell","Charlie"
"Gottlieb-Cruickshank ","Buckridge, Hand and Hyatt Pharma Plc","Zgorzelec","Poland","51.1528","15","Pharmacy","Institution","Proprabax","Analgesics","30","64","1920","January","2018","Erica Jones","James Goodwill","Alfa"
"Gottlieb-Cruickshank ","Nitzsche, Effertz and Maggio Pharmacy","Malbork","Poland","54.0285","19.0444","Hospital","Private","Symbiroban","Antibiotics","2","122","244","January","2018","Anne Wu","Britanny Bold","Delta"
"Gottlieb-Cruickshank ","Kertzmann, Quitzon and Harris Pharma Plc","Reszel","Poland","54.0504","21.1458","Hospital","Government","Halcifergen Nevazone","Antimalarial","6","710","4260","January","2018","Mary Gerrard","Britanny Bold","Delta"
"Gottlieb-Cruickshank ","Lebsack, Yost and Heller Pharmaceutical Limited","Wieliczka","Poland","49.9894","20.0661","Pharmacy","Institution","Xenaminphen","Antimalarial","2","195","390","January","2018","Abigail Thompson","Tracy Banks","Bravo"
"Gottlieb-Cruickshank ","Crona Group Pharma Plc","Kwidzyn","Poland","53.7358","18.9308","Pharmacy","Institution","Methiclotide","Antibiotics","5","458","2290","January","2018","Abigail Thompson","Tracy Banks","Bravo"
"Gottlieb-Cruickshank ","Erdman, Senger and Oberbrunner Pharm","Rawa Mazowiecka","Poland","51.7667","20.25","Pharmacy","Retail","Alemtuvatol Megalinum","Analgesics","5","682","3410","January","2018","Thompson Crawford","James Goodwill","Alfa"
"Gottlieb-Cruickshank ","Zieme, Doyle and Kunze ","Lublin","Poland","51.2333","22.5667","Hospital","Private","Cogxone Levanide","Antimalarial","6","686","4116","January","2018","Sheila Stones","Britanny Bold","Delta"
"Gottlieb-Cruickshank ","Lebsack, Yost and Heller Pharmaceutical Limited","Wieliczka","Poland","49.9894","20.0661","Pharmacy","Institution","Alarudin Azarolac","Mood Stabilizers","10","567","5670","January","2018","Daniel Gates","Alisha Cordwell","Charlie"
"Gottlieb-Cruickshank ","Herman-Koss Pharm","Lubsko","Poland","51.7877","14.9724","Hospital","Private","Dasagestin","Analgesics","5","386","1930","January","2018","Daniel Gates","Alisha Cordwell","Charlie"
"Gottlieb-Cruickshank ","Crist, Wisoky and Nolan Pharmaceutical Ltd","Toru?","Poland","53.0167","18.6167","Pharmacy","Retail","Adriacaine","Mood Stabilizers","4","361","1444","January","2018","Alan Ray","James Goodwill","Alfa"
"Gottlieb-Cruickshank ","Romaguera, Moen and Hagenes Pharmaceutical Limited","Sopot","Poland","54.4419","18.5478","Hospital","Private","Fentatrol Rapatelase","Antibiotics","10","458","4580","January","2018","Morris Garcia","Tracy Banks","Bravo"
"Gottlieb-Cruickshank ","Abernathy Group Pharmaceutical Limited","Brzesko","Poland","49.9667","20.6167","Hospital","Government","Diaxolol","Antiseptics","5","765","3825","January","2018","Sheila Stones","Britanny Bold","Delta"
"Gottlieb-Cruickshank ","Funk and Sons Pharmaceutical Limited","Tarnobrzeg","Poland","50.5833","21.6833","Pharmacy","Retail","Trazobalamin","Mood Stabilizers","5","762","3810","January","2018","Stella Given","Alisha Cordwell","Charlie"
"Gottlieb-Cruickshank ","Koch, Borer and Hagenes ","Ko?cian","Poland","52.0833","16.65","Hospital","Private","Raparidol","Mood Stabilizers","6","187","1122","January","2018","Morris Garcia","Tracy Banks","Bravo"
"Gottlieb-Cruickshank ","Buckridge, Hand and Hyatt Pharma Plc","Zgorzelec","Poland","51.1528","15","Pharmacy","Institution","Proderal","Antiseptics","10","34","340","January","2018","Steve Pepple","Tracy Banks","Bravo"
"Gottlieb-Cruickshank ","Osinski-Collins Pharmaceutical Ltd","Elbl?g","Poland","54.1667","19.4","Pharmacy","Institution","Diprolimus","Antiseptics","10","634","6340","January","2018","Daniel Gates","Alisha Cordwell","Charlie"
"Gottlieb-Cruickshank ","Buckridge-Davis ","Legnica","Poland","51.2101","16.1619","Hospital","Private","Enzastryl","Antiseptics","4","26","104","January","2018","Jimmy Grey","Alisha Cordwell","Charlie"
"Gottlieb-Cruickshank ","Kunze PLC Pharm","Dar?owo","Poland","54.4167","16.4167","Hospital","Private","Zynosine","Antimalarial","2","74","148","January","2018","Morris Garcia","Tracy Banks","Bravo"
"Gottlieb-Cruickshank ","Rohan PLC Pharmaceutical Limited","Krynica","Poland","49.4222","20.9594","Pharmacy","Retail","Propralamide Dexlanzolam","Mood Stabilizers","10","391","3910","January","2018","Daniel Gates","Alisha Cordwell","Charlie"
"Gottlieb-Cruickshank ","Bosco-Marquardt Pharm","L?bork","Poland","54.55","17.75","Hospital","Private","Amlominphen Dexanovate","Analgesics","6","119","714","January","2018","Thompson Crawford","James Goodwill","Alfa"
"Gottlieb-Cruickshank ","Yundt-Crona Pharmaceutical Ltd","Siemiatycze","Poland","52.4272","22.8625","Hospital","Private","Duraprazole Agalsixolol","Antiseptics","3","375","1125","January","2018","Anne Wu","Britanny Bold","Delta"
"Gottlieb-Cruickshank ","Schimmel-Waelchi Pharmaceutical Ltd","Grodzisk Mazowiecki","Poland","52.1039","20.6337","Hospital","Government","Lansostral Acgestin","Antiseptics","5","627","3135","January","2018","Thompson Crawford","James Goodwill","Alfa"
"Gottlieb-Cruickshank ","Erdman PLC Pharmacy","Ozimek","Poland","50.6731","18.2131","Pharmacy","Institution","Temasone Thiobucil","Antimalarial","10","482","4820","January","2018","Stella Given","Alisha Cordwell","Charlie"
"Gottlieb-Cruickshank ","Moen, Murazik and Smith ","Siedlce","Poland","52.1833","22.2833","Pharmacy","Retail","Microroban Afatigomar","Antimalarial","15","478","7170","January","2018","Erica Jones","James Goodwill","Alfa"
"Gottlieb-Cruickshank ","Harris, Daugherty and Okuneva Pharma Plc","Krotoszyn","Poland","51.697","17.4357","Pharmacy","Retail","Alpharolac","Antipiretics","30","533","15990","January","2018","Steve Pepple","Tracy Banks","Bravo"
"Gottlieb-Cruickshank ","Nader-Gaylord Pharmaceutical Limited","Sob?tka","Poland","50.8986","16.7444","Hospital","Private","Acubulin","Antipiretics","15","490","7350","January","2018","Jimmy Grey","Alisha Cordwell","Charlie"
"Gottlieb-Cruickshank ","Steuber, Skiles and Kilback Pharma Plc","Sosnowiec","Poland","50.3","19.1667","Pharmacy","Retail","Primapion","Antibiotics","5","492","2460","January","2018","Jimmy Grey","Alisha Cordwell","Charlie"
"Gottlieb-Cruickshank ","Parisian Ltd Pharm","Jelenia G?ra","Poland","50.9","15.7333","Pharmacy","Institution","Tiaracil","Antipiretics","5","162","810","January","2018","Morris Garcia","Tracy Banks","Bravo"
"Gottlieb-Cruickshank ","Mills Inc Pharma Plc","Bydgoszcz","Poland","53.1167","18","Hospital","Private","Pulmodiol Adalaxime","Analgesics","10","605","6050","January","2018","Morris Garcia","Tracy Banks","Bravo"
"Gottlieb-Cruickshank ","Koch, Borer and Hagenes ","Ko?cian","Poland","52.0833","16.65","Hospital","Private","Aclonuma","Antimalarial","10","474","4740","January","2018","Thompson Crawford","James Goodwill","Alfa"
"Gottlieb-Cruickshank ","Senger-Kirlin Pharmacy","Koby?ka","Poland","52.3395","21.1959","Hospital","Government","Cricane Acamsumab","Antiseptics","10","22","220","January","2018","Jessica Smith","Britanny Bold","Delta"
"Gottlieb-Cruickshank ","Steuber, Skiles and Kilback Pharma Plc","Sosnowiec","Poland","50.3","19.1667","Pharmacy","Retail","Veratorol Ciclovatol","Mood Stabilizers","4","154","616","January","2018","Anne Wu","Britanny Bold","Delta"
"Gottlieb-Cruickshank ","Botsford and Sons Pharmaceutical Ltd","Ko?obrzeg","Poland","54.1667","15.5667","Pharmacy","Institution","Panpion","Antiseptics","48","692","33216","January","2018","Erica Jones","James Goodwill","Alfa"
"Gottlieb-Cruickshank ","Rutherford and Sons ","Gdynia","Poland","54.5189","18.5319","Pharmacy","Retail","Amcibax Amcikeran","Analgesics","4","319","1276","January","2018","Abigail Thompson","Tracy Banks","Bravo"
"Gottlieb-Cruickshank ","Heidenreich Group Pharmaceutical Ltd","Rzesz?w","Poland","50.05","22","Pharmacy","Institution","Tetalamide","Antibiotics","1","430","430","January","2018","Steve Pepple","Tracy Banks","Bravo"
"Gottlieb-Cruickshank ","Leuschke PLC Pharmacy","Ciechan?w","Poland","52.8817","20.6106","Pharmacy","Retail","Interfedox Pilobamol","Antiseptics","5","41","205","January","2018","Mary Gerrard","Britanny Bold","Delta"
"Gottlieb-Cruickshank ","Osinski-Collins Pharmaceutical Ltd","Elbl?g","Poland","54.1667","19.4","Pharmacy","Institution","Lactubucil","Antipiretics","4","585","2340","January","2018","Jimmy Grey","Alisha Cordwell","Charlie"
"Gottlieb-Cruickshank ","Paucek, Keeling and Bruen Pharm","??czna","Poland","51.3","22.8833","Pharmacy","Institution","Cortirodine Alimcline","Antipiretics","3","128","384","January","2018","Stella Given","Alisha Cordwell","Charlie"
"Gottlieb-Cruickshank ","Schmitt LLC Pharm","Nysa","Poland","50.4738","17.3344","Pharmacy","Retail","Effidomide Evofribrate","Antiseptics","3","612","1836","January","2018","Mary Gerrard","Britanny Bold","Delta"
"Gottlieb-Cruickshank ","Hansen, Fadel and Schroeder Pharm","Gniezno","Poland","52.5333","17.6","Pharmacy","Retail","Angioparin Brimosumab","Mood Stabilizers","4","682","2728","January","2018","Stella Given","Alisha Cordwell","Charlie"
"Gottlieb-Cruickshank ","Hahn, Rutherford and Gislason Pharmaceutical Limited","?aziska G?rne","Poland","50.15","18.8333","Hospital","Private","Menogine","Antiseptics","4","742","2968","January","2018","Steve Pepple","Tracy Banks","Bravo"
"Gottlieb-Cruickshank ","Hills, Stroman and Ernser Pharm","Pu?tusk","Poland","52.7025","21.0828","Hospital","Private","Veratorol Ciclovatol","Mood Stabilizers","2","154","308","January","2018","Thompson Crawford","James Goodwill","Alfa"
"Gottlieb-Cruickshank ","Mann-Waelchi Pharm","Piotrk?w Trybunalski","Poland","51.4","19.6833","Hospital","Private","Antaparin Varizyme","Mood Stabilizers","3","513","1539","January","2018","Thompson Crawford","James Goodwill","Alfa"
"Gottlieb-Cruickshank ","Balistreri-Watsica Pharmacy","E?k","Poland","53.8167","22.35","Pharmacy","Retail","Choriotrisin","Antibiotics","30","591","17730","January","2018","Sheila Stones","Britanny Bold","Delta"
"Gottlieb-Cruickshank ","Streich PLC Pharmaceutical Limited","Przemy?l","Poland","49.785","22.7673","Pharmacy","Institution","Alpradipine","Analgesics","6","445","2670","January","2018","Daniel Gates","Alisha Cordwell","Charlie"
"Gottlieb-Cruickshank ","Hermiston and Sons Pharma Plc","Bochnia","Poland","49.9833","20.4333","Pharmacy","Institution","Immurenol Temarate","Antipiretics","5","303","1515","January","2018","Erica Jones","James Goodwill","Alfa"
"Gottlieb-Cruickshank ","Okuneva-Corkery ","Kostrzyn nad Odr?","Poland","52.5883","14.6667","Hospital","Government","Halciramine","Antimalarial","10","409","4090","January","2018","Anne Wu","Britanny Bold","Delta"
"Gottlieb-Cruickshank ","Rohan Inc ","Chojn?w","Poland","51.2667","15.9333","Pharmacy","Institution","Sodinel Olofribrate","Antimalarial","6","50","300","January","2018","Jimmy Grey","Alisha Cordwell","Charlie"
"Gottlieb-Cruickshank ","Hill Ltd ","Gliwice","Poland","50.2976","18.6766","Pharmacy","Retail","Pentastrin","Antibiotics","3","497","1491","January","2018","Anne Wu","Britanny Bold","Delta"
"Gottlieb-Cruickshank ","Yundt, Leuschke and Ward Pharmaceutical Ltd","?ychlin","Poland","52.2453","19.6236","Hospital","Government","Atomorelin","Analgesics","3","555","1665","January","2018","Sheila Stones","Britanny Bold","Delta"
"Gottlieb-Cruickshank ","Vandervort LLC Pharma Plc","?a?cut","Poland","50.0687","22.2291","Pharmacy","Institution","Insozyme","Antiseptics","3","655","1965","January","2018","Mary Gerrard","Britanny Bold","Delta"
"Gottlieb-Cruickshank ","Harris, Daugherty and Okuneva Pharma Plc","Krotoszyn","Poland","51.697","17.4357","Pharmacy","Retail","Ceretosine","Antiseptics","10","343","3430","January","2018","Alan Ray","James Goodwill","Alfa"
"Gottlieb-Cruickshank ","Cassin PLC Pharmacy","Miastko","Poland","54","16.9833","Hospital","Private","Megenorphine","Antimalarial","3","402","1206","January","2018","Jimmy Grey","Alisha Cordwell","Charlie"
"Gottlieb-Cruickshank ","Pfannerstill Group Pharmaceutical Ltd","Jelcz-Laskowice","Poland","51.0333","17.3333","Pharmacy","Retail","Aggretisol","Antimalarial","18","262","4716","January","2018","Sheila Stones","Britanny Bold","Delta"
"Gottlieb-Cruickshank ","Bayer LLC Pharmaceutical Ltd","Byt?w","Poland","54.1667","17.5","Hospital","Private","Methiclotide","Antibiotics","4","458","1832","January","2018","Mary Gerrard","Britanny Bold","Delta"
"Gottlieb-Cruickshank ","Moen, Murazik and Smith ","Siedlce","Poland","52.1833","22.2833","Pharmacy","Retail","Claricriptine Adaferol","Antibiotics","10","33","330","January","2018","Steve Pepple","Tracy Banks","Bravo"
"Gottlieb-Cruickshank ","Schaefer-Rolfson ","Niepo?omice","Poland","50.0339","20.2172","Hospital","Private","Effidomide Evofribrate","Antiseptics","10","612","6120","January","2018","Mary Gerrard","Britanny Bold","Delta"
"Gottlieb-Cruickshank ","Jast-Cruickshank Pharma Plc","Bia?ystok","Poland","53.1167","23.1667","Pharmacy","Retail","Eproline","Antibiotics","1","780","780","January","2018","Steve Pepple","Tracy Banks","Bravo"
"Gottlieb-Cruickshank ","Veum-Kerluke Pharmacy","Cz?uch?w","Poland","53.65","17.3667","Pharmacy","Retail","Pazofenac","Mood Stabilizers","1","123","123","January","2018","Mary Gerrard","Britanny Bold","Delta"
"Gottlieb-Cruickshank ","Crist Inc ","Stary S?cz","Poland","49.5625","20.6364","Hospital","Private","Acycpex","Mood Stabilizers","4","510","2040","January","2018","Mary Gerrard","Britanny Bold","Delta"
"Gottlieb-Cruickshank ","Blick, Pacocha and Schowalter ","Inowroc?aw","Poland","52.7958","18.2611","Pharmacy","Retail","Fentatrol Rapatelase","Antibiotics","180","458","82440","January","2018","Daniel Gates","Alisha Cordwell","Charlie"
"Gottlieb-Cruickshank ","Stehr-Champlin Pharmaceutical Limited","Nowe Miasto Lubawskie","Poland","53.4167","19.5833","Hospital","Government","Magnemunex","Antiseptics","300","689","206700","January","2018","Mary Gerrard","Britanny Bold","Delta"
"Gottlieb-Cruickshank ","Block-Romaguera Pharmaceutical Limited","Tarnowskie G?ry","Poland","50.45","18.8667","Hospital","Private","Albuterenone","Antimalarial","150","82","12300","January","2018","Sheila Stones","Britanny Bold","Delta"
"Gottlieb-Cruickshank ","Leuschke, Waters and Schowalter Pharmaceutical Ltd","Krapkowice","Poland","50.4751","17.9654","Pharmacy","Institution","Zarostral","Antipiretics","300","141","42300","January","2018","Jimmy Grey","Alisha Cordwell","Charlie"
"Gottlieb-Cruickshank ","Welch-Orn ","Che?mno","Poland","53.3492","18.4261","Hospital","Private","Aciprex","Antipiretics","120","421","50520","January","2018","Daniel Gates","Alisha Cordwell","Charlie"
"Gottlieb-Cruickshank ","Waelchi LLC Pharmacy","Katowice","Poland","50.25","19","Hospital","Government","Topitaine","Mood Stabilizers","180","517","93060","January","2018","Daniel Gates","Alisha Cordwell","Charlie"
"Gottlieb-Cruickshank ","Miller-Satterfield Pharma Plc","Nidzica","Poland","53.3583","20.425","Hospital","Private","Alemtuvatol Megalinum","Analgesics","180","682","122760","January","2018","Erica Jones","James Goodwill","Alfa"
"Gottlieb-Cruickshank ","Okuneva-Corkery ","Kostrzyn nad Odr?","Poland","52.5883","14.6667","Hospital","Government","Aldevac","Analgesics","150","26","3900","January","2018","Morris Garcia","Tracy Banks","Bravo"
"Gottlieb-Cruickshank ","Zemlak-Witting Pharmacy","Mi?dzyrzecz","Poland","52.4446","15.578","Pharmacy","Institution","Dantocept Ferurenone","Antiseptics","60","307","18420","January","2018","Mary Gerrard","Britanny Bold","Delta"
"Gottlieb-Cruickshank ","Koch-Osinski Pharm","Sandomierz","Poland","50.6833","21.75","Hospital","Government","Solasteride","Mood Stabilizers","90","520","46800","January","2018","Jessica Smith","Britanny Bold","Delta"
"Gottlieb-Cruickshank ","Schinner, Gaylord and Treutel Pharmaceutical Ltd","D?browa G?rnicza","Poland","50.3239","19.1947","Hospital","Government","Lacoplex Hyaluvance","Mood Stabilizers","120","334","40080","January","2018","Anne Wu","Britanny Bold","Delta"
"Gottlieb-Cruickshank ","Effertz, Heaney and Tillman Pharmaceutical Ltd","Jaworzno","Poland","50.2","19.275","Hospital","Government","Argalazine Abostryl","Antipiretics","48","628","30144","January","2018","Mary Gerrard","Britanny Bold","Delta"
"Gottlieb-Cruickshank ","Moore PLC Pharmaceutical Ltd","?om?a","Poland","53.1833","22.0833","Pharmacy","Retail","Abtasol","Antiseptics","48","754","36192","January","2018","Alan Ray","James Goodwill","Alfa"
"Gottlieb-Cruickshank ","Wiegand, Jast and Yost Pharma Plc","P?ock","Poland","52.55","19.7","Hospital","Private","Topifribrate","Analgesics","50","621","31050","January","2018","Stella Given","Alisha Cordwell","Charlie"
"Gottlieb-Cruickshank ","Lesch PLC Pharmaceutical Ltd","G?uszyca","Poland","50.6874","16.3717","Pharmacy","Retail","Veratorol Ciclovatol","Mood Stabilizers","50","154","7700","January","2018","Sheila Stones","Britanny Bold","Delta"
"Gottlieb-Cruickshank ","Schaefer Group Pharmaceutical Limited","Ustro?","Poland","49.7167","18.8167","Hospital","Government","Saprodeine Zanprosyn","Antibiotics","250","215","53750","January","2018","Stella Given","Alisha Cordwell","Charlie"
"Gottlieb-Cruickshank ","Schmitt LLC Pharm","Nysa","Poland","50.4738","17.3344","Pharmacy","Retail","Ribabyclor","Antiseptics","150","469","70350","January","2018","Alan Ray","James Goodwill","Alfa"
"Gottlieb-Cruickshank ","Bernier, Murphy and Rau Pharmaceutical Ltd","Ruda ?l?ska","Poland","50.2628","18.8536","Pharmacy","Institution","Quiniprosyn","Antiseptics","100","445","44500","January","2018","Anne Wu","Britanny Bold","Delta"
"Gottlieb-Cruickshank ","Steuber Ltd Pharmacy","Ostro??ka","Poland","53.0833","21.5667","Hospital","Private","Afluferon Entrarenone","Antimalarial","30","104","3120","January","2018","Anne Wu","Britanny Bold","Delta"
"Gottlieb-Cruickshank ","Hansen Group Pharm","Gryf?w ?l?ski","Poland","51.0308","15.4202","Hospital","Private","Novakyn Tracprox","Antiseptics","30","288","8640","January","2018","Daniel Gates","Alisha Cordwell","Charlie"
"Gottlieb-Cruickshank ","Hermiston LLC ","Strzegom","Poland","51","16.3333","Pharmacy","Institution","Cyclovital","Antimalarial","30","677","20310","January","2018","Anne Wu","Britanny Bold","Delta"
"Gottlieb-Cruickshank ","Parisian, Hagenes and Skiles Pharma Plc","Ciechocinek","Poland","52.8833","18.7833","Pharmacy","Retail","Saprodeine Zanprosyn","Antibiotics","30","215","6450","January","2018","Sheila Stones","Britanny Bold","Delta"
"Gottlieb-Cruickshank ","Herman-Koss Pharm","Lubsko","Poland","51.7877","14.9724","Hospital","Private","Amphesirox","Antiseptics","30","25","750","January","2018","Erica Jones","James Goodwill","Alfa"
"Gottlieb-Cruickshank ","Koch-Osinski Pharm","Sandomierz","Poland","50.6833","21.75","Hospital","Government","Robapril","Antipiretics","1","453","453","January","2018","Jimmy Grey","Alisha Cordwell","Charlie"
"Gottlieb-Cruickshank ","Ondricka, Rosenbaum and Beahan ","Starogard Gda?ski","Poland","53.9667","18.5333","Hospital","Government","Propratecan","Antimalarial","10","682","6820","January","2018","Jimmy Grey","Alisha Cordwell","Charlie"
"Gottlieb-Cruickshank ","Bashirian-Kassulke Pharma Plc","Krak?w","Poland","50.0614","19.9372","Hospital","Private","Apromin","Antiseptics","2","375","750","January","2018","Morris Garcia","Tracy Banks","Bravo"
"Gottlieb-Cruickshank ","Kub, Von and Herzog Pharmacy","Wschowa","Poland","51.8","16.3","Hospital","Private","Dasagestin","Analgesics","5","386","1930","January","2018","Stella Given","Alisha Cordwell","Charlie"
"Gottlieb-Cruickshank ","Heidenreich Group Pharmaceutical Ltd","Rzesz?w","Poland","50.05","22","Pharmacy","Institution","Pentastrin","Antibiotics","5","497","2485","January","2018","Erica Jones","James Goodwill","Alfa"
"Gottlieb-Cruickshank ","Feest PLC ","?wiecie","Poland","53.4167","18.4333","Pharmacy","Retail","Halcifergen Nevazone","Antimalarial","6","710","4260","January","2018","Alan Ray","James Goodwill","Alfa"
"Gottlieb-Cruickshank ","West Group Pharmacy","Kluczbork","Poland","50.9833","18.2167","Hospital","Government","Afaxacin","Analgesics","4","60","240","January","2018","Sheila Stones","Britanny Bold","Delta"
"Gottlieb-Cruickshank ","Nader-Gaylord Pharmaceutical Limited","Sob?tka","Poland","50.8986","16.7444","Hospital","Private","Diazemid Felcept","Analgesics","120","613","73560","January","2018","Stella Given","Alisha Cordwell","Charlie"
"Gottlieb-Cruickshank ","Rohan Inc ","Chojn?w","Poland","51.2667","15.9333","Pharmacy","Institution","Adalatamine","Antiseptics","2","794","1588","January","2018","Jessica Smith","Britanny Bold","Delta"
"Gottlieb-Cruickshank ","Runte-Marquardt Pharmaceutical Ltd","Olecko","Poland","54.0333","22.5","Hospital","Private","Factolamide","Antiseptics","5","345","1725","January","2018","Abigail Thompson","Tracy Banks","Bravo"
"Gottlieb-Cruickshank ","Fadel-West ","Z?otoryja","Poland","51.1264","15.9198","Pharmacy","Institution","Alglutriptan","Analgesics","5","301","1505","January","2018","Jessica Smith","Britanny Bold","Delta"
"Gottlieb-Cruickshank ","McClure, Zemlak and Dibbert Pharmaceutical Limited","K?rnik","Poland","52.2367","17.0986","Hospital","Private","Lioletine Refliruvax","Analgesics","20","435","8700","January","2018","Thompson Crawford","James Goodwill","Alfa"
"Gottlieb-Cruickshank ","Leuschke, Waters and Schowalter Pharmaceutical Ltd","Krapkowice","Poland","50.4751","17.9654","Pharmacy","Institution","Ampinonide","Antimalarial","30","248","7440","January","2018","Stella Given","Alisha Cordwell","Charlie"
"Gottlieb-Cruickshank ","Veum-Kerluke Pharmacy","Cz?uch?w","Poland","53.65","17.3667","Pharmacy","Retail","Hepavice","Mood Stabilizers","5","140","700","January","2018","Jimmy Grey","Alisha Cordwell","Charlie"
"Gottlieb-Cruickshank ","Heller-Abernathy ","Brzeg Dolny","Poland","51.273","16.7081","Hospital","Private","Interfeferon Aspipex","Antiseptics","4","416","1664","January","2018","Jessica Smith","Britanny Bold","Delta"
"Gottlieb-Cruickshank ","Welch-Langworth ","Warsaw","Poland","52.2167","21.0333","Pharmacy","Retail","Zyvance","Analgesics","5","323","1615","January","2018","Sheila Stones","Britanny Bold","Delta"
"Gottlieb-Cruickshank ","Mills Inc Pharma Plc","Bydgoszcz","Poland","53.1167","18","Hospital","Private","Androporin","Antiseptics","5","659","3295","January","2018","Thompson Crawford","James Goodwill","Alfa"
"Gottlieb-Cruickshank ","Lockman Ltd ","Po?aniec","Poland","50.4333","21.2833","Pharmacy","Institution","Asparathasone Unipan","Antibiotics","10","153","1530","January","2018","Abigail Thompson","Tracy Banks","Bravo"
"Gottlieb-Cruickshank ","Mann-Waelchi Pharm","Piotrk?w Trybunalski","Poland","51.4","19.6833","Hospital","Private","Clinicilin Pentozone","Antimalarial","2","112","224","January","2018","Thompson Crawford","James Goodwill","Alfa"
"Gottlieb-Cruickshank ","Lesch PLC Pharmacy","Wroc?aw","Poland","51.1077","17.0353","Hospital","Private","Quixitriptan Alanesin","Antiseptics","24","79","1896","January","2018","Erica Jones","James Goodwill","Alfa"
"Gottlieb-Cruickshank ","Romaguera-Fay Pharmaceutical Limited","Trzemeszno","Poland","52.5614","17.8231","Pharmacy","Retail","Diazemid Felcept","Analgesics","5","613","3065","January","2018","Stella Given","Alisha Cordwell","Charlie"
"Gottlieb-Cruickshank ","Herman, Rice and Rippin ","Zi?bice","Poland","50.6","17.0444","Hospital","Government","Araxetine","Antibiotics","5","450","2250","January","2018","Thompson Crawford","James Goodwill","Alfa"
"Gottlieb-Cruickshank ","Nader-Gaylord Pharmaceutical Ltd","??d?","Poland","51.7769","19.4547","Pharmacy","Retail","Aclonuma","Antimalarial","69","474","32706","January","2018","Steve Pepple","Tracy Banks","Bravo"
"Gottlieb-Cruickshank ","Brakus, Rempel and Harber Pharma Plc","Nowy Targ","Poland","49.4833","20.0333","Pharmacy","Institution","Cephovelam","Mood Stabilizers","4","542","2168","January","2018","Jimmy Grey","Alisha Cordwell","Charlie"
"Gottlieb-Cruickshank ","Doyle-Tillman Pharmaceutical Ltd","D?blin","Poland","51.5667","21.8614","Hospital","Private","Albuterenone","Antimalarial","1","82","82","January","2018","Stella Given","Alisha Cordwell","Charlie"
"Gottlieb-Cruickshank ","McCullough LLC Pharma Plc","Cz?stochowa","Poland","50.8","19.1167","Pharmacy","Retail","Algluconium Dorzofoxin","Antibiotics","4","611","2444","January","2018","Sheila Stones","Britanny Bold","Delta"
"Gottlieb-Cruickshank ","Bosco-Marquardt Pharm","L?bork","Poland","54.55","17.75","Hospital","Private","Araxetine","Antibiotics","50","450","22500","January","2018","Sheila Stones","Britanny Bold","Delta"
"Gottlieb-Cruickshank ","Nader-Gaylord Pharmaceutical Limited","Sob?tka","Poland","50.8986","16.7444","Hospital","Private","Requimadin","Antimalarial","1","408","408","January","2018","Jessica Smith","Britanny Bold","Delta"
"Gottlieb-Cruickshank ","Jast-Cruickshank Pharma Plc","Bia?ystok","Poland","53.1167","23.1667","Pharmacy","Retail","Spiroderall","Mood Stabilizers","2","653","1306","January","2018","Daniel Gates","Alisha Cordwell","Charlie"
"Gottlieb-Cruickshank ","Gibson-Hill Pharma Plc","Chrzan?w","Poland","50.1333","19.4","Hospital","Private","Adalatamine","Antiseptics","4","794","3176","January","2018","Alan Ray","James Goodwill","Alfa"
"Gottlieb-Cruickshank ","Hill Ltd ","Gliwice","Poland","50.2976","18.6766","Pharmacy","Retail","Lioletine Refliruvax","Analgesics","5","435","2175","January","2018","Alan Ray","James Goodwill","Alfa"
"Gottlieb-Cruickshank ","Rohan PLC Pharmaceutical Limited","Krynica","Poland","49.4222","20.9594","Pharmacy","Retail","Alimmethate Insudase","Analgesics","6","624","3744","January","2018","Jessica Smith","Britanny Bold","Delta"
"Gottlieb-Cruickshank ","Steuber, Skiles and Kilback Pharma Plc","Sosnowiec","Poland","50.3","19.1667","Pharmacy","Retail","Menogine","Antiseptics","5","742","3710","January","2018","Alan Ray","James Goodwill","Alfa"
"Gottlieb-Cruickshank ","Erdman PLC Pharmacy","Ozimek","Poland","50.6731","18.2131","Pharmacy","Institution","Nevanide Actozide","Antibiotics","8","773","6184","January","2018","Sheila Stones","Britanny Bold","Delta"
"Gottlieb-Cruickshank ","Balistreri Group Pharmaceutical Ltd","Prudnik","Poland","50.3197","17.5792","Pharmacy","Institution","Sumanazole","Analgesics","4","529","2116","January","2018","Morris Garcia","Tracy Banks","Bravo"
"Gottlieb-Cruickshank ","Nader-Gaylord Pharmaceutical Limited","Sob?tka","Poland","50.8986","16.7444","Hospital","Private","Alisteride Pemidizem","Antiseptics","5","35","175","January","2018","Morris Garcia","Tracy Banks","Bravo"
"Gottlieb-Cruickshank ","Spinka, Schowalter and Conn Pharmaceutical Limited","Bi?goraj","Poland","50.55","22.7333","Pharmacy","Institution","Zithrotrol","Antiseptics","4","137","548","January","2018","Jimmy Grey","Alisha Cordwell","Charlie"
"Gottlieb-Cruickshank ","Rogahn-Klein Pharmacy","Koronowo","Poland","53.3137","17.937","Hospital","Private","Amamadin","Antimalarial","90","713","64170","January","2018","Jimmy Grey","Alisha Cordwell","Charlie"
"Gottlieb-Cruickshank ","Torp-Fisher Pharma Plc","Gorlice","Poland","49.6556","21.1604","Hospital","Government","Kinerinex","Antiseptics","30","647","19410","January","2018","Jessica Smith","Britanny Bold","Delta"
"Gottlieb-Cruickshank ","Rohan PLC Pharmaceutical Limited","Krynica","Poland","49.4222","20.9594","Pharmacy","Retail","Imiderm Vibranovate","Antipiretics","8","390","3120","January","2018","Steve Pepple","Tracy Banks","Bravo"
"Gottlieb-Cruickshank ","Kreiger Inc Pharma Plc","Mielec","Poland","50.2833","21.4333","Hospital","Private","Metapatch","Antipiretics","4","438","1752","January","2018","Mary Gerrard","Britanny Bold","Delta"
"Gottlieb-Cruickshank ","Yundt, Leuschke and Ward Pharmaceutical Ltd","?ychlin","Poland","52.2453","19.6236","Hospital","Government","Panpion","Antiseptics","4","692","2768","January","2018","Mary Gerrard","Britanny Bold","Delta"
"Gottlieb-Cruickshank ","Runolfsson, Swaniawski and Jaskolski Pharmacy","Sieradz","Poland","51.6","18.75","Hospital","Private","Alarudin Azarolac","Mood Stabilizers","5","567","2835","January","2018","Sheila Stones","Britanny Bold","Delta"
"Gottlieb-Cruickshank ","Haag, Bradtke and Terry Pharmacy","Bia?a Podlaska","Poland","52.0333","23.1167","Hospital","Government","Ampysin","Analgesics","3","243","729","January","2018","Thompson Crawford","James Goodwill","Alfa"
"Gottlieb-Cruickshank ","Parisian, Hagenes and Skiles Pharma Plc","Ciechocinek","Poland","52.8833","18.7833","Pharmacy","Retail","Pazofenac","Mood Stabilizers","10","123","1230","January","2018","Abigail Thompson","Tracy Banks","Bravo"
"Gottlieb-Cruickshank ","Lockman-Welch Pharm","Bytom","Poland","50.347","18.923","Hospital","Government","Eproline","Antibiotics","5","780","3900","January","2018","Morris Garcia","Tracy Banks","Bravo"
"Gottlieb-Cruickshank ","Graham and Sons Pharmacy","Warka","Poland","51.7833","21.2","Hospital","Private","Adalatamine","Antiseptics","5","794","3970","January","2018","Jimmy Grey","Alisha Cordwell","Charlie"
"Gottlieb-Cruickshank ","Rosenbaum, Klein and Herzog ","Zb?szy?","Poland","52.2531","15.9178","Hospital","Private","Ibruferon","Antiseptics","20","82","1640","January","2018","Alan Ray","James Goodwill","Alfa"
"Gottlieb-Cruickshank ","Senger-Kirlin Pharmacy","Koby?ka","Poland","52.3395","21.1959","Hospital","Government","Aldevac","Analgesics","8","26","208","January","2018","Jimmy Grey","Alisha Cordwell","Charlie"
"Gottlieb-Cruickshank ","Vandervort LLC Pharma Plc","?a?cut","Poland","50.0687","22.2291","Pharmacy","Institution","Symbitrim","Analgesics","2","536","1072","January","2018","Steve Pepple","Tracy Banks","Bravo"
"Gottlieb-Cruickshank ","Balistreri, Torp and Gulgowski Pharmacy","Che?m?a","Poland","53.2","18.6","Hospital","Private","Apronazol","Antibiotics","24","472","11328","January","2018","Morris Garcia","Tracy Banks","Bravo"
"Gottlieb-Cruickshank ","Lockman Ltd ","Po?aniec","Poland","50.4333","21.2833","Pharmacy","Institution","Finanel","Antimalarial","15","206","3090","January","2018","Thompson Crawford","James Goodwill","Alfa"
"Gottlieb-Cruickshank ","Crona PLC Pharma Plc","Bia?ogard","Poland","54.007","15.9875","Hospital","Private","Apromin","Antiseptics","3","375","1125","January","2018","Anne Wu","Britanny Bold","Delta"
"Gottlieb-Cruickshank ","Bashirian-Kassulke Pharma Plc","Krak?w","Poland","50.0614","19.9372","Hospital","Private","Dantolac Pazocor","Analgesics","5","578","2890","January","2018","Morris Garcia","Tracy Banks","Bravo"
"Gottlieb-Cruickshank ","Schaefer Group Pharmaceutical Limited","Ustro?","Poland","49.7167","18.8167","Hospital","Government","Cyclovital","Antimalarial","40","677","27080","January","2018","Jessica Smith","Britanny Bold","Delta"
"Gottlieb-Cruickshank ","Koch-Osinski Pharm","Sandomierz","Poland","50.6833","21.75","Hospital","Government","Decidenu Galantrigine","Antipiretics","7","590","4130","January","2018","Mary Gerrard","Britanny Bold","Delta"
"Gottlieb-Cruickshank ","Rowe PLC Pharmaceutical Ltd","K?ty","Poland","49.8821","19.2233","Pharmacy","Institution","Insozyme","Antiseptics","4","655","2620","January","2018","Morris Garcia","Tracy Banks","Bravo"
"Gottlieb-Cruickshank ","Spencer-Jerde Pharmacy","Przeworsk","Poland","50.0591","22.4941","Pharmacy","Institution","Nevanide Actozide","Antibiotics","5","773","3865","January","2018","Jimmy Grey","Alisha Cordwell","Charlie"
"Gottlieb-Cruickshank ","Ritchie-Rodriguez Pharm","?uk?w","Poland","51.9167","22.3833","Pharmacy","Retail","Belavarix Benzabicin","Antibiotics","3","131","393","January","2018","Daniel Gates","Alisha Cordwell","Charlie"
"Gottlieb-Cruickshank ","Emard-O'Connell Pharmacy","Zakopane","Poland","49.2994","19.9519","Pharmacy","Retail","Novakyn Tracprox","Antiseptics","4","288","1152","January","2018","Abigail Thompson","Tracy Banks","Bravo"
"Gottlieb-Cruickshank ","Trantow LLC Pharma Plc","Braniewo","Poland","54.3833","19.8333","Pharmacy","Retail","Symbisine Prednimadin","Mood Stabilizers","24","304","7296","January","2018","Erica Jones","James Goodwill","Alfa"
"Gottlieb-Cruickshank ","Steuber Ltd Pharmacy","Ostro??ka","Poland","53.0833","21.5667","Hospital","Private","Fosinofen","Antipiretics","4","385","1540","January","2018","Mary Gerrard","Britanny Bold","Delta"
"Gottlieb-Cruickshank ","Walsh-Brown Pharmacy","Chorz?w","Poland","50.3","18.95","Pharmacy","Retail","Darlofen","Antipiretics","3","577","1731","January","2018","Alan Ray","James Goodwill","Alfa"
"Gottlieb-Cruickshank ","Emard-O'Connell Pharmacy","Zakopane","Poland","49.2994","19.9519","Pharmacy","Retail","Microroban Afatigomar","Antimalarial","4","478","1912","January","2018","Mary Gerrard","Britanny Bold","Delta"
"Gottlieb-Cruickshank ","Streich PLC Pharmaceutical Limited","Przemy?l","Poland","49.785","22.7673","Pharmacy","Institution","Choriotrisin","Antibiotics","120","591","70920","January","2018","Anne Wu","Britanny Bold","Delta"
"Gottlieb-Cruickshank ","Zemlak Group Pharmaceutical Limited","Koszalin","Poland","54.1903","16.1817","Hospital","Private","Factolamide","Antiseptics","20","345","6900","January","2018","Steve Pepple","Tracy Banks","Bravo"
"Gottlieb-Cruickshank ","Kshlerin, Ryan and Leuschke Pharma Plc","Zielona G?ra","Poland","51.9397","15.505","Hospital","Government","Secrelazine Insonamic","Antipiretics","4","694","2776","January","2018","Steve Pepple","Tracy Banks","Bravo"
"Gottlieb-Cruickshank ","Feest-Roob Pharmaceutical Ltd","Wolsztyn","Poland","52.1167","16.1167","Pharmacy","Institution","Afinitasol","Antipiretics","4","286","1144","January","2018","Jessica Smith","Britanny Bold","Delta"
"Gottlieb-Cruickshank ","Hermiston and Sons Pharma Plc","Bochnia","Poland","49.9833","20.4333","Pharmacy","Institution","Aspinavir Silovance","Antibiotics","5","549","2745","January","2018","Jessica Smith","Britanny Bold","Delta"
"Gottlieb-Cruickshank ","Bogan, Jacobs and Kris Pharmacy","Lubart?w","Poland","51.4667","22.6","Pharmacy","Institution","Dantocept Ferurenone","Antiseptics","3","307","921","January","2018","Morris Garcia","Tracy Banks","Bravo"
"Gottlieb-Cruickshank ","Pfeffer-Hodkiewicz Pharmaceutical Ltd","Szczytno","Poland","53.5628","20.9853","Hospital","Government","Topitaine","Mood Stabilizers","3","517","1551","January","2018","Stella Given","Alisha Cordwell","Charlie"
"Gottlieb-Cruickshank ","Steuber Ltd Pharmacy","Ostro??ka","Poland","53.0833","21.5667","Hospital","Private","Pentastrin","Antibiotics","3","497","1491","January","2018","Stella Given","Alisha Cordwell","Charlie"
"Gottlieb-Cruickshank ","Bosco-Marquardt Pharm","L?bork","Poland","54.55","17.75","Hospital","Private","Ranediol","Antibiotics","6","401","2406","January","2018","Jessica Smith","Britanny Bold","Delta"
"Gottlieb-Cruickshank ","McClure, Zemlak and Dibbert Pharmaceutical Limited","K?rnik","Poland","52.2367","17.0986","Hospital","Private","Aggretisol","Antimalarial","1","262","262","January","2018","Morris Garcia","Tracy Banks","Bravo"
"Gottlieb-Cruickshank ","Pfeffer-Hodkiewicz Pharmaceutical Ltd","Szczytno","Poland","53.5628","20.9853","Hospital","Government","Effigine Propraprex","Antimalarial","1","377","377","January","2018","Erica Jones","James Goodwill","Alfa"
"Gottlieb-Cruickshank ","Grimes, Jacobs and Durgan Pharm","Be?chat?w","Poland","51.3667","19.3667","Hospital","Private","Ibrulinum","Antipiretics","20","190","3800","January","2018","Stella Given","Alisha Cordwell","Charlie"
"Gottlieb-Cruickshank ","Kozey-Schroeder ","Jawor","Poland","51.05","16.1833","Hospital","Private","Relenstrel Exurabine","Antibiotics","1","424","424","January","2018","Stella Given","Alisha Cordwell","Charlie"
"Gottlieb-Cruickshank ","Kub, Von and Herzog Pharmacy","Wschowa","Poland","51.8","16.3","Hospital","Private","Lovephilus","Analgesics","20","582","11640","January","2018","Daniel Gates","Alisha Cordwell","Charlie"
"Gottlieb-Cruickshank ","Buckridge, Hand and Hyatt Pharma Plc","Zgorzelec","Poland","51.1528","15","Pharmacy","Institution","Symbitrim","Analgesics","10","536","5360","January","2018","Daniel Gates","Alisha Cordwell","Charlie"
"Gottlieb-Cruickshank ","Doyle-Tillman Pharmaceutical Ltd","D?blin","Poland","51.5667","21.8614","Hospital","Private","Requimadin","Antimalarial","2","408","816","January","2018","Morris Garcia","Tracy Banks","Bravo"
"Gottlieb-Cruickshank ","Carter-Conn Pharma Plc","Brwin?w","Poland","52.1417","20.7167","Hospital","Private","Magnemunex","Antiseptics","5","689","3445","January","2018","Sheila Stones","Britanny Bold","Delta"
"Gottlieb-Cruickshank ","Casper, Hyatt and Jakubowski Pharmaceutical Limited","Otwock","Poland","52.1167","21.2667","Hospital","Government","Lovapur","Mood Stabilizers","6","551","3306","January","2018","Erica Jones","James Goodwill","Alfa"
"Gottlieb-Cruickshank ","Welch-Orn ","Che?mno","Poland","53.3492","18.4261","Hospital","Private","Decidenu Galantrigine","Antipiretics","10","590","5900","January","2018","Morris Garcia","Tracy Banks","Bravo"
"Gottlieb-Cruickshank ","Schaden-Hirthe Pharmaceutical Ltd","?widnica","Poland","50.8438","16.4886","Pharmacy","Institution","Dexmeprazole Transnuvia","Mood Stabilizers","3","180","540","January","2018","Sheila Stones","Britanny Bold","Delta"
"Gottlieb-Cruickshank ","Casper, Hyatt and Jakubowski Pharmaceutical Limited","Otwock","Poland","52.1167","21.2667","Hospital","Government","Travoloride","Antiseptics","6","785","4710","January","2018","Morris Garcia","Tracy Banks","Bravo"
"Gottlieb-Cruickshank ","Greenholt, Donnelly and O'Reilly Pharmaceutical Limited","Rumia","Poland","54.5667","18.4","Pharmacy","Retail","Albudazole Erobloc","Antiseptics","3","563","1689","January","2018","Steve Pepple","Tracy Banks","Bravo"
"Gottlieb-Cruickshank ","Funk, Ratke and Heaney Pharmacy","Prabuty","Poland","53.7558","19.1975","Hospital","Government","Oxymotroban Fexoformin","Analgesics","20","458","9160","January","2018","Mary Gerrard","Britanny Bold","Delta"
"Gottlieb-Cruickshank ","Heathcote, Grant and Witting Pharm","Bielsko-Bia?a","Poland","49.8225","19.0444","Pharmacy","Institution","Magnemunex","Antiseptics","2","689","1378","January","2018","Erica Jones","James Goodwill","Alfa"
"Gottlieb-Cruickshank ","Bernier, Murphy and Rau Pharmaceutical Ltd","Ruda ?l?ska","Poland","50.2628","18.8536","Pharmacy","Institution","Penitrana","Analgesics","5","179","895","January","2018","Sheila Stones","Britanny Bold","Delta"
"Gottlieb-Cruickshank ","Powlowski-Buckridge Pharma Plc","Ustka","Poland","54.5805","16.8619","Hospital","Private","Aquamycin Lacoran","Analgesics","9","345","3105","January","2018","Abigail Thompson","Tracy Banks","Bravo"
"Gottlieb-Cruickshank ","Gottlieb-Cruickshank Pharma Plc","Brzeszcze","Poland","50","19.15","Hospital","Private","Diprolimus","Antiseptics","2","634","1268","January","2018","Jimmy Grey","Alisha Cordwell","Charlie"
"Gottlieb-Cruickshank ","Senger-Kirlin Pharmacy","Koby?ka","Poland","52.3395","21.1959","Hospital","Government","Lovephilus","Analgesics","3","582","1746","January","2018","Mary Gerrard","Britanny Bold","Delta"
"Gottlieb-Cruickshank ","Abernathy Group Pharmaceutical Limited","Brzesko","Poland","49.9667","20.6167","Hospital","Government","Ribabyclor","Antiseptics","18","469","8442","January","2018","Daniel Gates","Alisha Cordwell","Charlie"
"Gottlieb-Cruickshank ","Crona Group Pharma Plc","Kwidzyn","Poland","53.7358","18.9308","Pharmacy","Institution","Pulmofine","Antibiotics","1","688","688","January","2018","Sheila Stones","Britanny Bold","Delta"
"Gottlieb-Cruickshank ","Pfeffer-Hodkiewicz Pharmaceutical Ltd","Szczytno","Poland","53.5628","20.9853","Hospital","Government","Interfestar","Antibiotics","6","62","372","January","2018","Abigail Thompson","Tracy Banks","Bravo"
"Gottlieb-Cruickshank ","Prohaska-Kuhic Pharmacy","Wis?a","Poland","49.6667","18.8667","Pharmacy","Institution","Cephovelam","Mood Stabilizers","10","542","5420","January","2018","Stella Given","Alisha Cordwell","Charlie"
"Gottlieb-Cruickshank ","Hill Ltd ","Gliwice","Poland","50.2976","18.6766","Pharmacy","Retail","Symdocet","Antipiretics","60","470","28200","January","2018","Erica Jones","James Goodwill","Alfa"
"Gottlieb-Cruickshank ","Koch-Osinski Pharm","Sandomierz","Poland","50.6833","21.75","Hospital","Government","Decidenu Galantrigine","Antipiretics","10","590","5900","January","2018","Anne Wu","Britanny Bold","Delta"
"Gottlieb-Cruickshank ","Kozey-Schroeder ","Jawor","Poland","51.05","16.1833","Hospital","Private","Zarostral","Antipiretics","250","141","35250","January","2018","Daniel Gates","Alisha Cordwell","Charlie"
"Gottlieb-Cruickshank ","Feest PLC ","?wiecie","Poland","53.4167","18.4333","Pharmacy","Retail","Aldevac","Analgesics","1","26","26","January","2018","Sheila Stones","Britanny Bold","Delta"
"Gottlieb-Cruickshank ","Leuschke PLC Pharmacy","Ciechan?w","Poland","52.8817","20.6106","Pharmacy","Retail","Malavirine Alimdine","Mood Stabilizers","4","767","3068","January","2018","Steve Pepple","Tracy Banks","Bravo"
"Gottlieb-Cruickshank ","Effertz, Heaney and Tillman Pharmaceutical Ltd","Jaworzno","Poland","50.2","19.275","Hospital","Government","Araxetine","Antibiotics","5","450","2250","January","2018","Jessica Smith","Britanny Bold","Delta"
"Gottlieb-Cruickshank ","Hayes-Kilback Pharmaceutical Ltd","?ary","Poland","51.6333","15.1333","Pharmacy","Retail","Acycnafine Microvate","Mood Stabilizers","4","658","2632","January","2018","Alan Ray","James Goodwill","Alfa"
"Gottlieb-Cruickshank ","Buckridge, Dach and Carroll Pharmaceutical Limited","Lubo?","Poland","52.3333","16.8833","Hospital","Private","Zithrotrol","Antiseptics","2","137","274","January","2018","Morris Garcia","Tracy Banks","Bravo"
"Gottlieb-Cruickshank ","Spencer-Jerde Pharmacy","Przeworsk","Poland","50.0591","22.4941","Pharmacy","Institution","Lansopril Acribax","Antipiretics","4","492","1968","January","2018","Daniel Gates","Alisha Cordwell","Charlie"
"Gottlieb-Cruickshank ","Steuber, Skiles and Kilback Pharma Plc","Sosnowiec","Poland","50.3","19.1667","Pharmacy","Retail","Aggrakine","Antiseptics","3","47","141","January","2018","Jessica Smith","Britanny Bold","Delta"
"Gottlieb-Cruickshank ","Kreiger Inc Pharma Plc","Mielec","Poland","50.2833","21.4333","Hospital","Private","Biotasol Siloderm","Antiseptics","6","373","2238","January","2018","Steve Pepple","Tracy Banks","Bravo"
"Gottlieb-Cruickshank ","Parisian, Hagenes and Skiles Pharma Plc","Ciechocinek","Poland","52.8833","18.7833","Pharmacy","Retail","Pentastrin","Antibiotics","3","497","1491","January","2018","Daniel Gates","Alisha Cordwell","Charlie"
"Gottlieb-Cruickshank ","Funk and Sons Pharmaceutical Limited","Tarnobrzeg","Poland","50.5833","21.6833","Pharmacy","Retail","Bexridol","Antipiretics","4","80","320","January","2018","Sheila Stones","Britanny Bold","Delta"
"Gottlieb-Cruickshank ","Pfeffer-Hodkiewicz Pharmaceutical Ltd","Szczytno","Poland","53.5628","20.9853","Hospital","Government","Zonitonin","Antiseptics","2","518","1036","January","2018","Jessica Smith","Britanny Bold","Delta"
"Gottlieb-Cruickshank ","Herman-Koss Pharm","Lubsko","Poland","51.7877","14.9724","Hospital","Private","Tetalamide","Antibiotics","3","430","1290","January","2018","Jimmy Grey","Alisha Cordwell","Charlie"
"Gottlieb-Cruickshank ","Bayer LLC Pharmaceutical Ltd","Byt?w","Poland","54.1667","17.5","Hospital","Private","Amcibax Amcikeran","Analgesics","2","319","638","January","2018","Abigail Thompson","Tracy Banks","Bravo"
"Gottlieb-Cruickshank ","Steuber, Skiles and Kilback Pharma Plc","Sosnowiec","Poland","50.3","19.1667","Pharmacy","Retail","Ampysin","Analgesics","3","243","729","January","2018","Mary Gerrard","Britanny Bold","Delta"
"Gottlieb-Cruickshank ","Runte-Marquardt Pharmaceutical Ltd","Olecko","Poland","54.0333","22.5","Hospital","Private","Adriafinil Ehtymara","Antiseptics","3","535","1605","January","2018","Sheila Stones","Britanny Bold","Delta"
"Gottlieb-Cruickshank ","Nolan, DuBuque and Schultz Pharm","Wa?brzych","Poland","50.7667","16.2833","Hospital","Government","Ketastadil","Analgesics","5","763","3815","January","2018","Erica Jones","James Goodwill","Alfa"
"Gottlieb-Cruickshank ","Raynor-Graham Pharmaceutical Limited","Gorz?w Wielkopolski","Poland","52.7333","15.25","Pharmacy","Institution","Diaxolol","Antiseptics","2","765","1530","January","2018","Steve Pepple","Tracy Banks","Bravo"
"Gottlieb-Cruickshank ","Purdy Ltd Pharmaceutical Limited","G?ucho?azy","Poland","50.3131","17.3742","Hospital","Government","Aspinavir Silovance","Antibiotics","2","549","1098","January","2018","Thompson Crawford","James Goodwill","Alfa"
"Gottlieb-Cruickshank ","Pfeffer-Hodkiewicz Pharmaceutical Ltd","Szczytno","Poland","53.5628","20.9853","Hospital","Government","Araxetine","Antibiotics","3","450","1350","January","2018","Morris Garcia","Tracy Banks","Bravo"
"Gottlieb-Cruickshank ","Lebsack, Yost and Heller Pharmaceutical Limited","Wieliczka","Poland","49.9894","20.0661","Pharmacy","Institution","Amphesirox","Antiseptics","5","25","125","January","2018","Abigail Thompson","Tracy Banks","Bravo"
"Gottlieb-Cruickshank ","Grimes, Jacobs and Durgan Pharm","Be?chat?w","Poland","51.3667","19.3667","Hospital","Private","Clinicilin Pentozone","Antimalarial","10","112","1120","January","2018","Mary Gerrard","Britanny Bold","Delta"
"Gottlieb-Cruickshank ","Haag, Bradtke and Terry Pharmacy","Bia?a Podlaska","Poland","52.0333","23.1167","Hospital","Government","Zynosine","Antimalarial","30","74","2220","January","2018","Sheila Stones","Britanny Bold","Delta"
"Gottlieb-Cruickshank ","Abernathy Group Pharmaceutical Limited","Brzesko","Poland","49.9667","20.6167","Hospital","Government","Atrabicin Alkerotec","Antiseptics","2","249","498","January","2018","Sheila Stones","Britanny Bold","Delta"
"Gottlieb-Cruickshank ","Graham and Sons Pharmacy","Warka","Poland","51.7833","21.2","Hospital","Private","Lioletine Refliruvax","Analgesics","2","435","870","January","2018","Sheila Stones","Britanny Bold","Delta"
"Gottlieb-Cruickshank ","West Group Pharmacy","Kluczbork","Poland","50.9833","18.2167","Hospital","Government","Fosinofen","Antipiretics","6","385","2310","January","2018","Sheila Stones","Britanny Bold","Delta"
"Gottlieb-Cruickshank ","Beier PLC Pharmacy","W?oc?awek","Poland","52.65","19.05","Hospital","Private","Alisteride Pemidizem","Antiseptics","12","35","420","January","2018","Daniel Gates","Alisha Cordwell","Charlie"
"Gottlieb-Cruickshank ","Hill Ltd ","Gliwice","Poland","50.2976","18.6766","Pharmacy","Retail","Sanctumine","Antimalarial","2","149","298","January","2018","Jimmy Grey","Alisha Cordwell","Charlie"
"Gottlieb-Cruickshank ","D'Amore and Sons ","W?growiec","Poland","52.8","17.2","Hospital","Private","Temasone Thiobucil","Antimalarial","3","482","1446","January","2018","Sheila Stones","Britanny Bold","Delta"
"Gottlieb-Cruickshank ","Fadel-West ","Z?otoryja","Poland","51.1264","15.9198","Pharmacy","Institution","Factolamide","Antiseptics","1","345","345","January","2018","Morris Garcia","Tracy Banks","Bravo"
"Gottlieb-Cruickshank ","Leuschke PLC Pharmacy","Ciechan?w","Poland","52.8817","20.6106","Pharmacy","Retail","Lactubucil","Antipiretics","6","585","3510","January","2018","Sheila Stones","Britanny Bold","Delta"
"Gottlieb-Cruickshank ","Kozey Ltd Pharmaceutical Ltd","Bielsk Podlaski","Poland","52.7667","23.2","Hospital","Government","Albudazole Erobloc","Antiseptics","10","563","5630","January","2018","Morris Garcia","Tracy Banks","Bravo"
"Gottlieb-Cruickshank ","Mills Inc Pharma Plc","Bydgoszcz","Poland","53.1167","18","Hospital","Private","Doxivorin","Antimalarial","2","516","1032","January","2018","Steve Pepple","Tracy Banks","Bravo"
"Gottlieb-Cruickshank ","Lemke Ltd Pharm","Tarn?w","Poland","50.0125","20.9883","Hospital","Private","Paronium Atracustone","Analgesics","2","414","828","January","2018","Jessica Smith","Britanny Bold","Delta"
"Gottlieb-Cruickshank ","Schaefer-Rolfson ","Niepo?omice","Poland","50.0339","20.2172","Hospital","Private","Kiovax Tercorolac","Analgesics","2","722","1444","January","2018","Morris Garcia","Tracy Banks","Bravo"
"Gottlieb-Cruickshank ","Osinski-Collins Pharmaceutical Ltd","Elbl?g","Poland","54.1667","19.4","Pharmacy","Institution","Interfestar","Antibiotics","4","62","248","January","2018","Anne Wu","Britanny Bold","Delta"
"Gottlieb-Cruickshank ","Lindgren-Simonis Pharm","Biskupiec","Poland","53.8647","20.9569","Pharmacy","Retail","Choriotrisin","Antibiotics","10","591","5910","January","2018","Sheila Stones","Britanny Bold","Delta"
"Gottlieb-Cruickshank ","Breitenberg-Kuhn Pharmacy","Radom","Poland","51.4036","21.1567","Hospital","Private","Duraprazole Agalsixolol","Antiseptics","2","375","750","January","2018","Abigail Thompson","Tracy Banks","Bravo"
"Gottlieb-Cruickshank ","Brakus, Rempel and Harber Pharma Plc","Nowy Targ","Poland","49.4833","20.0333","Pharmacy","Institution","Zonixamine Immulinum","Analgesics","2","298","596","January","2018","Erica Jones","James Goodwill","Alfa"
"Gottlieb-Cruickshank ","Kozey Ltd Pharmaceutical Ltd","Bielsk Podlaski","Poland","52.7667","23.2","Hospital","Government","Acantaine","Antibiotics","3","66","198","January","2018","Daniel Gates","Alisha Cordwell","Charlie"
"Gottlieb-Cruickshank ","Feest-Kshlerin Pharmaceutical Ltd","?widnik","Poland","51.2333","22.7","Pharmacy","Institution","Ibruferon","Antiseptics","1","82","82","January","2018","Anne Wu","Britanny Bold","Delta"
"Gottlieb-Cruickshank ","Gleichner, Bahringer and Morar Pharma Plc","Gostynin","Poland","52.4167","19.4667","Hospital","Private","Thionide","Analgesics","1","113","113","January","2018","Sheila Stones","Britanny Bold","Delta"
"Gottlieb-Cruickshank ","Balistreri-Watsica Pharmacy","E?k","Poland","53.8167","22.35","Pharmacy","Retail","Paronium Atracustone","Analgesics","3","414","1242","January","2018","Morris Garcia","Tracy Banks","Bravo"
"Gottlieb-Cruickshank ","Okuneva-Corkery ","Kostrzyn nad Odr?","Poland","52.5883","14.6667","Hospital","Government","Lactubucil","Antipiretics","1","585","585","January","2018","Stella Given","Alisha Cordwell","Charlie"
"Gottlieb-Cruickshank ","Welch-Langworth ","Warsaw","Poland","52.2167","21.0333","Pharmacy","Retail","Menogine","Antiseptics","2","742","1484","January","2018","Thompson Crawford","James Goodwill","Alfa"
"Gottlieb-Cruickshank ","Jast-Cruickshank Pharma Plc","Bia?ystok","Poland","53.1167","23.1667","Pharmacy","Retail","Enzastryl","Antiseptics","2","26","52","January","2018","Morris Garcia","Tracy Banks","Bravo"
"Gottlieb-Cruickshank ","Nitzsche, Effertz and Maggio Pharmacy","Malbork","Poland","54.0285","19.0444","Hospital","Private","Formolovir Amanferon","Analgesics","1","191","191","January","2018","Thompson Crawford","James Goodwill","Alfa"
"Gottlieb-Cruickshank ","Schaden-Hirthe Pharmaceutical Ltd","?widnica","Poland","50.8438","16.4886","Pharmacy","Institution","Albudazole Erobloc","Antiseptics","1","563","563","January","2018","Jimmy Grey","Alisha Cordwell","Charlie"
"Gottlieb-Cruickshank ","Buckridge-Davis ","Legnica","Poland","51.2101","16.1619","Hospital","Private","Symbisine Prednimadin","Mood Stabilizers","2","304","608","January","2018","Jessica Smith","Britanny Bold","Delta"
"Gottlieb-Cruickshank ","Miller-Satterfield Pharma Plc","Nidzica","Poland","53.3583","20.425","Hospital","Private","Saprodeine Zanprosyn","Antibiotics","2","215","430","January","2018","Abigail Thompson","Tracy Banks","Bravo"
"Gottlieb-Cruickshank ","Crist, Wisoky and Nolan Pharmaceutical Ltd","Toru?","Poland","53.0167","18.6167","Pharmacy","Retail","Hydroxyprosyn","Antibiotics","10","220","2200","January","2018","Jessica Smith","Britanny Bold","Delta"
"Gottlieb-Cruickshank ","Daugherty-Rempel Pharma Plc","Be??yce","Poland","51.1833","22.2667","Hospital","Government","Veratorol Ciclovatol","Mood Stabilizers","16","154","2464","January","2018","Thompson Crawford","James Goodwill","Alfa"
"Gottlieb-Cruickshank ","Denesik-Hintz Pharm","Mi?dzyrzec Podlaski","Poland","51.9833","22.8","Pharmacy","Retail","Afaxacin","Analgesics","10","60","600","January","2018","Anne Wu","Britanny Bold","Delta"
"Gottlieb-Cruickshank ","Buckridge, Hand and Hyatt Pharma Plc","Zgorzelec","Poland","51.1528","15","Pharmacy","Institution","Primatate Univatol","Mood Stabilizers","10","172","1720","January","2018","Daniel Gates","Alisha Cordwell","Charlie"
"Gottlieb-Cruickshank ","Boyer and Sons Pharmaceutical Limited","Wa?cz","Poland","53.2667","16.4667","Hospital","Government","Betanem","Analgesics","4","611","2444","January","2018","Daniel Gates","Alisha Cordwell","Charlie"
"Gottlieb-Cruickshank ","Casper, Hyatt and Jakubowski Pharmaceutical Limited","Otwock","Poland","52.1167","21.2667","Hospital","Government","Zynosine","Antimalarial","2","74","148","January","2018","Jimmy Grey","Alisha Cordwell","Charlie"
"Gottlieb-Cruickshank ","Leuschke PLC Pharmacy","Ciechan?w","Poland","52.8817","20.6106","Pharmacy","Retail","Amamadin","Antimalarial","5","713","3565","January","2018","Anne Wu","Britanny Bold","Delta"
"Gottlieb-Cruickshank ","Mante-Grady Pharm","Lubacz?w","Poland","50.1556","23.123","Pharmacy","Institution","Adtiza Gammaluble","Antibiotics","10","452","4520","January","2018","Anne Wu","Britanny Bold","Delta"
"Gottlieb-Cruickshank ","Barrows Inc ","Hajn?wka","Poland","52.7333","23.5667","Hospital","Private","Proderal","Antiseptics","4","34","136","January","2018","Thompson Crawford","James Goodwill","Alfa"
"Gottlieb-Cruickshank ","Moen, Murazik and Smith ","Siedlce","Poland","52.1833","22.2833","Pharmacy","Retail","Aspinavir Silovance","Antibiotics","6","549","3294","January","2018","Thompson Crawford","James Goodwill","Alfa"
"Gottlieb-Cruickshank ","Steuber, Skiles and Kilback Pharma Plc","Sosnowiec","Poland","50.3","19.1667","Pharmacy","Retail","Adalatamine","Antiseptics","5","794","3970","January","2018","Abigail Thompson","Tracy Banks","Bravo"
"Gottlieb-Cruickshank ","Nader-Gaylord Pharmaceutical Limited","Sob?tka","Poland","50.8986","16.7444","Hospital","Private","Alarudin Azarolac","Mood Stabilizers","4","567","2268","January","2018","Jimmy Grey","Alisha Cordwell","Charlie"
"Gottlieb-Cruickshank ","Heidenreich Group Pharmaceutical Ltd","Rzesz?w","Poland","50.05","22","Pharmacy","Institution","Solasteride","Mood Stabilizers","10","520","5200","January","2018","Mary Gerrard","Britanny Bold","Delta"
"Gottlieb-Cruickshank ","Kilback, Beer and Batz Pharma Plc","Kutno","Poland","52.2333","19.3667","Pharmacy","Retail","Sucprine Specbalamin","Antiseptics","10","182","1820","January","2018","Steve Pepple","Tracy Banks","Bravo"
"Gottlieb-Cruickshank ","Graham and Sons Pharmacy","Warka","Poland","51.7833","21.2","Hospital","Private","Aclonuma","Antimalarial","5","474","2370","January","2018","Alan Ray","James Goodwill","Alfa"
"Gottlieb-Cruickshank ","Hahn, Rutherford and Gislason Pharmaceutical Limited","?aziska G?rne","Poland","50.15","18.8333","Hospital","Private","Cyclovital","Antimalarial","25","677","16925","January","2018","Anne Wu","Britanny Bold","Delta"
"Gottlieb-Cruickshank ","Hansen Group Pharm","Gryf?w ?l?ski","Poland","51.0308","15.4202","Hospital","Private","Primapion","Antibiotics","30","492","14760","January","2018","Stella Given","Alisha Cordwell","Charlie"
"Gottlieb-Cruickshank ","Beier PLC Pharmacy","W?oc?awek","Poland","52.65","19.05","Hospital","Private","Pentastrin","Antibiotics","24","497","11928","January","2018","Alan Ray","James Goodwill","Alfa"
"Gottlieb-Cruickshank ","Schaefer Group Pharmaceutical Limited","Ustro?","Poland","49.7167","18.8167","Hospital","Government","Stelazolid","Antimalarial","5","73","365","January","2018","Alan Ray","James Goodwill","Alfa"
"Gottlieb-Cruickshank ","Gerlach LLC ","Krzeszowice","Poland","50.1333","19.6333","Hospital","Government","Arivac","Antimalarial","3","567","1701","January","2018","Erica Jones","James Goodwill","Alfa"
"Gottlieb-Cruickshank ","Herman, Rice and Rippin ","Zi?bice","Poland","50.6","17.0444","Hospital","Government","Allomenda","Antipiretics","12","487","5844","January","2018","Mary Gerrard","Britanny Bold","Delta"
"Gottlieb-Cruickshank ","Herman, Rice and Rippin ","Zi?bice","Poland","50.6","17.0444","Hospital","Government","Aggrakine","Antiseptics","10","47","470","January","2018","Alan Ray","James Goodwill","Alfa"
"Gottlieb-Cruickshank ","Raynor-Graham Pharmaceutical Limited","Gorz?w Wielkopolski","Poland","52.7333","15.25","Pharmacy","Institution","Ciclonazol","Antiseptics","4","121","484","January","2018","Steve Pepple","Tracy Banks","Bravo"
"Gottlieb-Cruickshank ","Kub, Von and Herzog Pharmacy","Wschowa","Poland","51.8","16.3","Hospital","Private","Antaparin Varizyme","Mood Stabilizers","12","513","6156","January","2018","Erica Jones","James Goodwill","Alfa"
"Gottlieb-Cruickshank ","Leuschke PLC Pharmacy","Ciechan?w","Poland","52.8817","20.6106","Pharmacy","Retail","Topipizole","Mood Stabilizers","5","368","1840","January","2018","Steve Pepple","Tracy Banks","Bravo"
"Gottlieb-Cruickshank ","Moore PLC Pharmaceutical Ltd","?om?a","Poland","53.1833","22.0833","Pharmacy","Retail","Magneprex","Antimalarial","7","187","1309","January","2018","Anne Wu","Britanny Bold","Delta"
"Gottlieb-Cruickshank ","Johnson, Friesen and Torphy Pharma Plc","Gryfino","Poland","53.2524","14.4883","Hospital","Government","Abranatal Lysoprosate","Antiseptics","20","681","13620","January","2018","Thompson Crawford","James Goodwill","Alfa"
"Gottlieb-Cruickshank ","Emard-O'Connell Pharmacy","Zakopane","Poland","49.2994","19.9519","Pharmacy","Retail","Aclonuma","Antimalarial","11","474","5214","January","2018","Stella Given","Alisha Cordwell","Charlie"
"Gottlieb-Cruickshank ","Hansen Group Pharm","Gryf?w ?l?ski","Poland","51.0308","15.4202","Hospital","Private","Aquamycin Lacoran","Analgesics","12","345","4140","January","2018","Stella Given","Alisha Cordwell","Charlie"
"Gottlieb-Cruickshank ","Mraz Group Pharmacy","Piast?w","Poland","52.1833","20.85","Hospital","Private","Cephovelam","Mood Stabilizers","120","542","65040","January","2018","Stella Given","Alisha Cordwell","Charlie"
"Gottlieb-Cruickshank ","Yundt, Leuschke and Ward Pharmaceutical Ltd","?ychlin","Poland","52.2453","19.6236","Hospital","Government","Fosinofen","Antipiretics","2","385","770","January","2018","Mary Gerrard","Britanny Bold","Delta"
"Gottlieb-Cruickshank ","Kshlerin, Ryan and Leuschke Pharma Plc","Zielona G?ra","Poland","51.9397","15.505","Hospital","Government","Propralamide Dexlanzolam","Mood Stabilizers","4","391","1564","January","2018","Alan Ray","James Goodwill","Alfa"
"Gottlieb-Cruickshank ","Blick, Pacocha and Schowalter ","Inowroc?aw","Poland","52.7958","18.2611","Pharmacy","Retail","Nisorase","Antibiotics","30","393","11790","January","2018","Alan Ray","James Goodwill","Alfa"
"Gottlieb-Cruickshank ","Botsford and Sons Pharmaceutical Ltd","Ko?obrzeg","Poland","54.1667","15.5667","Pharmacy","Institution","Tesnorphine Silotamine","Antibiotics","10","319","3190","January","2018","Jimmy Grey","Alisha Cordwell","Charlie"
"Gottlieb-Cruickshank ","Hills, Stroman and Ernser Pharm","Pu?tusk","Poland","52.7025","21.0828","Hospital","Private","Symbisine Prednimadin","Mood Stabilizers","12","304","3648","January","2018","Jimmy Grey","Alisha Cordwell","Charlie"
"Gottlieb-Cruickshank ","Lesch PLC Pharmacy","Wroc?aw","Poland","51.1077","17.0353","Hospital","Private","Exexone","Mood Stabilizers","6","239","1434","January","2018","Steve Pepple","Tracy Banks","Bravo"
"Gottlieb-Cruickshank ","Hermiston and Sons Pharma Plc","Bochnia","Poland","49.9833","20.4333","Pharmacy","Institution","Clinicilin Pentozone","Antimalarial","4","112","448","January","2018","Thompson Crawford","James Goodwill","Alfa"
"Gottlieb-Cruickshank ","Abernathy Group Pharmaceutical Limited","Brzesko","Poland","49.9667","20.6167","Hospital","Government","Alpradipine","Analgesics","15","445","6675","January","2018","Erica Jones","James Goodwill","Alfa"
"Gottlieb-Cruickshank ","Haag, Bradtke and Terry Pharmacy","Bia?a Podlaska","Poland","52.0333","23.1167","Hospital","Government","Imiderm Vibranovate","Antipiretics","5","390","1950","January","2018","Thompson Crawford","James Goodwill","Alfa"
"Gottlieb-Cruickshank ","Roob, Ernser and Kub Pharmaceutical Limited","Suwa?ki","Poland","54.0833","22.9333","Hospital","Government","Solasteride","Mood Stabilizers","10","520","5200","January","2018","Anne Wu","Britanny Bold","Delta"
"Gottlieb-Cruickshank ","Walsh-Brown Pharmacy","Chorz?w","Poland","50.3","18.95","Pharmacy","Retail","Finanel","Antimalarial","20","206","4120","January","2018","Morris Garcia","Tracy Banks","Bravo"
"Gottlieb-Cruickshank ","Mante-Grady Pharm","Lubacz?w","Poland","50.1556","23.123","Pharmacy","Institution","Exotropin Empizine","Mood Stabilizers","45","785","35325","January","2018","Alan Ray","James Goodwill","Alfa"
"Gottlieb-Cruickshank ","Herman, Rice and Rippin ","Zi?bice","Poland","50.6","17.0444","Hospital","Government","Presetron","Mood Stabilizers","30","216","6480","January","2018","Stella Given","Alisha Cordwell","Charlie"
"Gottlieb-Cruickshank ","Lesch PLC Pharmaceutical Ltd","G?uszyca","Poland","50.6874","16.3717","Pharmacy","Retail","Neuropogen Empibax","Analgesics","12","605","7260","January","2018","Thompson Crawford","James Goodwill","Alfa"
"Gottlieb-Cruickshank ","Leuschke, Waters and Schowalter Pharmaceutical Ltd","Krapkowice","Poland","50.4751","17.9654","Pharmacy","Institution","Diprolimus","Antiseptics","12","634","7608","January","2018","Sheila Stones","Britanny Bold","Delta"
"Gottlieb-Cruickshank ","Gerlach LLC ","Krzeszowice","Poland","50.1333","19.6333","Hospital","Government","Tetalamide","Antibiotics","14","430","6020","January","2018","Daniel Gates","Alisha Cordwell","Charlie"
"Gottlieb-Cruickshank ","Lesch PLC Pharmacy","Wroc?aw","Poland","51.1077","17.0353","Hospital","Private","Requimadin","Antimalarial","5","408","2040","January","2018","Sheila Stones","Britanny Bold","Delta"
"Gottlieb-Cruickshank ","Herman, Rice and Rippin ","Zi?bice","Poland","50.6","17.0444","Hospital","Government","Kinerinex","Antiseptics","12","647","7764","January","2018","Jimmy Grey","Alisha Cordwell","Charlie"
"Gottlieb-Cruickshank ","Ondricka Ltd Pharmacy","?winouj?cie","Poland","53.9167","14.25","Hospital","Government","Topitaine","Mood Stabilizers","6","517","3102","January","2018","Abigail Thompson","Tracy Banks","Bravo"
"Gottlieb-Cruickshank ","Pfeffer-Hodkiewicz Pharmaceutical Ltd","Szczytno","Poland","53.5628","20.9853","Hospital","Government","Symbiroban","Antibiotics","12","122","1464","January","2018","Anne Wu","Britanny Bold","Delta"
"Gottlieb-Cruickshank ","Wintheiser, Breitenberg and Gottlieb Pharmaceutical Limited","Milan?wek","Poland","52.1243","20.6654","Pharmacy","Retail","Topifribrate","Analgesics","48","621","29808","January","2018","Steve Pepple","Tracy Banks","Bravo"
"Gottlieb-Cruickshank ","Gleichner, Bahringer and Morar Pharma Plc","Gostynin","Poland","52.4167","19.4667","Hospital","Private","Angioparin Brimosumab","Mood Stabilizers","24","682","16368","January","2018","Erica Jones","James Goodwill","Alfa"
"Gottlieb-Cruickshank ","Kling Inc Pharmaceutical Ltd","Ostrowiec ?wi?tokrzyski","Poland","50.9333","21.4","Pharmacy","Institution","Pulmogen Alitora","Antiseptics","24","647","15528","January","2018","Alan Ray","James Goodwill","Alfa"
"Gottlieb-Cruickshank ","Will and Sons Pharma Plc","Gniew","Poland","53.8333","18.8333","Pharmacy","Retail","Effigine Propraprex","Antimalarial","50","377","18850","January","2018","Erica Jones","James Goodwill","Alfa"
"Gottlieb-Cruickshank ","Heathcote, Grant and Witting Pharm","Bielsko-Bia?a","Poland","49.8225","19.0444","Pharmacy","Institution","Secrelazine Insonamic","Antipiretics","12","694","8328","January","2018","Anne Wu","Britanny Bold","Delta"
"Gottlieb-Cruickshank ","Upton, Abernathy and Goodwin Pharmaceutical Ltd","Jaros?aw","Poland","50.0162","22.6778","Hospital","Government","Secrelazine Insonamic","Antipiretics","24","694","16656","January","2018","Morris Garcia","Tracy Banks","Bravo"
"Gottlieb-Cruickshank ","Hermiston LLC ","Strzegom","Poland","51","16.3333","Pharmacy","Institution","Abranatal Lysoprosate","Antiseptics","24","681","16344","January","2018","Daniel Gates","Alisha Cordwell","Charlie"
"Gottlieb-Cruickshank ","Zemlak-Witting Pharmacy","Mi?dzyrzecz","Poland","52.4446","15.578","Pharmacy","Institution","Eproline","Antibiotics","60","780","46800","January","2018","Jessica Smith","Britanny Bold","Delta"
"Gottlieb-Cruickshank ","Waelchi LLC Pharmacy","Katowice","Poland","50.25","19","Hospital","Government","Syntheruvax Proracin","Antimalarial","36","86","3096","January","2018","Erica Jones","James Goodwill","Alfa"
"Gottlieb-Cruickshank ","Schaefer Group Pharmaceutical Limited","Ustro?","Poland","49.7167","18.8167","Hospital","Government","Acubulin","Antipiretics","24","490","11760","January","2018","Sheila Stones","Britanny Bold","Delta"
"Gottlieb-Cruickshank ","Grimes, Jacobs and Durgan Pharm","Be?chat?w","Poland","51.3667","19.3667","Hospital","Private","Panpion","Antiseptics","12","692","8304","January","2018","Daniel Gates","Alisha Cordwell","Charlie"
"Gottlieb-Cruickshank ","Bayer LLC Pharmaceutical Ltd","Byt?w","Poland","54.1667","17.5","Hospital","Private","Alimmethate Insudase","Analgesics","36","624","22464","January","2018","Jimmy Grey","Alisha Cordwell","Charlie"
"Gottlieb-Cruickshank ","Ondricka Ltd Pharmacy","?winouj?cie","Poland","53.9167","14.25","Hospital","Government","Stelazolid","Antimalarial","24","73","1752","January","2018","Alan Ray","James Goodwill","Alfa"
"Gottlieb-Cruickshank ","Boyer and Sons Pharmaceutical Limited","Wa?cz","Poland","53.2667","16.4667","Hospital","Government","Zonixamine Immulinum","Analgesics","24","298","7152","January","2018","Sheila Stones","Britanny Bold","Delta"
"Gottlieb-Cruickshank ","Ondricka, Rosenbaum and Beahan ","Starogard Gda?ski","Poland","53.9667","18.5333","Hospital","Government","Ergomethate","Mood Stabilizers","24","604","14496","January","2018","Morris Garcia","Tracy Banks","Bravo"
"Gottlieb-Cruickshank ","Leuschke PLC Pharmacy","Ciechan?w","Poland","52.8817","20.6106","Pharmacy","Retail","Pulmodiol Adalaxime","Analgesics","24","605","14520","January","2018","Stella Given","Alisha Cordwell","Charlie"
"Gottlieb-Cruickshank ","Nitzsche, Effertz and Maggio Pharmacy","Malbork","Poland","54.0285","19.0444","Hospital","Private","Enzastryl","Antiseptics","24","26","624","January","2018","Anne Wu","Britanny Bold","Delta"
"Gottlieb-Cruickshank ","Bogan, Jacobs and Kris Pharmacy","Lubart?w","Poland","51.4667","22.6","Pharmacy","Institution","Abilovir Aprotasol","Antipiretics","24","269","6456","January","2018","Mary Gerrard","Britanny Bold","Delta"
"Gottlieb-Cruickshank ","Lockman Ltd ","Po?aniec","Poland","50.4333","21.2833","Pharmacy","Institution","Arivac","Antimalarial","48","567","27216","January","2018","Daniel Gates","Alisha Cordwell","Charlie"
"Gottlieb-Cruickshank ","Nader-Borer Pharma Plc","Bielawa","Poland","50.6908","16.623","Pharmacy","Retail","Fentatrol Rapatelase","Antibiotics","12","458","5496","January","2018","Morris Garcia","Tracy Banks","Bravo"
"Gottlieb-Cruickshank ","Herman, Rice and Rippin ","Zi?bice","Poland","50.6","17.0444","Hospital","Government","Abtasol","Antiseptics","5","754","3770","January","2018","Anne Wu","Britanny Bold","Delta"
"Gottlieb-Cruickshank ","Johnson, Friesen and Torphy Pharma Plc","Gryfino","Poland","53.2524","14.4883","Hospital","Government","Temasone Thiobucil","Antimalarial","36","482","17352","January","2018","Jimmy Grey","Alisha Cordwell","Charlie"
"Gottlieb-Cruickshank ","Balistreri, Torp and Gulgowski Pharmacy","Che?m?a","Poland","53.2","18.6","Hospital","Private","Kinenadryl","Antipiretics","108","782","84456","January","2018","Alan Ray","James Goodwill","Alfa"
"Gottlieb-Cruickshank ","Herman-Koss Pharm","Lubsko","Poland","51.7877","14.9724","Hospital","Private","Fentatrol Rapatelase","Antibiotics","24","458","10992","January","2018","Erica Jones","James Goodwill","Alfa"
"Gottlieb-Cruickshank ","Upton, Abernathy and Goodwin Pharmaceutical Ltd","Jaros?aw","Poland","50.0162","22.6778","Hospital","Government","Lansopril Acribax","Antipiretics","12","492","5904","January","2018","Jessica Smith","Britanny Bold","Delta"
"Gottlieb-Cruickshank ","Grimes, Jacobs and Durgan Pharm","Be?chat?w","Poland","51.3667","19.3667","Hospital","Private","Asparathasone Unipan","Antibiotics","24","153","3672","January","2018","Thompson Crawford","James Goodwill","Alfa"
"Gottlieb-Cruickshank ","Parisian Ltd Pharm","Jelenia G?ra","Poland","50.9","15.7333","Pharmacy","Institution","Topipizole","Mood Stabilizers","48","368","17664","January","2018","Jimmy Grey","Alisha Cordwell","Charlie"
"Gottlieb-Cruickshank ","Ritchie-Rodriguez Pharm","?uk?w","Poland","51.9167","22.3833","Pharmacy","Retail","Afinitasol","Antipiretics","24","286","6864","January","2018","Erica Jones","James Goodwill","Alfa"
"Gottlieb-Cruickshank ","Lindgren-Simonis Pharm","Biskupiec","Poland","53.8647","20.9569","Pharmacy","Retail","Sumanazole","Analgesics","120","529","63480","January","2018","Daniel Gates","Alisha Cordwell","Charlie"
"Gottlieb-Cruickshank ","Funk PLC Pharmaceutical Limited","Miko??w","Poland","50.171","18.9041","Hospital","Government","Albudazole Erobloc","Antiseptics","108","563","60804","January","2018","Daniel Gates","Alisha Cordwell","Charlie"
"Gottlieb-Cruickshank ","Blick, Pacocha and Schowalter ","Inowroc?aw","Poland","52.7958","18.2611","Pharmacy","Retail","Betanem","Analgesics","24","611","14664","January","2018","Stella Given","Alisha Cordwell","Charlie"
"Gottlieb-Cruickshank ","Hahn, Rutherford and Gislason Pharmaceutical Limited","?aziska G?rne","Poland","50.15","18.8333","Hospital","Private","Abobozolid","Antimalarial","60","75","4500","January","2018","Stella Given","Alisha Cordwell","Charlie"
"Gottlieb-Cruickshank ","Will and Sons Pharmaceutical Limited","Pozna?","Poland","52.4","16.9167","Hospital","Government","Afretosine","Mood Stabilizers","120","404","48480","January","2018","Stella Given","Alisha Cordwell","Charlie"
"Gottlieb-Cruickshank ","Barton Ltd Pharma Plc","Czelad?","Poland","50.3333","19.0833","Hospital","Private","Aquamycin Lacoran","Analgesics","24","345","8280","January","2018","Alan Ray","James Goodwill","Alfa"
"Gottlieb-Cruickshank ","Kreiger Inc Pharma Plc","Mielec","Poland","50.2833","21.4333","Hospital","Private","Claricriptine Adaferol","Antibiotics","24","33","792","January","2018","Alan Ray","James Goodwill","Alfa"
"Gottlieb-Cruickshank ","Wintheiser, Breitenberg and Gottlieb Pharmaceutical Limited","Milan?wek","Poland","52.1243","20.6654","Pharmacy","Retail","Sevoderm","Antipiretics","60","663","39780","January","2018","Alan Ray","James Goodwill","Alfa"
"Gottlieb-Cruickshank ","Gleichner, Bahringer and Morar Pharma Plc","Gostynin","Poland","52.4167","19.4667","Hospital","Private","Abtasol","Antiseptics","24","754","18096","January","2018","Steve Pepple","Tracy Banks","Bravo"
"Gottlieb-Cruickshank ","Nader-Gaylord Pharmaceutical Limited","Sob?tka","Poland","50.8986","16.7444","Hospital","Private","Magneprex","Antimalarial","12","187","2244","January","2018","Thompson Crawford","James Goodwill","Alfa"
"Gottlieb-Cruickshank ","Buckridge, Hand and Hyatt Pharma Plc","Zgorzelec","Poland","51.1528","15","Pharmacy","Institution","Tetalamide","Antibiotics","72","430","30960","January","2018","Daniel Gates","Alisha Cordwell","Charlie"
"Gottlieb-Cruickshank ","Bayer LLC Pharmaceutical Ltd","Byt?w","Poland","54.1667","17.5","Hospital","Private","Choriogestrel","Antiseptics","96","347","33312","January","2018","Steve Pepple","Tracy Banks","Bravo"
"Gottlieb-Cruickshank ","McClure, Zemlak and Dibbert Pharma Plc","Gda?sk","Poland","54.3667","18.6333","Pharmacy","Retail","Invisteride Diclomycin","Mood Stabilizers","24","452","10848","January","2018","Sheila Stones","Britanny Bold","Delta"
"Gottlieb-Cruickshank ","Feest-Roob Pharmaceutical Ltd","Wolsztyn","Poland","52.1167","16.1167","Pharmacy","Institution","Hemavate Spirolinum","Mood Stabilizers","12","210","2520","January","2018","Jimmy Grey","Alisha Cordwell","Charlie"
"Gottlieb-Cruickshank ","Beahan, Littel and Ondricka Pharmacy","??czyca","Poland","52.0583","19.2","Pharmacy","Institution","Adtiza Gammaluble","Antibiotics","12","452","5424","January","2018","Alan Ray","James Goodwill","Alfa"
"Gottlieb-Cruickshank ","Casper, Hyatt and Jakubowski Pharmaceutical Limited","Otwock","Poland","52.1167","21.2667","Hospital","Government","Cephovelam","Mood Stabilizers","24","542","13008","January","2018","Jessica Smith","Britanny Bold","Delta"
"Gottlieb-Cruickshank ","West Group Pharmacy","Kluczbork","Poland","50.9833","18.2167","Hospital","Government","Docstryl Rivacin","Antiseptics","60","789","47340","January","2018","Abigail Thompson","Tracy Banks","Bravo"
"Gottlieb-Cruickshank ","Cormier, Dietrich and Zulauf Pharma Plc","Pu?awy","Poland","51.4166","21.9694","Hospital","Government","Alisteride Pemidizem","Antiseptics","36","35","1260","January","2018","Anne Wu","Britanny Bold","Delta"
"Gottlieb-Cruickshank ","Ritchie-Rodriguez Pharm","?uk?w","Poland","51.9167","22.3833","Pharmacy","Retail","Nisorase","Antibiotics","60","393","23580","January","2018","Mary Gerrard","Britanny Bold","Delta"
"Gottlieb-Cruickshank ","Powlowski-Buckridge Pharma Plc","Ustka","Poland","54.5805","16.8619","Hospital","Private","Amamadin","Antimalarial","24","713","17112","January","2018","Abigail Thompson","Tracy Banks","Bravo"
"Gottlieb-Cruickshank ","Buckridge-Davis ","Legnica","Poland","51.2101","16.1619","Hospital","Private","Aquamycin Lacoran","Analgesics","12","345","4140","January","2018","Sheila Stones","Britanny Bold","Delta"
"Gottlieb-Cruickshank ","Fritsch-Hauck Pharma Plc","Mys?owice","Poland","50.2333","19.1333","Hospital","Government","Abranatal Lysoprosate","Antiseptics","24","681","16344","January","2018","Daniel Gates","Alisha Cordwell","Charlie"
"Gottlieb-Cruickshank ","Nitzsche, Effertz and Maggio Pharmacy","Malbork","Poland","54.0285","19.0444","Hospital","Private","Bexridol","Antipiretics","12","80","960","January","2018","Mary Gerrard","Britanny Bold","Delta"
"Gottlieb-Cruickshank ","Prohaska-Kuhic Pharmacy","Wis?a","Poland","49.6667","18.8667","Pharmacy","Institution","Amlominphen Dexanovate","Analgesics","24","119","2856","January","2018","Alan Ray","James Goodwill","Alfa"
"Gottlieb-Cruickshank ","Feest-Roob Pharmaceutical Ltd","Wolsztyn","Poland","52.1167","16.1167","Pharmacy","Institution","Cogxone Levanide","Antimalarial","60","686","41160","January","2018","Erica Jones","James Goodwill","Alfa"
"Gottlieb-Cruickshank ","D'Amore and Sons ","W?growiec","Poland","52.8","17.2","Hospital","Private","Effigine Propraprex","Antimalarial","60","377","22620","January","2018","Jimmy Grey","Alisha Cordwell","Charlie"
"Gottlieb-Cruickshank ","Kertzmann, Quitzon and Harris Pharma Plc","Reszel","Poland","54.0504","21.1458","Hospital","Government","Antilamin Clinbital","Antibiotics","60","664","39840","January","2018","Anne Wu","Britanny Bold","Delta"
"Gottlieb-Cruickshank ","Wolff Group Pharm","Gubin","Poland","51.95","14.7333","Hospital","Government","Lactubucil","Antipiretics","10","585","5850","January","2018","Jessica Smith","Britanny Bold","Delta"
"Gottlieb-Cruickshank ","Ritchie-Rodriguez Pharm","?uk?w","Poland","51.9167","22.3833","Pharmacy","Retail","Thalilamide","Antibiotics","120","615","73800","January","2018","Jimmy Grey","Alisha Cordwell","Charlie"
"Gottlieb-Cruickshank ","Herman, Rice and Rippin ","Zi?bice","Poland","50.6","17.0444","Hospital","Government","Pulmodiol Adalaxime","Analgesics","6","605","3630","January","2018","Steve Pepple","Tracy Banks","Bravo"
"Gottlieb-Cruickshank ","Denesik-Hintz Pharm","Mi?dzyrzec Podlaski","Poland","51.9833","22.8","Pharmacy","Retail","Afinitasol","Antipiretics","24","286","6864","January","2018","Alan Ray","James Goodwill","Alfa"
"Gottlieb-Cruickshank ","Balistreri, Torp and Gulgowski Pharmacy","Che?m?a","Poland","53.2","18.6","Hospital","Private","Dorzovorin Pentadarone","Antimalarial","36","164","5904","January","2018","Morris Garcia","Tracy Banks","Bravo"
"Gottlieb-Cruickshank ","Bashirian-Kassulke Pharma Plc","Krak?w","Poland","50.0614","19.9372","Hospital","Private","Metapatch","Antipiretics","12","438","5256","January","2018","Thompson Crawford","James Goodwill","Alfa"
"Gottlieb-Cruickshank ","Wiegand, Jast and Yost Pharma Plc","P?ock","Poland","52.55","19.7","Hospital","Private","Sodinel Olofribrate","Antimalarial","5","50","250","January","2018","Mary Gerrard","Britanny Bold","Delta"
"Gottlieb-Cruickshank ","Jast-Cruickshank Pharma Plc","Bia?ystok","Poland","53.1167","23.1667","Pharmacy","Retail","Arivac","Antimalarial","5","567","2835","January","2018","Jimmy Grey","Alisha Cordwell","Charlie"
"Gottlieb-Cruickshank ","Kreiger Inc Pharma Plc","Mielec","Poland","50.2833","21.4333","Hospital","Private","Albuterenone","Antimalarial","16","82","1312","January","2018","Steve Pepple","Tracy Banks","Bravo"
"Gottlieb-Cruickshank ","Pfannerstill Group Pharmaceutical Ltd","Jelcz-Laskowice","Poland","51.0333","17.3333","Pharmacy","Retail","Proprabax","Analgesics","7","64","448","January","2018","Erica Jones","James Goodwill","Alfa"
"Gottlieb-Cruickshank ","Crist Inc ","Stary S?cz","Poland","49.5625","20.6364","Hospital","Private","Thionide","Analgesics","10","113","1130","January","2018","Steve Pepple","Tracy Banks","Bravo"
"Gottlieb-Cruickshank ","Wunsch, Mills and Walter ","Kielce","Poland","50.8725","20.6319","Pharmacy","Institution","Ampinonide","Antimalarial","10","248","2480","January","2018","Abigail Thompson","Tracy Banks","Bravo"
"Gottlieb-Cruickshank ","Lebsack, Yost and Heller Pharmaceutical Limited","Wieliczka","Poland","49.9894","20.0661","Pharmacy","Institution","Quixitriptan Alanesin","Antiseptics","3","79","237","January","2018","Daniel Gates","Alisha Cordwell","Charlie"
"Gottlieb-Cruickshank ","Kreiger Inc Pharma Plc","Mielec","Poland","50.2833","21.4333","Hospital","Private","Afluferon Entrarenone","Antimalarial","10","104","1040","January","2018","Morris Garcia","Tracy Banks","Bravo"
"Gottlieb-Cruickshank ","Sauer and Sons Pharmaceutical Limited","Brzoz?w","Poland","49.6953","22.0194","Pharmacy","Retail","Dexmebital Acanplan","Analgesics","6","170","1020","January","2018","Erica Jones","James Goodwill","Alfa"
"Gottlieb-Cruickshank ","Botsford and Sons Pharmaceutical Ltd","Ko?obrzeg","Poland","54.1667","15.5667","Pharmacy","Institution","Lansostral Acgestin","Antiseptics","12","627","7524","January","2018","Jimmy Grey","Alisha Cordwell","Charlie"
"Gottlieb-Cruickshank ","Balistreri, Torp and Gulgowski Pharmacy","Che?m?a","Poland","53.2","18.6","Hospital","Private","Relenvice","Antimalarial","15","459","6885","January","2018","Morris Garcia","Tracy Banks","Bravo"
"Gottlieb-Cruickshank ","Heathcote, Grant and Witting Pharm","Bielsko-Bia?a","Poland","49.8225","19.0444","Pharmacy","Institution","Amamadin","Antimalarial","6","713","4278","January","2018","Abigail Thompson","Tracy Banks","Bravo"
"Gottlieb-Cruickshank ","Buckridge-Strosin Pharmaceutical Limited","Pruszk?w","Poland","52.1667","20.8","Hospital","Government","Pitodomide","Antimalarial","24","24","576","January","2018","Stella Given","Alisha Cordwell","Charlie"
"Gottlieb-Cruickshank ","Beer, Kohler and Beatty Pharmaceutical Ltd","Rypin","Poland","53.0667","19.45","Pharmacy","Retail","Hydroxyprosyn","Antibiotics","20","220","4400","January","2018","Jimmy Grey","Alisha Cordwell","Charlie"
"Gottlieb-Cruickshank ","Denesik, Walter and Beatty Pharma Plc","Ostr?w Mazowiecka","Poland","52.8","21.9","Pharmacy","Institution","Cogxone Levanide","Antimalarial","3","686","2058","January","2018","Steve Pepple","Tracy Banks","Bravo"
"Gottlieb-Cruickshank ","Lockman Ltd ","Po?aniec","Poland","50.4333","21.2833","Pharmacy","Institution","Cricane Acamsumab","Antiseptics","20","22","440","January","2018","Alan Ray","James Goodwill","Alfa"
"Gottlieb-Cruickshank ","Erdman, Senger and Oberbrunner Pharm","Rawa Mazowiecka","Poland","51.7667","20.25","Pharmacy","Retail","Ceretosine","Antiseptics","6","343","2058","January","2018","Morris Garcia","Tracy Banks","Bravo"
"Gottlieb-Cruickshank ","Keeling LLC Pharmacy","Olsztyn","Poland","53.78","20.4942","Pharmacy","Retail","Thalilamide","Antibiotics","2","615","1230","January","2018","Jessica Smith","Britanny Bold","Delta"
"Gottlieb-Cruickshank ","Kshlerin, Ryan and Leuschke Pharma Plc","Zielona G?ra","Poland","51.9397","15.505","Hospital","Government","Immurenol Temarate","Antipiretics","2","303","606","January","2018","Steve Pepple","Tracy Banks","Bravo"
"Gottlieb-Cruickshank ","Lemke Ltd Pharm","Tarn?w","Poland","50.0125","20.9883","Hospital","Private","Rebedase Aplencor","Mood Stabilizers","2","180","360","January","2018","Mary Gerrard","Britanny Bold","Delta"
"Gottlieb-Cruickshank ","Cassin PLC Pharmacy","Miastko","Poland","54","16.9833","Hospital","Private","Lansopril Acribax","Antipiretics","3","492","1476","January","2018","Abigail Thompson","Tracy Banks","Bravo"
"Gottlieb-Cruickshank ","Hartmann-Wolf ","Trzebnica","Poland","51.305","17.0614","Hospital","Government","Xenaminphen","Antimalarial","10","195","1950","January","2018","Thompson Crawford","James Goodwill","Alfa"
"Gottlieb-Cruickshank ","Trantow LLC Pharma Plc","Braniewo","Poland","54.3833","19.8333","Pharmacy","Retail","Veratorol Ciclovatol","Mood Stabilizers","4","154","616","January","2018","Alan Ray","James Goodwill","Alfa"
"Gottlieb-Cruickshank ","Cormier, Dietrich and Zulauf Pharma Plc","Pu?awy","Poland","51.4166","21.9694","Hospital","Government","Atomorelin","Analgesics","3","555","1665","January","2018","Morris Garcia","Tracy Banks","Bravo"
"Gottlieb-Cruickshank ","Senger-Kirlin Pharmacy","Koby?ka","Poland","52.3395","21.1959","Hospital","Government","Amamadin","Antimalarial","10","713","7130","January","2018","Jimmy Grey","Alisha Cordwell","Charlie"
"Gottlieb-Cruickshank ","Jakubowski Inc Pharmaceutical Limited","Boles?awiec","Poland","51.2667","15.5667","Pharmacy","Retail","Antilamin Clinbital","Antibiotics","10","664","6640","January","2018","Steve Pepple","Tracy Banks","Bravo"
"Gottlieb-Cruickshank ","Spencer-Jerde Pharmacy","Przeworsk","Poland","50.0591","22.4941","Pharmacy","Institution","Apromin","Antiseptics","2","375","750","January","2018","Alan Ray","James Goodwill","Alfa"
"Carter-Conn ","Gibson-Hill Pharma Plc","Chrzan?w","Poland","50.1333","19.4","Hospital","Private","Oxymotroban Fexoformin","Analgesics","120","458","54960","January","2018","Steve Pepple","Tracy Banks","Bravo"
"Carter-Conn ","Leffler-Russel Pharm","Konstancin-Jeziorna","Poland","52.0938","21.1176","Hospital","Private","Tracdomide","Antipiretics","96","548","52608","January","2018","Thompson Crawford","James Goodwill","Alfa"
"Carter-Conn ","Rosenbaum, Klein and Herzog ","Zb?szy?","Poland","52.2531","15.9178","Hospital","Private","Trazozaprine","Mood Stabilizers","30","708","21240","January","2018","Daniel Gates","Alisha Cordwell","Charlie"
"Carter-Conn ","Rosenbaum, Klein and Herzog ","Zb?szy?","Poland","52.2531","15.9178","Hospital","Private","Oxymotroban Fexoformin","Analgesics","32","458","14656","January","2018","Jimmy Grey","Alisha Cordwell","Charlie"
"Carter-Conn ","Kreiger Inc Pharma Plc","Mielec","Poland","50.2833","21.4333","Hospital","Private","Belavarix Benzabicin","Antibiotics","96","131","12576","January","2018","Steve Pepple","Tracy Banks","Bravo"
"Carter-Conn ","Kling Inc Pharmaceutical Ltd","Ostrowiec ?wi?tokrzyski","Poland","50.9333","21.4","Pharmacy","Institution","Acantaine","Antibiotics","5","66","330","January","2018","Stella Given","Alisha Cordwell","Charlie"
"Carter-Conn ","Mante-Grady Pharm","Lubacz?w","Poland","50.1556","23.123","Pharmacy","Institution","Acycnafine Microvate","Mood Stabilizers","20","658","13160","January","2018","Daniel Gates","Alisha Cordwell","Charlie"
"Carter-Conn ","Moore PLC Pharmaceutical Ltd","?om?a","Poland","53.1833","22.0833","Pharmacy","Retail","Dantocept Ferurenone","Antiseptics","1","307","307","January","2018","Jessica Smith","Britanny Bold","Delta"
"Carter-Conn ","Gottlieb-Cruickshank Pharma Plc","Brzeszcze","Poland","50","19.15","Hospital","Private","Pulmodiol Adalaxime","Analgesics","10","605","6050","January","2018","Mary Gerrard","Britanny Bold","Delta"
"Carter-Conn ","Streich PLC Pharmaceutical Limited","Przemy?l","Poland","49.785","22.7673","Pharmacy","Institution","Aquamycin Lacoran","Analgesics","20","345","6900","January","2018","Sheila Stones","Britanny Bold","Delta"
"Carter-Conn ","Spencer-Jerde Pharmacy","Przeworsk","Poland","50.0591","22.4941","Pharmacy","Institution","Ergomethate","Mood Stabilizers","20","604","12080","January","2018","Jessica Smith","Britanny Bold","Delta"
"Carter-Conn ","Balistreri, Torp and Gulgowski Pharmacy","Che?m?a","Poland","53.2","18.6","Hospital","Private","Diprotaine","Antiseptics","40","318","12720","January","2018","Alan Ray","James Goodwill","Alfa"
