Date,Territory_ID,Sales,Quantity,Transactions,Customers,Products,Previous_Month_Sales,Sales_Change_Pct,Primary_Territory,Current_Reps,Vacancies,Max_Vacancy_Days,Required_Reps,Vacancy_Risk,Sales_Risk,Overall_Risk_Score,Severity,Avg_Activity,Avg_HCP_Coverage,Total_Planned_Calls,Total_Actual_Calls,Total_Planned_Visits,Total_Actual_Visits,Sales_Risk_Score,CRM_Risk_Score,Vacancy_Risk_Score,AI_Explanation,AI_Recommendation
2017-01-01,TERR_01,10335194.0,26595.0,201,25,139,,,TERR_01,1.0,1.0,169.0,2.0,1,0,20,Minor,87.18839158790736,100.0,1425,1243,643,562,0,0,20,Potential risk identified: 1 rep vacancy/vacancies.,Continue monitoring.
2017-02-01,TERR_01,11739667.0,26699.0,189,25,130,10335194.0,13.589227255917983,TERR_01,1.0,1.0,169.0,2.0,1,0,20,Minor,89.51329612472362,100.0,1366,1215,610,549,0,0,20,Potential risk identified: 1 rep vacancy/vacancies.,Continue monitoring.
2017-03-01,TERR_01,10575375.0,27134.0,245,25,152,11739667.0,-9.917589655652073,TERR_01,1.0,1.0,169.0,2.0,1,0,20,Minor,88.92172364323353,100.0,1720,1531,769,681,0,0,20,Potential risk identified: 1 rep vacancy/vacancies.,Continue monitoring.
2017-04-01,TERR_01,9858937.0,22024.0,176,25,124,10575375.0,-6.774587189579566,TERR_01,1.0,1.0,169.0,2.0,1,0,20,Minor,89.02970948867413,100.0,1409,1254,626,556,0,0,20,Potential risk identified: 1 rep vacancy/vacancies.,Continue monitoring.
2017-05-01,TERR_01,8382731.0,22421.0,242,25,156,9858937.0,-14.973277545033506,TERR_01,1.0,1.0,169.0,2.0,1,0,20,Minor,90.14731180734753,100.0,1781,1617,789,710,0,0,20,Potential risk identified: 1 rep vacancy/vacancies.,Continue monitoring.
2017-06-01,TERR_01,7095749.0,20327.0,218,25,148,8382731.0,-15.352777036505167,TERR_01,1.0,1.0,169.0,2.0,1,1,40,Major,89.1880621356337,100.0,1699,1518,746,660,20,0,20,"Potential risk identified: sales declined by 15.4%, 1 rep vacancy/vacancies.",Review vacancy impact and consider temporary rep coverage.
2017-07-01,TERR_01,11013668.0,25496.0,244,25,149,7095749.0,55.215016765671955,TERR_01,1.0,1.0,169.0,2.0,1,0,20,Minor,87.08105052566589,100.0,1652,1423,754,656,0,0,20,Potential risk identified: 1 rep vacancy/vacancies.,Continue monitoring.
2017-08-01,TERR_01,15435015.0,30431.0,235,25,150,11013668.0,40.14418266466721,TERR_01,1.0,1.0,169.0,2.0,1,0,20,Minor,91.15197211085659,100.0,1748,1601,802,731,0,0,20,Potential risk identified: 1 rep vacancy/vacancies.,Continue monitoring.
2017-09-01,TERR_01,11918410.0,25860.0,239,25,143,15435015.0,-22.78329499517817,TERR_01,1.0,1.0,169.0,2.0,1,1,40,Major,87.61941808155234,100.0,1589,1389,687,597,20,0,20,"Potential risk identified: sales declined by 22.8%, 1 rep vacancy/vacancies.",Review vacancy impact and consider temporary rep coverage.
2017-10-01,TERR_01,13154248.0,27129.0,201,24,129,11918410.0,10.369151589851331,TERR_01,1.0,1.0,169.0,2.0,1,0,20,Minor,89.51047333807583,100.0,1380,1231,652,578,0,0,20,Potential risk identified: 1 rep vacancy/vacancies.,Continue monitoring.
2017-11-01,TERR_01,8516525.0,28758.0,226,25,149,13154248.0,-35.25646620012029,TERR_01,1.0,1.0,169.0,2.0,1,2,60,Major,90.44388675213412,100.0,1739,1554,772,694,40,0,20,"Potential risk identified: sales declined by 35.3%, 1 rep vacancy/vacancies.",Review vacancy impact and consider temporary rep coverage.
2017-12-01,TERR_01,6819486.0,17335.0,150,25,108,8516525.0,-19.926425390637615,TERR_01,1.0,1.0,169.0,2.0,1,1,40,Major,85.49297563400684,100.0,1248,1093,525,450,20,0,20,"Potential risk identified: sales declined by 19.9%, 1 rep vacancy/vacancies.",Review vacancy impact and consider temporary rep coverage.
2018-01-01,TERR_01,8269806.0,22504.0,401,38,198,6819486.0,21.267291992387698,TERR_01,1.0,1.0,169.0,2.0,1,0,20,Minor,88.28467923519672,100.0,2592,2279,1180,1041,0,0,20,Potential risk identified: 1 rep vacancy/vacancies.,Continue monitoring.
2018-02-01,TERR_01,11226699.0,25278.0,434,38,207,8269806.0,35.75528857629792,TERR_01,1.0,1.0,169.0,2.0,1,0,20,Minor,90.18857554318548,100.0,2665,2410,1246,1123,0,0,20,Potential risk identified: 1 rep vacancy/vacancies.,Continue monitoring.
2018-03-01,TERR_01,26967066.0,58316.0,449,38,194,11226699.0,140.20476544351993,TERR_01,1.0,1.0,169.0,2.0,1,0,20,Minor,89.8520709387092,100.0,2821,2538,1289,1156,0,0,20,Potential risk identified: 1 rep vacancy/vacancies.,Continue monitoring.
2018-04-01,TERR_01,11284017.0,26459.0,374,38,188,26967066.0,-58.15630443445349,TERR_01,1.0,1.0,169.0,2.0,1,2,60,Major,88.39980919998105,100.0,2725,2418,1242,1105,40,0,20,"Potential risk identified: sales declined by 58.2%, 1 rep vacancy/vacancies.",Review vacancy impact and consider temporary rep coverage.
2018-05-01,TERR_01,11055446.0,30500.0,407,38,206,11284017.0,-2.0256172956846843,TERR_01,1.0,1.0,169.0,2.0,1,0,20,Minor,87.78861775884735,100.0,2758,2432,1260,1107,0,0,20,Potential risk identified: 1 rep vacancy/vacancies.,Continue monitoring.
2018-06-01,TERR_01,13480089.0,36507.0,394,38,195,11055446.0,21.931661553952686,TERR_01,1.0,1.0,169.0,2.0,1,0,20,Minor,89.36416624091983,100.0,2627,2355,1181,1060,0,0,20,Potential risk identified: 1 rep vacancy/vacancies.,Continue monitoring.
2018-07-01,TERR_01,12585872.0,30066.0,454,38,205,13480089.0,-6.633613472433305,TERR_01,1.0,1.0,169.0,2.0,1,0,20,Minor,89.39238492793218,100.0,2807,2513,1279,1143,0,0,20,Potential risk identified: 1 rep vacancy/vacancies.,Continue monitoring.
2018-08-01,TERR_01,12347973.0,31740.0,427,38,209,12585872.0,-1.8902067333912185,TERR_01,1.0,1.0,169.0,2.0,1,0,20,Minor,88.53755365246846,100.0,2819,2481,1210,1079,0,0,20,Potential risk identified: 1 rep vacancy/vacancies.,Continue monitoring.
2018-09-01,TERR_01,14455570.0,32850.0,384,38,188,12347973.0,17.068364176047357,TERR_01,1.0,1.0,169.0,2.0,1,0,20,Minor,92.7651134337991,100.0,2512,2343,1135,1045,0,0,20,Potential risk identified: 1 rep vacancy/vacancies.,Continue monitoring.
2018-10-01,TERR_01,18538414.0,41689.0,550,38,216,14455570.0,28.24408861082614,TERR_01,1.0,1.0,169.0,2.0,1,0,20,Minor,88.36059854225189,100.0,3044,2689,1446,1278,0,0,20,Potential risk identified: 1 rep vacancy/vacancies.,Continue monitoring.
2018-11-01,TERR_01,8688310.0,21990.0,450,38,206,18538414.0,-53.13347732982984,TERR_01,1.0,1.0,169.0,2.0,1,2,60,Major,89.72216221247348,100.0,2880,2571,1293,1160,40,0,20,"Potential risk identified: sales declined by 53.1%, 1 rep vacancy/vacancies.",Review vacancy impact and consider temporary rep coverage.
2018-12-01,TERR_01,8910979.0,20261.0,371,38,188,8688310.0,2.562857448686799,TERR_01,1.0,1.0,169.0,2.0,1,0,20,Minor,89.54061560109075,100.0,2269,2035,1025,921,0,0,20,Potential risk identified: 1 rep vacancy/vacancies.,Continue monitoring.
2019-01-01,TERR_01,2865578.0,6291.0,148,25,111,8910979.0,-67.84216414380508,TERR_01,1.0,1.0,169.0,2.0,1,2,60,Major,88.23410991023617,100.0,1129,993,553,491,40,0,20,"Potential risk identified: sales declined by 67.8%, 1 rep vacancy/vacancies.",Review vacancy impact and consider temporary rep coverage.
2019-02-01,TERR_01,7424515.0,18565.0,182,25,131,2865578.0,159.0931044277978,TERR_01,1.0,1.0,169.0,2.0,1,0,20,Minor,90.46079487709446,100.0,1418,1288,661,594,0,0,20,Potential risk identified: 1 rep vacancy/vacancies.,Continue monitoring.
2019-03-01,TERR_01,5518577.0,12961.0,220,25,150,7424515.0,-25.670875471327083,TERR_01,1.0,1.0,169.0,2.0,1,1,40,Major,87.59594865521642,100.0,1591,1400,708,629,20,0,20,"Potential risk identified: sales declined by 25.7%, 1 rep vacancy/vacancies.",Review vacancy impact and consider temporary rep coverage.
2019-04-01,TERR_01,6712579.0,18034.0,208,25,136,5518577.0,21.63604856831752,TERR_01,1.0,1.0,169.0,2.0,1,0,20,Minor,89.25036453943373,100.0,1479,1325,674,601,0,0,20,Potential risk identified: 1 rep vacancy/vacancies.,Continue monitoring.
2019-05-01,TERR_01,7540829.663969,19832.388663965,219,25,142,6712579.0,12.33878460080693,TERR_01,1.0,1.0,169.0,2.0,1,0,20,Minor,89.98173477017063,100.0,1573,1417,742,667,0,0,20,Potential risk identified: 1 rep vacancy/vacancies.,Continue monitoring.
2019-06-01,TERR_01,8507207.0,18273.0,217,25,137,7540829.663969,12.81526541633036,TERR_01,1.0,1.0,169.0,2.0,1,0,20,Minor,89.20231368070093,100.0,1617,1448,768,690,0,0,20,Potential risk identified: 1 rep vacancy/vacancies.,Continue monitoring.
2019-07-01,TERR_01,9764247.0,26312.0,229,25,146,8507207.0,14.776177422272669,TERR_01,1.0,1.0,169.0,2.0,1,0,20,Minor,90.53118475274353,100.0,1672,1511,796,721,0,0,20,Potential risk identified: 1 rep vacancy/vacancies.,Continue monitoring.
2019-08-01,TERR_01,7599137.0,34947.0,193,25,132,9764247.0,-22.173855290633266,TERR_01,1.0,1.0,169.0,2.0,1,1,40,Major,90.0797366855692,100.0,1434,1304,614,548,20,0,20,"Potential risk identified: sales declined by 22.2%, 1 rep vacancy/vacancies.",Review vacancy impact and consider temporary rep coverage.
2019-09-01,TERR_01,9071915.0,20749.0,191,25,134,7599137.0,19.38085864223793,TERR_01,1.0,1.0,169.0,2.0,1,0,20,Minor,87.973983324521,100.0,1436,1258,650,574,0,0,20,Potential risk identified: 1 rep vacancy/vacancies.,Continue monitoring.
2019-10-01,TERR_01,8315639.0,17113.0,193,25,134,9071915.0,-8.336453769683688,TERR_01,1.0,1.0,169.0,2.0,1,0,20,Minor,87.97345093665938,100.0,1489,1304,690,609,0,0,20,Potential risk identified: 1 rep vacancy/vacancies.,Continue monitoring.
2019-11-01,TERR_01,10816927.0,27426.0,169,25,119,8315639.0,30.079324030300015,TERR_01,1.0,1.0,169.0,2.0,1,0,20,Minor,92.29129089769913,100.0,1223,1133,574,526,0,0,20,Potential risk identified: 1 rep vacancy/vacancies.,Continue monitoring.
2019-12-01,TERR_01,11941648.0,38887.0,150,25,117,10816927.0,10.397786728153015,TERR_01,1.0,1.0,169.0,2.0,1,0,20,Minor,87.94292262046098,100.0,1295,1144,533,470,0,0,20,Potential risk identified: 1 rep vacancy/vacancies.,Continue monitoring.
2020-01-01,TERR_01,8193476.0,23507.0,150,25,105,11941648.0,-31.387393096832195,TERR_01,1.0,1.0,169.0,2.0,1,2,60,Major,88.42165059020923,100.0,1205,1071,508,442,40,0,20,"Potential risk identified: sales declined by 31.4%, 1 rep vacancy/vacancies.",Review vacancy impact and consider temporary rep coverage.
2020-02-01,TERR_01,8465798.0,24539.0,194,25,125,8193476.0,3.323644323849853,TERR_01,1.0,1.0,169.0,2.0,1,0,20,Minor,89.50458835701676,100.0,1432,1270,609,548,0,0,20,Potential risk identified: 1 rep vacancy/vacancies.,Continue monitoring.
2020-03-01,TERR_01,10464614.0,22513.0,195,25,140,8465798.0,23.610485390745207,TERR_01,1.0,1.0,169.0,2.0,1,0,20,Minor,93.003539447017,100.0,1493,1398,712,670,0,0,20,Potential risk identified: 1 rep vacancy/vacancies.,Continue monitoring.
2020-04-01,TERR_01,5885605.0,13653.0,142,24,113,10464614.0,-43.75707503401463,TERR_01,1.0,1.0,169.0,2.0,1,2,60,Major,89.22181453449167,100.0,1128,1014,517,459,40,0,20,"Potential risk identified: sales declined by 43.8%, 1 rep vacancy/vacancies.",Review vacancy impact and consider temporary rep coverage.
2020-05-01,TERR_01,9252782.0,25757.0,184,25,121,5885605.0,57.21038024128361,TERR_01,1.0,1.0,169.0,2.0,1,0,20,Minor,89.98402531956897,100.0,1395,1249,628,567,0,0,20,Potential risk identified: 1 rep vacancy/vacancies.,Continue monitoring.
2020-06-01,TERR_01,16682475.0,35803.0,216,25,137,9252782.0,80.29685558354234,TERR_01,1.0,1.0,169.0,2.0,1,0,20,Minor,89.57819775276606,100.0,1561,1392,720,645,0,0,20,Potential risk identified: 1 rep vacancy/vacancies.,Continue monitoring.
2020-07-01,TERR_01,5714469.0,12885.0,186,25,129,16682475.0,-65.74567622609955,TERR_01,1.0,1.0,169.0,2.0,1,2,60,Major,92.01559359151666,100.0,1332,1224,570,529,40,0,20,"Potential risk identified: sales declined by 65.7%, 1 rep vacancy/vacancies.",Review vacancy impact and consider temporary rep coverage.
2020-08-01,TERR_01,8999949.0,22105.0,217,25,150,5714469.0,57.49405587815771,TERR_01,1.0,1.0,169.0,2.0,1,0,20,Minor,88.1324869292042,100.0,1506,1337,703,612,0,0,20,Potential risk identified: 1 rep vacancy/vacancies.,Continue monitoring.
2020-09-01,TERR_01,8662194.0,23818.0,220,25,140,8999949.0,-3.752854599509397,TERR_01,1.0,1.0,169.0,2.0,1,0,20,Minor,90.45557945317852,100.0,1617,1455,701,633,0,0,20,Potential risk identified: 1 rep vacancy/vacancies.,Continue monitoring.
2020-10-01,TERR_01,54937992.0,113146.0,155,25,111,8662194.0,534.2272177233621,TERR_01,1.0,1.0,169.0,2.0,1,0,20,Minor,87.49235334561787,100.0,1279,1115,546,481,0,0,20,Potential risk identified: 1 rep vacancy/vacancies.,Continue monitoring.
2020-11-01,TERR_01,10047720.0,22493.0,254,25,158,54937992.0,-81.71079860363298,TERR_01,1.0,1.0,169.0,2.0,1,2,60,Major,92.72772731475561,100.0,1824,1690,802,744,40,0,20,"Potential risk identified: sales declined by 81.7%, 1 rep vacancy/vacancies.",Review vacancy impact and consider temporary rep coverage.
2020-12-01,TERR_01,12472018.0,29960.0,207,25,140,10047720.0,24.12784193827057,TERR_01,1.0,1.0,169.0,2.0,1,0,20,Minor,87.8017082435622,100.0,1542,1367,710,626,0,0,20,Potential risk identified: 1 rep vacancy/vacancies.,Continue monitoring.
2017-01-01,TERR_02,6250409.0,15584.0,203,30,147,,,,,,,,0,0,0,Minor,90.53954295942815,100.0,1530,1392,755,683,0,0,0,No significant risk indicators detected.,Continue monitoring.
2017-02-01,TERR_02,10231487.0,26826.0,220,30,149,6250409.0,63.69307992484971,,,,,,0,0,0,Minor,88.17165541133862,100.0,1691,1492,772,682,0,0,0,No significant risk indicators detected.,Continue monitoring.
2017-03-01,TERR_02,14204493.0,33346.0,245,30,152,10231487.0,38.831168920021106,,,,,,0,0,0,Minor,87.56173548706587,100.0,1762,1559,803,704,0,0,0,No significant risk indicators detected.,Continue monitoring.
2017-04-01,TERR_02,8058610.0,20453.0,206,30,130,14204493.0,-43.26717609702789,,,,,,0,2,40,Major,90.89786450490463,100.0,1659,1494,762,694,40,0,0,Potential risk identified: sales declined by 43.3%.,"Review CRM activity, HCP coverage and sales performance."
2017-05-01,TERR_02,8860607.0,22583.0,275,30,157,8058610.0,9.952051284278554,,,,,,0,0,0,Minor,91.98664230492338,100.0,1849,1681,855,788,0,0,0,No significant risk indicators detected.,Continue monitoring.
2017-06-01,TERR_02,13795699.0,36263.0,253,30,153,8860607.0,55.69699683102974,,,,,,0,0,0,Minor,87.32449211233089,100.0,1902,1653,819,717,0,0,0,No significant risk indicators detected.,Continue monitoring.
2017-07-01,TERR_02,17123350.0,38261.0,290,30,162,13795699.0,24.120930733556886,,,,,,0,0,0,Minor,89.38830060438582,100.0,2059,1826,921,834,0,0,0,No significant risk indicators detected.,Continue monitoring.
2017-08-01,TERR_02,9189063.0,25198.0,306,30,177,17123350.0,-46.336067416714606,,,,,,0,2,40,Major,89.27950014734073,100.0,2031,1813,965,864,40,0,0,Potential risk identified: sales declined by 46.3%.,"Review CRM activity, HCP coverage and sales performance."
2017-09-01,TERR_02,22123761.0,47846.0,242,30,148,9189063.0,140.76188181537117,,,,,,0,0,0,Minor,91.31468647131621,100.0,1818,1654,817,741,0,0,0,No significant risk indicators detected.,Continue monitoring.
2017-10-01,TERR_02,18002130.0,50840.0,267,30,165,22123761.0,-18.62988395146738,,,,,,0,1,20,Minor,90.23531340186118,100.0,1915,1731,855,778,20,0,0,Potential risk identified: sales declined by 18.6%.,Continue monitoring.
2017-11-01,TERR_02,10542153.0,25870.0,273,30,155,18002130.0,-41.439413002794666,,,,,,0,2,40,Major,87.49332659678713,100.0,1933,1696,906,793,40,0,0,Potential risk identified: sales declined by 41.4%.,"Review CRM activity, HCP coverage and sales performance."
2017-12-01,TERR_02,8500482.0,23002.0,216,30,140,10542153.0,-19.366736566999172,,,,,,0,1,20,Minor,91.97184353531442,100.0,1658,1519,727,675,20,0,0,Potential risk identified: sales declined by 19.4%.,Continue monitoring.
2018-01-01,TERR_02,23245193.0,43808.0,374,38,195,8500482.0,173.45735218308798,,,,,,0,0,0,Minor,88.6371823628448,100.0,2418,2122,1109,987,0,0,0,No significant risk indicators detected.,Continue monitoring.
2018-02-01,TERR_02,15156569.0,34931.0,382,38,192,23245193.0,-34.79697501328554,,,,,,0,2,40,Major,89.75040338534735,100.0,2646,2370,1193,1068,40,0,0,Potential risk identified: sales declined by 34.8%.,"Review CRM activity, HCP coverage and sales performance."
2018-03-01,TERR_02,33515985.0,58191.0,405,38,192,15156569.0,121.13174162305467,,,,,,0,0,0,Minor,90.2194605046624,100.0,2633,2363,1195,1083,0,0,0,No significant risk indicators detected.,Continue monitoring.
2018-04-01,TERR_02,6989283.0,20108.0,346,38,185,33515985.0,-79.14641923846189,,,,,,0,2,40,Major,91.88158497415363,100.0,2565,2371,1149,1054,40,0,0,Potential risk identified: sales declined by 79.1%.,"Review CRM activity, HCP coverage and sales performance."
2018-05-01,TERR_02,8033424.0,19803.0,337,38,181,6989283.0,14.939171872136239,,,,,,0,0,0,Minor,89.41759359199138,100.0,2283,2041,1065,956,0,0,0,No significant risk indicators detected.,Continue monitoring.
2018-06-01,TERR_02,15218987.0,34734.0,389,38,196,8033424.0,89.44583281051766,,,,,,0,0,0,Minor,89.8627987428773,100.0,2547,2275,1146,1036,0,0,0,No significant risk indicators detected.,Continue monitoring.
2018-07-01,TERR_02,17492859.0,37320.0,394,38,186,15218987.0,14.94102071313945,,,,,,0,0,0,Minor,89.45221992399722,100.0,2669,2403,1200,1067,0,0,0,No significant risk indicators detected.,Continue monitoring.
2018-08-01,TERR_02,16042516.0,37321.0,356,38,174,17492859.0,-8.29105751095347,,,,,,0,0,0,Minor,87.80637050492228,100.0,2392,2092,1041,913,0,0,0,No significant risk indicators detected.,Continue monitoring.
2018-09-01,TERR_02,10783199.0,26595.0,361,38,192,16042516.0,-32.783616983769875,,,,,,0,2,40,Major,87.85723848466843,100.0,2398,2105,1127,992,40,0,0,Potential risk identified: sales declined by 32.8%.,"Review CRM activity, HCP coverage and sales performance."
2018-10-01,TERR_02,15680851.0,37786.0,440,38,198,10783199.0,45.41928605787577,,,,,,0,0,0,Minor,87.06252442568703,100.0,2958,2575,1360,1185,0,0,0,No significant risk indicators detected.,Continue monitoring.
2018-11-01,TERR_02,14295673.0,33840.0,399,38,195,15680851.0,-8.833563943691576,,,,,,0,0,0,Minor,89.03523061016784,100.0,2623,2339,1230,1091,0,0,0,No significant risk indicators detected.,Continue monitoring.
2018-12-01,TERR_02,7474371.0,17056.0,309,38,167,14295673.0,-47.71585080324655,,,,,,0,2,40,Major,87.22666733982534,100.0,2118,1857,979,855,40,0,0,Potential risk identified: sales declined by 47.7%.,"Review CRM activity, HCP coverage and sales performance."
2019-01-01,TERR_02,9179295.0,16734.0,203,30,135,7474371.0,22.8102672452304,,,,,,0,0,0,Minor,89.40228388099315,100.0,1539,1378,685,610,0,0,0,No significant risk indicators detected.,Continue monitoring.
2019-02-01,TERR_02,9434601.0,25723.0,204,30,132,9179295.0,2.7813247095773694,,,,,,0,0,0,Minor,89.54167755352327,100.0,1596,1422,717,642,0,0,0,No significant risk indicators detected.,Continue monitoring.
2019-03-01,TERR_02,15250176.0,40884.0,286,30,167,9434601.0,61.640921539766225,,,,,,0,0,0,Minor,88.90857210343097,100.0,2107,1879,892,794,0,0,0,No significant risk indicators detected.,Continue monitoring.
2019-04-01,TERR_02,9022501.0,22040.0,228,30,151,15250176.0,-40.836741818586226,,,,,,0,2,40,Major,89.79115735445099,100.0,1675,1508,738,663,40,0,0,Potential risk identified: sales declined by 40.8%.,"Review CRM activity, HCP coverage and sales performance."
2019-05-01,TERR_02,7102078.0,16844.0,277,30,166,9022501.0,-21.284818921050828,,,,,,0,1,20,Minor,90.69760830131048,100.0,1975,1771,911,827,20,0,0,Potential risk identified: sales declined by 21.3%.,Continue monitoring.
2019-06-01,TERR_02,11345126.0,28160.0,232,30,158,7102078.0,59.74375387034612,,,,,,0,0,0,Minor,87.2919963891859,100.0,1713,1523,822,716,0,0,0,No significant risk indicators detected.,Continue monitoring.
2019-07-01,TERR_02,10813263.0,33629.0,277,30,157,11345126.0,-4.688030789609565,,,,,,0,0,0,Minor,88.39271355319323,100.0,2022,1803,929,816,0,0,0,No significant risk indicators detected.,Continue monitoring.
2019-08-01,TERR_02,5143110.0,15487.0,220,30,157,10813263.0,-52.437021091598346,,,,,,0,2,40,Major,90.65726959126262,100.0,1624,1475,711,643,40,0,0,Potential risk identified: sales declined by 52.4%.,"Review CRM activity, HCP coverage and sales performance."
2019-09-01,TERR_02,23189941.0,64776.0,271,30,167,5143110.0,350.89335052137716,,,,,,0,0,0,Minor,88.95032674399964,100.0,1898,1690,852,758,0,0,0,No significant risk indicators detected.,Continue monitoring.
2019-10-01,TERR_02,11416960.0,27472.0,204,30,140,23189941.0,-50.767619460523846,,,,,,0,2,40,Major,89.50794351553031,100.0,1681,1505,732,662,40,0,0,Potential risk identified: sales declined by 50.8%.,"Review CRM activity, HCP coverage and sales performance."
2019-11-01,TERR_02,12326537.0,30577.0,209,30,143,11416960.0,7.966893113403217,,,,,,0,0,0,Minor,87.93918479412072,100.0,1669,1465,749,657,0,0,0,No significant risk indicators detected.,Continue monitoring.
2019-12-01,TERR_02,20070420.0,39770.0,194,30,141,12326537.0,62.82285933186264,,,,,,0,0,0,Minor,87.51986152443789,100.0,1635,1428,678,596,0,0,0,No significant risk indicators detected.,Continue monitoring.
2020-01-01,TERR_02,9989106.0,22863.0,181,30,133,20070420.0,-50.22971118691088,,,,,,0,2,40,Major,90.53985092933956,100.0,1407,1274,651,592,40,0,0,Potential risk identified: sales declined by 50.2%.,"Review CRM activity, HCP coverage and sales performance."
2020-02-01,TERR_02,8589774.0,22562.0,212,30,140,9989106.0,-14.008580948084845,,,,,,0,0,0,Minor,90.81620475620174,100.0,1630,1483,709,642,0,0,0,No significant risk indicators detected.,Continue monitoring.
2020-03-01,TERR_02,15962048.0,37209.0,230,30,147,8589774.0,85.82616958257574,,,,,,0,0,0,Minor,88.93075600945865,100.0,1843,1643,841,748,0,0,0,No significant risk indicators detected.,Continue monitoring.
2020-04-01,TERR_02,7359419.0,17927.0,145,30,105,15962048.0,-53.89426845477473,,,,,,0,2,40,Major,91.0807995468572,100.0,1249,1155,579,518,40,0,0,Potential risk identified: sales declined by 53.9%.,"Review CRM activity, HCP coverage and sales performance."
2020-05-01,TERR_02,11164617.0,28159.0,183,30,131,7359419.0,51.705141397710875,,,,,,0,0,0,Minor,91.45344359373514,100.0,1410,1293,643,587,0,0,0,No significant risk indicators detected.,Continue monitoring.
2020-06-01,TERR_02,16147626.0,38395.0,231,30,149,11164617.0,44.632153525732235,,,,,,0,0,0,Minor,90.63228455637537,100.0,1699,1539,763,693,0,0,0,No significant risk indicators detected.,Continue monitoring.
2020-07-01,TERR_02,19873012.0,40186.0,247,30,157,16147626.0,23.070796908474346,,,,,,0,0,0,Minor,89.13413313852651,100.0,1865,1668,818,732,0,0,0,No significant risk indicators detected.,Continue monitoring.
2020-08-01,TERR_02,10483798.0,28256.0,235,30,157,19873012.0,-47.24605409587635,,,,,,0,2,40,Major,87.56853024821154,100.0,1683,1468,814,709,40,0,0,Potential risk identified: sales declined by 47.2%.,"Review CRM activity, HCP coverage and sales performance."
2020-09-01,TERR_02,12388085.0,32698.0,287,30,171,10483798.0,18.16409472979163,,,,,,0,0,0,Minor,88.25471104887578,100.0,1985,1765,916,800,0,0,0,No significant risk indicators detected.,Continue monitoring.
2020-10-01,TERR_02,7531591.0,18791.0,188,30,139,12388085.0,-39.20294379639791,,,,,,0,2,40,Major,91.53043329725287,100.0,1530,1405,695,635,40,0,0,Potential risk identified: sales declined by 39.2%.,"Review CRM activity, HCP coverage and sales performance."
2020-11-01,TERR_02,10626269.0,25323.0,281,30,170,7531591.0,41.089299724321194,,,,,,0,0,0,Minor,90.26579350209225,100.0,1936,1723,856,774,0,0,0,No significant risk indicators detected.,Continue monitoring.
2020-12-01,TERR_02,14598321.0,34658.0,255,30,150,10626269.0,37.379554385457396,,,,,,0,0,0,Minor,89.05062088293943,100.0,1814,1625,808,719,0,0,0,No significant risk indicators detected.,Continue monitoring.
2017-01-01,TERR_03,5654805.0,13752.0,219,30,141,,,TERR_03,1.0,1.0,320.0,2.0,1,0,20,Minor,91.3525223616942,100.0,1695,1549,783,714,0,0,20,Potential risk identified: 1 rep vacancy/vacancies.,Continue monitoring.
2017-02-01,TERR_03,9033111.0,22689.0,250,30,154,5654805.0,59.74221922771873,TERR_03,1.0,1.0,320.0,2.0,1,0,20,Minor,88.78541198053618,100.0,1858,1644,859,768,0,0,20,Potential risk identified: 1 rep vacancy/vacancies.,Continue monitoring.
2017-03-01,TERR_03,9792147.0,21458.0,228,30,152,9033111.0,8.402819360904564,TERR_03,1.0,1.0,320.0,2.0,1,0,20,Minor,89.406780856655,100.0,1683,1502,755,673,0,0,20,Potential risk identified: 1 rep vacancy/vacancies.,Continue monitoring.
2017-04-01,TERR_03,8830463.0,20948.0,230,30,150,9792147.0,-9.820971846113013,TERR_03,1.0,1.0,320.0,2.0,1,0,20,Minor,90.46533109096951,100.0,1779,1614,846,766,0,0,20,Potential risk identified: 1 rep vacancy/vacancies.,Continue monitoring.
2017-05-01,TERR_03,10381456.0,23390.0,300,30,177,8830463.0,17.564118665125488,TERR_03,1.0,1.0,320.0,2.0,1,0,20,Minor,88.77164891508262,100.0,2221,1972,992,880,0,0,20,Potential risk identified: 1 rep vacancy/vacancies.,Continue monitoring.
2017-06-01,TERR_03,13992681.0,34996.0,261,29,154,10381456.0,34.78534224871733,TERR_03,1.0,1.0,320.0,2.0,1,0,20,Minor,89.70071691649001,100.0,1734,1553,817,739,0,0,20,Potential risk identified: 1 rep vacancy/vacancies.,Continue monitoring.
2017-07-01,TERR_03,12032858.5089,29192.5512759,315,30,171,13992681.0,-14.006054244358177,TERR_03,1.0,1.0,320.0,2.0,1,0,20,Minor,89.8617101585012,100.0,2200,1977,952,858,0,0,20,Potential risk identified: 1 rep vacancy/vacancies.,Continue monitoring.
2017-08-01,TERR_03,11526445.0,24886.0,281,30,170,12032858.5089,-4.208588578727452,TERR_03,1.0,1.0,320.0,2.0,1,0,20,Minor,89.750842023778,100.0,2017,1803,842,755,0,0,20,Potential risk identified: 1 rep vacancy/vacancies.,Continue monitoring.
2017-09-01,TERR_03,10659914.0,26912.0,282,30,164,11526445.0,-7.517764583963225,TERR_03,1.0,1.0,320.0,2.0,1,0,20,Minor,88.59671517767265,100.0,2043,1806,897,798,0,0,20,Potential risk identified: 1 rep vacancy/vacancies.,Continue monitoring.
2017-10-01,TERR_03,9970715.0,28870.0,254,30,153,10659914.0,-6.465333585242808,TERR_03,1.0,1.0,320.0,2.0,1,0,20,Minor,91.00991427421215,100.0,1818,1664,782,707,0,0,20,Potential risk identified: 1 rep vacancy/vacancies.,Continue monitoring.
2017-11-01,TERR_03,11577900.0,24384.0,282,30,161,9970715.0,16.119054651547053,TERR_03,1.0,1.0,320.0,2.0,1,0,20,Minor,88.0347732545165,100.0,2036,1801,920,803,0,0,20,Potential risk identified: 1 rep vacancy/vacancies.,Continue monitoring.
2017-12-01,TERR_03,14015810.0,33538.0,205,30,139,11577900.0,21.056581936275144,TERR_03,1.0,1.0,320.0,2.0,1,0,20,Minor,88.24921050811984,100.0,1507,1349,722,627,0,0,20,Potential risk identified: 1 rep vacancy/vacancies.,Continue monitoring.
2018-01-01,TERR_03,11159912.0,27638.0,373,38,183,14015810.0,-20.37626080833002,TERR_03,1.0,1.0,320.0,2.0,1,1,40,Major,89.84911772960172,100.0,2516,2275,1175,1046,20,0,20,"Potential risk identified: sales declined by 20.4%, 1 rep vacancy/vacancies.",Review vacancy impact and consider temporary rep coverage.
2018-02-01,TERR_03,11687306.0,23568.0,389,38,199,11159912.0,4.725789952465575,TERR_03,1.0,1.0,320.0,2.0,1,0,20,Minor,88.69443759593887,100.0,2839,2538,1245,1101,0,0,20,Potential risk identified: 1 rep vacancy/vacancies.,Continue monitoring.
2018-03-01,TERR_03,28633247.0,60149.0,419,38,209,11687306.0,144.9944153083696,TERR_03,1.0,1.0,320.0,2.0,1,0,20,Minor,88.3664542866304,100.0,2742,2424,1262,1119,0,0,20,Potential risk identified: 1 rep vacancy/vacancies.,Continue monitoring.
2018-04-01,TERR_03,10655713.0,28656.0,332,38,183,28633247.0,-62.785523416188184,TERR_03,1.0,1.0,320.0,2.0,1,2,60,Major,89.22645086903823,100.0,2347,2085,1074,962,40,0,20,"Potential risk identified: sales declined by 62.8%, 1 rep vacancy/vacancies.",Review vacancy impact and consider temporary rep coverage.
2018-05-01,TERR_03,9502951.0,23676.0,372,38,194,10655713.0,-10.818253081703682,TERR_03,1.0,1.0,320.0,2.0,1,0,20,Minor,87.88309153161198,100.0,2611,2301,1197,1045,0,0,20,Potential risk identified: 1 rep vacancy/vacancies.,Continue monitoring.
2018-06-01,TERR_03,21084930.0,44366.0,353,38,185,9502951.0,121.87770935575696,TERR_03,1.0,1.0,320.0,2.0,1,0,20,Minor,89.58322646556228,100.0,2507,2246,1086,974,0,0,20,Potential risk identified: 1 rep vacancy/vacancies.,Continue monitoring.
2018-07-01,TERR_03,12312818.0,32536.0,383,38,190,21084930.0,-41.603704636439396,TERR_03,1.0,1.0,320.0,2.0,1,2,60,Major,89.76200683807345,100.0,2675,2376,1142,1027,40,0,20,"Potential risk identified: sales declined by 41.6%, 1 rep vacancy/vacancies.",Review vacancy impact and consider temporary rep coverage.
2018-08-01,TERR_03,13779223.0,31061.0,348,38,191,12312818.0,11.909580731234719,TERR_03,1.0,1.0,320.0,2.0,1,0,20,Minor,90.82616336312549,100.0,2436,2202,1077,978,0,0,20,Potential risk identified: 1 rep vacancy/vacancies.,Continue monitoring.
2018-09-01,TERR_03,22878787.0,55451.0,349,38,195,13779223.0,66.03829548298914,TERR_03,1.0,1.0,320.0,2.0,1,0,20,Minor,89.63942329459982,100.0,2352,2098,1063,959,0,0,20,Potential risk identified: 1 rep vacancy/vacancies.,Continue monitoring.
2018-10-01,TERR_03,23617592.0,54403.0,516,38,215,22878787.0,3.229214031320804,TERR_03,1.0,1.0,320.0,2.0,1,0,20,Minor,88.32088737597951,100.0,3130,2772,1469,1296,0,0,20,Potential risk identified: 1 rep vacancy/vacancies.,Continue monitoring.
2018-11-01,TERR_03,12868584.0,29827.0,395,38,192,23617592.0,-45.51271780797975,TERR_03,1.0,1.0,320.0,2.0,1,2,60,Major,89.08378334109625,100.0,2492,2213,1174,1045,40,0,20,"Potential risk identified: sales declined by 45.5%, 1 rep vacancy/vacancies.",Review vacancy impact and consider temporary rep coverage.
2018-12-01,TERR_03,19495400.0,54435.0,298,38,165,12868584.0,51.49607757932031,TERR_03,1.0,1.0,320.0,2.0,1,0,20,Minor,87.84484442349253,100.0,2172,1936,997,871,0,0,20,Potential risk identified: 1 rep vacancy/vacancies.,Continue monitoring.
2019-01-01,TERR_03,5398089.0,14669.0,210,30,132,19495400.0,-72.31096053427987,TERR_03,1.0,1.0,320.0,2.0,1,2,60,Major,90.01864070687517,100.0,1649,1497,728,651,40,0,20,"Potential risk identified: sales declined by 72.3%, 1 rep vacancy/vacancies.",Review vacancy impact and consider temporary rep coverage.
2019-02-01,TERR_03,13002248.0,28593.0,206,30,140,5398089.0,140.867610741505,TERR_03,1.0,1.0,320.0,2.0,1,0,20,Minor,88.37969872038724,100.0,1472,1304,653,577,0,0,20,Potential risk identified: 1 rep vacancy/vacancies.,Continue monitoring.
2019-03-01,TERR_03,15415248.0,30024.0,278,30,168,13002248.0,18.55832929813368,TERR_03,1.0,1.0,320.0,2.0,1,0,20,Minor,91.77327803561636,100.0,2060,1874,871,799,0,0,20,Potential risk identified: 1 rep vacancy/vacancies.,Continue monitoring.
2019-04-01,TERR_03,33443776.0,67306.0,238,30,155,15415248.0,116.9525654079649,TERR_03,1.0,1.0,320.0,2.0,1,0,20,Minor,92.83142664529413,100.0,1762,1636,891,823,0,0,20,Potential risk identified: 1 rep vacancy/vacancies.,Continue monitoring.
2019-05-01,TERR_03,13212134.0,27611.0,269,30,169,33443776.0,-60.49449081347752,TERR_03,1.0,1.0,320.0,2.0,1,2,60,Major,90.24487095544477,100.0,1910,1729,828,753,40,0,20,"Potential risk identified: sales declined by 60.5%, 1 rep vacancy/vacancies.",Review vacancy impact and consider temporary rep coverage.
2019-06-01,TERR_03,8558595.0,18212.0,253,30,163,13212134.0,-35.22170604688085,TERR_03,1.0,1.0,320.0,2.0,1,2,60,Major,89.38859733584451,100.0,1817,1626,857,768,40,0,20,"Potential risk identified: sales declined by 35.2%, 1 rep vacancy/vacancies.",Review vacancy impact and consider temporary rep coverage.
2019-07-01,TERR_03,12375100.0,36365.0,257,30,151,8558595.0,44.59265802389294,TERR_03,1.0,1.0,320.0,2.0,1,0,20,Minor,90.15746426813796,100.0,1894,1726,884,800,0,0,20,Potential risk identified: 1 rep vacancy/vacancies.,Continue monitoring.
2019-08-01,TERR_03,24289686.0,62732.0,258,30,159,12375100.0,96.27870481854693,TERR_03,1.0,1.0,320.0,2.0,1,0,20,Minor,89.33059689073397,100.0,1839,1630,836,750,0,0,20,Potential risk identified: 1 rep vacancy/vacancies.,Continue monitoring.
2019-09-01,TERR_03,10004223.0,27199.0,227,30,147,24289686.0,-58.81287637888774,TERR_03,1.0,1.0,320.0,2.0,1,2,60,Major,88.51003862409665,100.0,1715,1516,785,696,40,0,20,"Potential risk identified: sales declined by 58.8%, 1 rep vacancy/vacancies.",Review vacancy impact and consider temporary rep coverage.
2019-10-01,TERR_03,8299550.0,22783.0,210,30,135,10004223.0,-17.039534204705355,TERR_03,1.0,1.0,320.0,2.0,1,1,40,Major,91.57128181079435,100.0,1646,1500,752,696,20,0,20,"Potential risk identified: sales declined by 17.0%, 1 rep vacancy/vacancies.",Review vacancy impact and consider temporary rep coverage.
2019-11-01,TERR_03,24405918.0,50666.0,220,30,146,8299550.0,194.0631480020001,TERR_03,1.0,1.0,320.0,2.0,1,0,20,Minor,88.57282100079348,100.0,1556,1382,713,631,0,0,20,Potential risk identified: 1 rep vacancy/vacancies.,Continue monitoring.
2019-12-01,TERR_03,8192239.0,19818.0,166,30,120,24405918.0,-66.4333912782957,TERR_03,1.0,1.0,320.0,2.0,1,2,60,Major,86.21828536694626,100.0,1367,1185,612,534,40,0,20,"Potential risk identified: sales declined by 66.4%, 1 rep vacancy/vacancies.",Review vacancy impact and consider temporary rep coverage.
2020-01-01,TERR_03,9403991.0,22788.0,220,30,146,8192239.0,14.791462993206132,TERR_03,1.0,1.0,320.0,2.0,1,0,20,Minor,90.31826340210266,100.0,1609,1454,752,676,0,0,20,Potential risk identified: 1 rep vacancy/vacancies.,Continue monitoring.
2020-02-01,TERR_03,11813185.0,25790.0,214,30,144,9403991.0,25.618846296216148,TERR_03,1.0,1.0,320.0,2.0,1,0,20,Minor,88.57401348815485,100.0,1684,1490,754,668,0,0,20,Potential risk identified: 1 rep vacancy/vacancies.,Continue monitoring.
2020-03-01,TERR_03,13421433.0,32953.0,240,30,159,11813185.0,13.614008415173384,TERR_03,1.0,1.0,320.0,2.0,1,0,20,Minor,90.65626824821996,100.0,1803,1613,846,764,0,0,20,Potential risk identified: 1 rep vacancy/vacancies.,Continue monitoring.
2020-04-01,TERR_03,4647860.0,13413.0,163,30,120,13421433.0,-65.36986773319958,TERR_03,1.0,1.0,320.0,2.0,1,2,60,Major,86.03146224688462,100.0,1400,1208,575,490,40,0,20,"Potential risk identified: sales declined by 65.4%, 1 rep vacancy/vacancies.",Review vacancy impact and consider temporary rep coverage.
2020-05-01,TERR_03,9507929.0,23480.0,190,30,129,4647860.0,104.56573562887006,TERR_03,1.0,1.0,320.0,2.0,1,0,20,Minor,91.20422283428671,100.0,1518,1381,686,626,0,0,20,Potential risk identified: 1 rep vacancy/vacancies.,Continue monitoring.
2020-06-01,TERR_03,10759429.0,31327.0,236,30,147,9507929.0,13.16269820693865,TERR_03,1.0,1.0,320.0,2.0,1,0,20,Minor,86.43657096435784,100.0,1810,1547,809,707,0,0,20,Potential risk identified: 1 rep vacancy/vacancies.,Continue monitoring.
2020-07-01,TERR_03,14068961.0,27215.0,238,30,151,10759429.0,30.75936464658115,TERR_03,1.0,1.0,320.0,2.0,1,0,20,Minor,90.83064921128317,100.0,1846,1674,781,712,0,0,20,Potential risk identified: 1 rep vacancy/vacancies.,Continue monitoring.
2020-08-01,TERR_03,7669020.0,22911.0,242,30,156,14068961.0,-45.489791321477114,TERR_03,1.0,1.0,320.0,2.0,1,2,60,Major,89.4210980777163,100.0,1890,1678,849,764,40,0,20,"Potential risk identified: sales declined by 45.5%, 1 rep vacancy/vacancies.",Review vacancy impact and consider temporary rep coverage.
2020-09-01,TERR_03,17709686.0,47397.0,269,30,159,7669020.0,130.92502040677948,TERR_03,1.0,1.0,320.0,2.0,1,0,20,Minor,91.82693870808399,100.0,1789,1654,873,799,0,0,20,Potential risk identified: 1 rep vacancy/vacancies.,Continue monitoring.
2020-10-01,TERR_03,14457167.0,58251.0,164,30,117,17709686.0,-18.36576323261745,TERR_03,1.0,1.0,320.0,2.0,1,1,40,Major,91.5951812229645,100.0,1318,1196,672,617,20,0,20,"Potential risk identified: sales declined by 18.4%, 1 rep vacancy/vacancies.",Review vacancy impact and consider temporary rep coverage.
2020-11-01,TERR_03,19913401.0,44915.0,321,30,179,14457167.0,37.74068598640384,TERR_03,1.0,1.0,320.0,2.0,1,0,20,Minor,89.70489543326782,100.0,2175,1950,1038,933,0,0,20,Potential risk identified: 1 rep vacancy/vacancies.,Continue monitoring.
2020-12-01,TERR_03,33582810.0,67697.0,233,30,154,19913401.0,68.64427126235242,TERR_03,1.0,1.0,320.0,2.0,1,0,20,Minor,92.50998851634355,100.0,1721,1582,759,705,0,0,20,Potential risk identified: 1 rep vacancy/vacancies.,Continue monitoring.
2017-01-01,TERR_04,6014958.0,13143.0,207,29,134,,,TERR_04,4.0,1.0,565.0,5.0,1,0,20,Minor,90.23614069849403,100.0,1553,1402,732,662,0,0,20,Potential risk identified: 1 rep vacancy/vacancies.,Continue monitoring.
2017-02-01,TERR_04,8534231.0,19864.0,218,29,139,6014958.0,41.8834678479883,TERR_04,4.0,1.0,565.0,5.0,1,0,20,Minor,88.35107396969667,100.0,1690,1501,764,670,0,0,20,Potential risk identified: 1 rep vacancy/vacancies.,Continue monitoring.
2017-03-01,TERR_04,10669504.0,23535.0,294,29,172,8534231.0,25.02009847167249,TERR_04,4.0,1.0,565.0,5.0,1,0,20,Minor,87.32115770519977,100.0,2126,1874,928,810,0,0,20,Potential risk identified: 1 rep vacancy/vacancies.,Continue monitoring.
2017-04-01,TERR_04,15836643.0,39237.0,211,29,145,10669504.0,48.42904599876433,TERR_04,4.0,1.0,565.0,5.0,1,0,20,Minor,89.36446453224431,100.0,1530,1375,736,665,0,0,20,Potential risk identified: 1 rep vacancy/vacancies.,Continue monitoring.
2017-05-01,TERR_04,8534312.0,29679.0,300,29,178,15836643.0,-46.11034674457207,TERR_04,4.0,1.0,565.0,5.0,1,2,60,Major,90.38267318166032,100.0,2192,1986,902,811,40,0,20,"Potential risk identified: sales declined by 46.1%, 1 rep vacancy/vacancies.",Review vacancy impact and consider temporary rep coverage.
2017-06-01,TERR_04,13051557.0,30594.0,279,29,168,8534312.0,52.9303943891435,TERR_04,4.0,1.0,565.0,5.0,1,0,20,Minor,91.62426982924899,100.0,2031,1862,919,839,0,0,20,Potential risk identified: 1 rep vacancy/vacancies.,Continue monitoring.
2017-07-01,TERR_04,13601896.0,30517.0,249,29,161,13051557.0,4.216653997680123,TERR_04,4.0,1.0,565.0,5.0,1,0,20,Minor,85.76160933371267,100.0,1757,1506,785,675,0,0,20,Potential risk identified: 1 rep vacancy/vacancies.,Continue monitoring.
2017-08-01,TERR_04,10987349.0,31172.0,254,29,154,13601896.0,-19.221930530861286,TERR_04,4.0,1.0,565.0,5.0,1,1,40,Major,90.16580904256153,100.0,1815,1629,794,723,20,0,20,"Potential risk identified: sales declined by 19.2%, 1 rep vacancy/vacancies.",Review vacancy impact and consider temporary rep coverage.
2017-09-01,TERR_04,7801537.0,21130.0,255,29,163,10987349.0,-28.995274474306772,TERR_04,4.0,1.0,565.0,5.0,1,1,40,Major,87.69179495925194,100.0,1762,1539,750,662,20,0,20,"Potential risk identified: sales declined by 29.0%, 1 rep vacancy/vacancies.",Review vacancy impact and consider temporary rep coverage.
2017-10-01,TERR_04,9608445.0,23228.0,268,29,166,7801537.0,23.160923289859422,TERR_04,4.0,1.0,565.0,5.0,1,0,20,Minor,89.01454175932864,100.0,1871,1653,819,725,0,0,20,Potential risk identified: 1 rep vacancy/vacancies.,Continue monitoring.
2017-11-01,TERR_04,10956696.0,28755.0,291,29,180,9608445.0,14.031937529954119,TERR_04,4.0,1.0,565.0,5.0,1,0,20,Minor,89.3846319976733,100.0,2071,1861,922,820,0,0,20,Potential risk identified: 1 rep vacancy/vacancies.,Continue monitoring.
2017-12-01,TERR_04,7238968.0,19452.0,199,29,133,10956696.0,-33.93110477830178,TERR_04,4.0,1.0,565.0,5.0,1,2,60,Major,85.70167424721396,100.0,1573,1336,684,590,40,0,20,"Potential risk identified: sales declined by 33.9%, 1 rep vacancy/vacancies.",Review vacancy impact and consider temporary rep coverage.
2018-01-01,TERR_04,14298861.0,29264.0,342,38,190,7238968.0,97.52623578388521,TERR_04,4.0,1.0,565.0,5.0,1,0,20,Minor,89.00107063200814,100.0,2233,2006,927,821,0,0,20,Potential risk identified: 1 rep vacancy/vacancies.,Continue monitoring.
2018-02-01,TERR_04,21839023.0,48403.0,431,38,205,14298861.0,52.73260576489274,TERR_04,4.0,1.0,565.0,5.0,1,0,20,Minor,89.45566755954086,100.0,2892,2593,1300,1163,0,0,20,Potential risk identified: 1 rep vacancy/vacancies.,Continue monitoring.
2018-03-01,TERR_04,15548570.0,33172.0,424,38,193,21839023.0,-28.803728994653287,TERR_04,4.0,1.0,565.0,5.0,1,1,40,Major,88.45083604019759,100.0,2728,2429,1188,1044,20,0,20,"Potential risk identified: sales declined by 28.8%, 1 rep vacancy/vacancies.",Review vacancy impact and consider temporary rep coverage.
2018-04-01,TERR_04,11726281.0,33125.0,384,38,189,15548570.0,-24.582897333967047,TERR_04,4.0,1.0,565.0,5.0,1,1,40,Major,91.11445173588838,100.0,2710,2474,1197,1087,20,0,20,"Potential risk identified: sales declined by 24.6%, 1 rep vacancy/vacancies.",Review vacancy impact and consider temporary rep coverage.
2018-05-01,TERR_04,14475579.0,35247.0,388,38,194,11726281.0,23.445609055420043,TERR_04,4.0,1.0,565.0,5.0,1,0,20,Minor,88.31634178116343,100.0,2766,2424,1244,1107,0,0,20,Potential risk identified: 1 rep vacancy/vacancies.,Continue monitoring.
2018-06-01,TERR_04,37215542.0,69814.0,369,38,195,14475579.0,157.09190630647657,TERR_04,4.0,1.0,565.0,5.0,1,0,20,Minor,88.65344664029392,100.0,2594,2307,1206,1061,0,0,20,Potential risk identified: 1 rep vacancy/vacancies.,Continue monitoring.
2018-07-01,TERR_04,27596839.0,66170.0,390,38,194,37215542.0,-25.845930176161346,TERR_04,4.0,1.0,565.0,5.0,1,1,40,Major,89.18997327007197,100.0,2618,2338,1193,1064,20,0,20,"Potential risk identified: sales declined by 25.8%, 1 rep vacancy/vacancies.",Review vacancy impact and consider temporary rep coverage.
2018-08-01,TERR_04,10675268.0,27086.0,381,38,193,27596839.0,-61.31706243602755,TERR_04,4.0,1.0,565.0,5.0,1,2,60,Major,90.50958111698719,100.0,2548,2305,1080,977,40,0,20,"Potential risk identified: sales declined by 61.3%, 1 rep vacancy/vacancies.",Review vacancy impact and consider temporary rep coverage.
2018-09-01,TERR_04,14814969.0,31391.0,344,38,182,10675268.0,38.778426920991585,TERR_04,4.0,1.0,565.0,5.0,1,0,20,Minor,88.18146618293855,100.0,2373,2073,1078,954,0,0,20,Potential risk identified: 1 rep vacancy/vacancies.,Continue monitoring.
2018-10-01,TERR_04,14401772.0,35559.0,497,38,214,14814969.0,-2.789050722954601,TERR_04,4.0,1.0,565.0,5.0,1,0,20,Minor,89.36512678378047,100.0,3125,2781,1350,1201,0,0,20,Potential risk identified: 1 rep vacancy/vacancies.,Continue monitoring.
2018-11-01,TERR_04,16306823.0,54505.0,421,38,197,14401772.0,13.22789306760307,TERR_04,4.0,1.0,565.0,5.0,1,0,20,Minor,88.90064602292979,100.0,2805,2494,1287,1141,0,0,20,Potential risk identified: 1 rep vacancy/vacancies.,Continue monitoring.
2018-12-01,TERR_04,12971680.0,28420.0,356,38,186,16306823.0,-20.452438834958837,TERR_04,4.0,1.0,565.0,5.0,1,1,40,Major,89.12580163165862,100.0,2367,2100,1060,951,20,0,20,"Potential risk identified: sales declined by 20.5%, 1 rep vacancy/vacancies.",Review vacancy impact and consider temporary rep coverage.
2019-01-01,TERR_04,2699029.0,7290.0,179,29,133,12971680.0,-79.19291101846484,TERR_04,4.0,1.0,565.0,5.0,1,2,60,Major,91.03471072299536,100.0,1414,1274,622,566,40,0,20,"Potential risk identified: sales declined by 79.2%, 1 rep vacancy/vacancies.",Review vacancy impact and consider temporary rep coverage.
2019-02-01,TERR_04,13095079.0,29774.0,244,29,149,2699029.0,385.1774100982242,TERR_04,4.0,1.0,565.0,5.0,1,0,20,Minor,90.70423950607022,100.0,1722,1558,766,697,0,0,20,Potential risk identified: 1 rep vacancy/vacancies.,Continue monitoring.
2019-03-01,TERR_04,12064823.0,40111.0,269,29,156,13095079.0,-7.867505037579384,TERR_04,4.0,1.0,565.0,5.0,1,0,20,Minor,90.37799625709765,100.0,1867,1692,870,780,0,0,20,Potential risk identified: 1 rep vacancy/vacancies.,Continue monitoring.
2019-04-01,TERR_04,13842912.0,34824.0,260,29,163,12064823.0,14.737795987558208,TERR_04,4.0,1.0,565.0,5.0,1,0,20,Minor,89.56077957682405,100.0,1823,1631,807,723,0,0,20,Potential risk identified: 1 rep vacancy/vacancies.,Continue monitoring.
2019-05-01,TERR_04,8446491.0,19899.0,236,29,150,13842912.0,-38.98327895171189,TERR_04,4.0,1.0,565.0,5.0,1,2,60,Major,88.54076787906277,100.0,1726,1537,775,683,40,0,20,"Potential risk identified: sales declined by 39.0%, 1 rep vacancy/vacancies.",Review vacancy impact and consider temporary rep coverage.
2019-06-01,TERR_04,8745506.0,25931.0,232,29,145,8446491.0,3.54010914118064,TERR_04,4.0,1.0,565.0,5.0,1,0,20,Minor,89.2171435521879,100.0,1808,1612,742,662,0,0,20,Potential risk identified: 1 rep vacancy/vacancies.,Continue monitoring.
2019-07-01,TERR_04,15652839.0,38463.0,290,29,159,8745506.0,78.98151347675024,TERR_04,4.0,1.0,565.0,5.0,1,0,20,Minor,88.42462096068738,100.0,2146,1911,937,827,0,0,20,Potential risk identified: 1 rep vacancy/vacancies.,Continue monitoring.
2019-08-01,TERR_04,81745778.0,196682.0,257,29,159,15652839.0,422.2425018234711,TERR_04,4.0,1.0,565.0,5.0,1,0,20,Minor,89.43819672536407,100.0,1854,1661,836,750,0,0,20,Potential risk identified: 1 rep vacancy/vacancies.,Continue monitoring.
2019-09-01,TERR_04,10576532.0,27090.0,239,29,149,81745778.0,-87.06167797436585,TERR_04,4.0,1.0,565.0,5.0,1,2,60,Major,88.50832690503748,100.0,1904,1681,853,755,40,0,20,"Potential risk identified: sales declined by 87.1%, 1 rep vacancy/vacancies.",Review vacancy impact and consider temporary rep coverage.
2019-10-01,TERR_04,5989788.0,14893.0,213,29,145,10576532.0,-43.36718311824708,TERR_04,4.0,1.0,565.0,5.0,1,2,60,Major,89.11717970843837,100.0,1665,1476,687,615,40,0,20,"Potential risk identified: sales declined by 43.4%, 1 rep vacancy/vacancies.",Review vacancy impact and consider temporary rep coverage.
2019-11-01,TERR_04,15178225.0,35967.0,192,29,141,5989788.0,153.40170637090995,TERR_04,4.0,1.0,565.0,5.0,1,0,20,Minor,91.90078345114352,100.0,1651,1529,679,623,0,0,20,Potential risk identified: 1 rep vacancy/vacancies.,Continue monitoring.
2019-12-01,TERR_04,18370336.25,52813.25,189,29,130,15178225.0,21.030859998451728,TERR_04,4.0,1.0,565.0,5.0,1,0,20,Minor,89.98171085992834,100.0,1521,1376,684,616,0,0,20,Potential risk identified: 1 rep vacancy/vacancies.,Continue monitoring.
2020-01-01,TERR_04,13031219.0,30135.0,200,29,130,18370336.25,-29.063797076659387,TERR_04,4.0,1.0,565.0,5.0,1,1,40,Major,85.64601561550111,100.0,1531,1315,670,573,20,0,20,"Potential risk identified: sales declined by 29.1%, 1 rep vacancy/vacancies.",Review vacancy impact and consider temporary rep coverage.
2020-02-01,TERR_04,13389297.0,32072.0,237,29,152,13031219.0,2.7478473042314766,TERR_04,4.0,1.0,565.0,5.0,1,0,20,Minor,90.333234849647,100.0,1856,1674,825,743,0,0,20,Potential risk identified: 1 rep vacancy/vacancies.,Continue monitoring.
2020-03-01,TERR_04,14584321.0,40522.0,237,29,154,13389297.0,8.92521840392367,TERR_04,4.0,1.0,565.0,5.0,1,0,20,Minor,90.27412454129329,100.0,1915,1729,837,757,0,0,20,Potential risk identified: 1 rep vacancy/vacancies.,Continue monitoring.
2020-04-01,TERR_04,4024300.0,10381.0,162,29,118,14584321.0,-72.40666877806653,TERR_04,4.0,1.0,565.0,5.0,1,2,60,Major,90.71595579156234,100.0,1419,1290,637,574,40,0,20,"Potential risk identified: sales declined by 72.4%, 1 rep vacancy/vacancies.",Review vacancy impact and consider temporary rep coverage.
2020-05-01,TERR_04,12996773.0,25774.0,234,29,145,4024300.0,222.95735904380885,TERR_04,4.0,1.0,565.0,5.0,1,0,20,Minor,86.56209239480319,100.0,1736,1509,787,683,0,0,20,Potential risk identified: 1 rep vacancy/vacancies.,Continue monitoring.
2020-06-01,TERR_04,15116816.0,38818.0,236,29,149,12996773.0,16.31207223516176,TERR_04,4.0,1.0,565.0,5.0,1,0,20,Minor,87.81103175655709,100.0,1661,1457,741,654,0,0,20,Potential risk identified: 1 rep vacancy/vacancies.,Continue monitoring.
2020-07-01,TERR_04,14177875.0,30487.0,232,29,139,15116816.0,-6.211235223078723,TERR_04,4.0,1.0,565.0,5.0,1,0,20,Minor,92.35177153143309,100.0,1726,1593,792,733,0,0,20,Potential risk identified: 1 rep vacancy/vacancies.,Continue monitoring.
2020-08-01,TERR_04,7514011.0,16791.0,243,29,152,14177875.0,-47.001853239642756,TERR_04,4.0,1.0,565.0,5.0,1,2,60,Major,88.9861892032683,100.0,1866,1657,870,781,40,0,20,"Potential risk identified: sales declined by 47.0%, 1 rep vacancy/vacancies.",Review vacancy impact and consider temporary rep coverage.
2020-09-01,TERR_04,11194440.0,24185.0,265,29,155,7514011.0,48.98088384485996,TERR_04,4.0,1.0,565.0,5.0,1,0,20,Minor,89.84738397240048,100.0,1901,1713,848,754,0,0,20,Potential risk identified: 1 rep vacancy/vacancies.,Continue monitoring.
2020-10-01,TERR_04,13849318.0,36597.0,188,29,126,11194440.0,23.716041177584586,TERR_04,4.0,1.0,565.0,5.0,1,0,20,Minor,87.45306168868757,100.0,1476,1267,653,579,0,0,20,Potential risk identified: 1 rep vacancy/vacancies.,Continue monitoring.
2020-11-01,TERR_04,17256208.0,42105.0,270,29,161,13849318.0,24.599695089678782,TERR_04,4.0,1.0,565.0,5.0,1,0,20,Minor,88.55177746756334,100.0,1887,1685,859,754,0,0,20,Potential risk identified: 1 rep vacancy/vacancies.,Continue monitoring.
2020-12-01,TERR_04,19046548.0,39395.0,222,29,133,17256208.0,10.375048794034008,TERR_04,4.0,1.0,565.0,5.0,1,0,20,Minor,89.59931836979838,100.0,1695,1524,785,697,0,0,20,Potential risk identified: 1 rep vacancy/vacancies.,Continue monitoring.
2017-01-01,TERR_05,4006651.0,11244.0,179,25,128,,,TERR_05,1.0,0.0,0.0,1.0,0,0,0,Minor,90.33463211398777,100.0,1325,1199,609,551,0,0,0,No significant risk indicators detected.,Continue monitoring.
2017-02-01,TERR_05,11064524.0,23743.0,230,25,139,4006651.0,176.15392506110464,TERR_05,1.0,0.0,0.0,1.0,0,0,0,Minor,89.51636021631192,100.0,1631,1458,730,651,0,0,0,No significant risk indicators detected.,Continue monitoring.
2017-03-01,TERR_05,13666228.0,34867.0,205,25,137,11064524.0,23.513926130035056,TERR_05,1.0,0.0,0.0,1.0,0,0,0,Minor,89.63821994881954,100.0,1396,1246,671,603,0,0,0,No significant risk indicators detected.,Continue monitoring.
2017-04-01,TERR_05,6942241.0,16768.0,182,25,134,13666228.0,-49.201484125685596,TERR_05,1.0,0.0,0.0,1.0,0,2,40,Major,87.48976291272837,100.0,1417,1246,599,527,40,0,0,Potential risk identified: sales declined by 49.2%.,"Review CRM activity, HCP coverage and sales performance."
2017-05-01,TERR_05,13898221.0,37965.0,243,25,152,6942241.0,100.19790439427267,TERR_05,1.0,0.0,0.0,1.0,0,0,0,Minor,90.84901382316693,100.0,1803,1634,805,726,0,0,0,No significant risk indicators detected.,Continue monitoring.
2017-06-01,TERR_05,13057788.0,29098.0,256,25,159,13898221.0,-6.047054511509063,TERR_05,1.0,0.0,0.0,1.0,0,0,0,Minor,90.90322604408571,100.0,1853,1683,834,758,0,0,0,No significant risk indicators detected.,Continue monitoring.
2017-07-01,TERR_05,15899280.0,38687.0,247,25,155,13057788.0,21.76089855341502,TERR_05,1.0,0.0,0.0,1.0,0,0,0,Minor,88.92608579102998,100.0,1788,1574,809,730,0,0,0,No significant risk indicators detected.,Continue monitoring.
2017-08-01,TERR_05,13316969.0,27125.0,251,25,153,15899280.0,-16.24168515807005,TERR_05,1.0,0.0,0.0,1.0,0,1,20,Minor,88.02175540692588,100.0,1829,1623,836,737,20,0,0,Potential risk identified: sales declined by 16.2%.,Continue monitoring.
2017-09-01,TERR_05,16734270.0,41813.0,191,25,128,13316969.0,25.661252196351885,TERR_05,1.0,0.0,0.0,1.0,0,0,0,Minor,90.02155200574536,100.0,1418,1292,653,584,0,0,0,No significant risk indicators detected.,Continue monitoring.
2017-10-01,TERR_05,9735001.0,23970.0,206,25,132,16734270.0,-41.82595954290208,TERR_05,1.0,0.0,0.0,1.0,0,2,40,Major,87.60003824436528,100.0,1538,1364,719,627,40,0,0,Potential risk identified: sales declined by 41.8%.,"Review CRM activity, HCP coverage and sales performance."
2017-11-01,TERR_05,14902504.0,31419.0,236,25,148,9735001.0,53.08168946258968,TERR_05,1.0,0.0,0.0,1.0,0,0,0,Minor,87.03522420849322,100.0,1804,1575,792,683,0,0,0,No significant risk indicators detected.,Continue monitoring.
2017-12-01,TERR_05,12466399.0,29090.0,148,25,108,14902504.0,-16.346950821150593,TERR_05,1.0,0.0,0.0,1.0,0,1,20,Minor,89.41887558892026,100.0,1206,1077,541,482,20,0,0,Potential risk identified: sales declined by 16.3%.,Continue monitoring.
2018-01-01,TERR_05,7250781.0,18008.0,390,38,190,12466399.0,-41.83740629511377,TERR_05,1.0,0.0,0.0,1.0,0,2,40,Major,90.18713541019669,100.0,2487,2234,1191,1077,40,0,0,Potential risk identified: sales declined by 41.8%.,"Review CRM activity, HCP coverage and sales performance."
2018-02-01,TERR_05,10712051.0,23188.0,416,38,194,7250781.0,47.73651279772482,TERR_05,1.0,0.0,0.0,1.0,0,0,0,Minor,88.091583727467,100.0,2711,2393,1193,1052,0,0,0,No significant risk indicators detected.,Continue monitoring.
2018-03-01,TERR_05,12218647.0,31179.0,442,38,197,10712051.0,14.06449614550939,TERR_05,1.0,0.0,0.0,1.0,0,0,0,Minor,90.17114345792821,100.0,2598,2366,1182,1061,0,0,0,No significant risk indicators detected.,Continue monitoring.
2018-04-01,TERR_05,15426159.0,38397.0,357,38,186,12218647.0,26.25095888276337,TERR_05,1.0,0.0,0.0,1.0,0,0,0,Minor,91.58822610940855,100.0,2535,2321,1140,1043,0,0,0,No significant risk indicators detected.,Continue monitoring.
2018-05-01,TERR_05,11696480.0,26434.0,405,38,198,15426159.0,-24.177625810806177,TERR_05,1.0,0.0,0.0,1.0,0,1,20,Minor,92.82553261526247,100.0,2788,2599,1181,1098,20,0,0,Potential risk identified: sales declined by 24.2%.,Continue monitoring.
2018-06-01,TERR_05,25499194.0,50293.0,426,38,199,11696480.0,118.00741761624009,TERR_05,1.0,0.0,0.0,1.0,0,0,0,Minor,90.0067115101564,100.0,2822,2535,1276,1158,0,0,0,No significant risk indicators detected.,Continue monitoring.
2018-07-01,TERR_05,12307921.0,26900.0,440,38,201,25499194.0,-51.73211749359608,TERR_05,1.0,0.0,0.0,1.0,0,2,40,Major,89.76442103283397,100.0,2914,2615,1348,1210,40,0,0,Potential risk identified: sales declined by 51.7%.,"Review CRM activity, HCP coverage and sales performance."
2018-08-01,TERR_05,11591802.0,27994.0,448,38,200,12307921.0,-5.818358762621242,TERR_05,1.0,0.0,0.0,1.0,0,0,0,Minor,88.91395179786635,100.0,2731,2416,1291,1145,0,0,0,No significant risk indicators detected.,Continue monitoring.
2018-09-01,TERR_05,11145569.0,29852.0,406,38,196,11591802.0,-3.8495567815944405,TERR_05,1.0,0.0,0.0,1.0,0,0,0,Minor,90.26847871107522,100.0,2559,2298,1176,1060,0,0,0,No significant risk indicators detected.,Continue monitoring.
2018-10-01,TERR_05,16182599.0,35972.0,501,38,208,11145569.0,45.19311665469928,TERR_05,1.0,0.0,0.0,1.0,0,0,0,Minor,90.17032541360471,100.0,3026,2745,1345,1206,0,0,0,No significant risk indicators detected.,Continue monitoring.
2018-11-01,TERR_05,7342896.0,18891.0,460,38,200,16182599.0,-54.62474229263174,TERR_05,1.0,0.0,0.0,1.0,0,2,40,Major,89.00489699177842,100.0,2875,2569,1292,1150,40,0,0,Potential risk identified: sales declined by 54.6%.,"Review CRM activity, HCP coverage and sales performance."
2018-12-01,TERR_05,7470885.0,21216.0,354,38,184,7342896.0,1.7430316322061485,TERR_05,1.0,0.0,0.0,1.0,0,0,0,Minor,86.84432606595391,100.0,2306,2015,1048,905,0,0,0,No significant risk indicators detected.,Continue monitoring.
2019-01-01,TERR_05,5289509.0,13722.0,161,25,113,7470885.0,-29.198361372180138,TERR_05,1.0,0.0,0.0,1.0,0,1,20,Minor,91.46559399648709,100.0,1256,1163,581,534,20,0,0,Potential risk identified: sales declined by 29.2%.,Continue monitoring.
2019-02-01,TERR_05,18030112.0,41092.0,194,25,134,5289509.0,240.86551322627489,TERR_05,1.0,0.0,0.0,1.0,0,0,0,Minor,91.04201125931533,100.0,1397,1271,633,576,0,0,0,No significant risk indicators detected.,Continue monitoring.
2019-03-01,TERR_05,18656799.0,40640.0,279,25,162,18030112.0,3.4757798509515636,TERR_05,1.0,0.0,0.0,1.0,0,0,0,Minor,90.42153424707557,100.0,1894,1715,840,754,0,0,0,No significant risk indicators detected.,Continue monitoring.
2019-04-01,TERR_05,13026581.0,24080.0,225,25,139,18656799.0,-30.177834900831595,TERR_05,1.0,0.0,0.0,1.0,0,2,40,Major,87.76485850460236,100.0,1705,1507,736,643,40,0,0,Potential risk identified: sales declined by 30.2%.,"Review CRM activity, HCP coverage and sales performance."
2019-05-01,TERR_05,5035933.0,12935.0,203,25,139,13026581.0,-61.341099402828725,TERR_05,1.0,0.0,0.0,1.0,0,2,40,Major,88.05214099092865,100.0,1580,1404,669,589,40,0,0,Potential risk identified: sales declined by 61.3%.,"Review CRM activity, HCP coverage and sales performance."
2019-06-01,TERR_05,6758923.0,16762.5,221,25,139,5035933.0,34.21391825506813,TERR_05,1.0,0.0,0.0,1.0,0,0,0,Minor,89.47216355463958,100.0,1645,1460,747,671,0,0,0,No significant risk indicators detected.,Continue monitoring.
2019-07-01,TERR_05,9022910.0,17102.0,203,25,140,6758923.0,33.496268562313844,TERR_05,1.0,0.0,0.0,1.0,0,0,0,Minor,88.04842157131458,100.0,1405,1238,638,561,0,0,0,No significant risk indicators detected.,Continue monitoring.
2019-08-01,TERR_05,5123977.0,15443.0,189,25,132,9022910.0,-43.21148055339131,TERR_05,1.0,0.0,0.0,1.0,0,2,40,Major,88.58753350244697,100.0,1427,1267,663,585,40,0,0,Potential risk identified: sales declined by 43.2%.,"Review CRM activity, HCP coverage and sales performance."
2019-09-01,TERR_05,15958900.0,34869.0,214,25,139,5123977.0,211.45534025621114,TERR_05,1.0,0.0,0.0,1.0,0,0,0,Minor,88.5770790579292,100.0,1572,1381,692,613,0,0,0,No significant risk indicators detected.,Continue monitoring.
2019-10-01,TERR_05,9102062.0,24690.0,203,25,138,15958900.0,-42.96560539886835,TERR_05,1.0,0.0,0.0,1.0,0,2,40,Major,88.92182180282431,100.0,1439,1291,661,585,40,0,0,Potential risk identified: sales declined by 43.0%.,"Review CRM activity, HCP coverage and sales performance."
2019-11-01,TERR_05,7332563.0,20855.0,160,25,112,9102062.0,-19.440638835463876,TERR_05,1.0,0.0,0.0,1.0,0,1,20,Minor,88.46984391251613,100.0,1251,1101,529,472,20,0,0,Potential risk identified: sales declined by 19.4%.,Continue monitoring.
2019-12-01,TERR_05,32189271.0,65641.0,143,25,100,7332563.0,338.9907185250232,TERR_05,1.0,0.0,0.0,1.0,0,0,0,Minor,89.10570944566638,100.0,1142,1018,521,463,0,0,0,No significant risk indicators detected.,Continue monitoring.
2020-01-01,TERR_05,7272515.0,15870.0,161,23,125,32189271.0,-77.40702173714963,TERR_05,1.0,0.0,0.0,1.0,0,2,40,Major,88.52147879634269,100.0,1292,1136,591,524,40,0,0,Potential risk identified: sales declined by 77.4%.,"Review CRM activity, HCP coverage and sales performance."
2020-02-01,TERR_05,10588318.0,24564.0,209,25,135,7272515.0,45.59362201384253,TERR_05,1.0,0.0,0.0,1.0,0,0,0,Minor,89.76838153374307,100.0,1546,1377,655,592,0,0,0,No significant risk indicators detected.,Continue monitoring.
2020-03-01,TERR_05,9497145.0,27974.0,187,25,130,10588318.0,-10.305442280823073,TERR_05,1.0,0.0,0.0,1.0,0,0,0,Minor,91.51406796175701,100.0,1360,1253,642,581,0,0,0,No significant risk indicators detected.,Continue monitoring.
2020-04-01,TERR_05,6990183.0,17768.0,158,25,118,9497145.0,-26.39700667937575,TERR_05,1.0,0.0,0.0,1.0,0,1,20,Minor,91.40614182716435,100.0,1285,1186,573,523,20,0,0,Potential risk identified: sales declined by 26.4%.,Continue monitoring.
2020-05-01,TERR_05,10199052.0,25154.0,191,25,132,6990183.0,45.90536470933594,TERR_05,1.0,0.0,0.0,1.0,0,0,0,Minor,86.43689070410336,100.0,1524,1313,672,585,0,0,0,No significant risk indicators detected.,Continue monitoring.
2020-06-01,TERR_05,14960071.0,30927.0,203,25,142,10199052.0,46.68099544938098,TERR_05,1.0,0.0,0.0,1.0,0,0,0,Minor,88.58634648604779,100.0,1538,1359,706,627,0,0,0,No significant risk indicators detected.,Continue monitoring.
2020-07-01,TERR_05,7205333.0,18521.0,199,25,142,14960071.0,-51.836237942988376,TERR_05,1.0,0.0,0.0,1.0,0,2,40,Major,90.07929927420386,100.0,1460,1315,679,615,40,0,0,Potential risk identified: sales declined by 51.8%.,"Review CRM activity, HCP coverage and sales performance."
2020-08-01,TERR_05,6747660.0,13542.0,192,25,136,7205333.0,-6.351864653583672,TERR_05,1.0,0.0,0.0,1.0,0,0,0,Minor,88.52898833099576,100.0,1548,1378,657,577,0,0,0,No significant risk indicators detected.,Continue monitoring.
2020-09-01,TERR_05,9095330.0,26786.0,243,25,154,6747660.0,34.79235764694724,TERR_05,1.0,0.0,0.0,1.0,0,0,0,Minor,89.75374411672593,100.0,1704,1543,818,728,0,0,0,No significant risk indicators detected.,Continue monitoring.
2020-10-01,TERR_05,5554140.0,11806.0,155,25,121,9095330.0,-38.934156319781685,TERR_05,1.0,0.0,0.0,1.0,0,2,40,Major,88.61284628932832,100.0,1249,1105,538,477,40,0,0,Potential risk identified: sales declined by 38.9%.,"Review CRM activity, HCP coverage and sales performance."
2020-11-01,TERR_05,14557178.0,35948.0,275,25,161,5554140.0,162.0959860572474,TERR_05,1.0,0.0,0.0,1.0,0,0,0,Minor,90.11136614265703,100.0,1926,1746,795,710,0,0,0,No significant risk indicators detected.,Continue monitoring.
2020-12-01,TERR_05,14480492.0,31933.0,215,25,147,14557178.0,-0.5267916625049168,TERR_05,1.0,0.0,0.0,1.0,0,0,0,Minor,88.71664638093051,100.0,1573,1383,726,645,0,0,0,No significant risk indicators detected.,Continue monitoring.
2017-01-01,TERR_06,8029743.0,19065.0,204,29,136,,,,,,,,0,0,0,Minor,88.89499642593364,100.0,1676,1494,713,631,0,0,0,No significant risk indicators detected.,Continue monitoring.
2017-02-01,TERR_06,12275304.0,28155.0,248,29,164,8029743.0,52.87293752739035,,,,,,0,0,0,Minor,90.15294753763662,100.0,1796,1626,775,696,0,0,0,No significant risk indicators detected.,Continue monitoring.
2017-03-01,TERR_06,9600883.0,27507.0,272,29,150,12275304.0,-21.78700421594447,,,,,,0,1,20,Minor,93.55334984065333,100.0,2052,1887,896,845,20,0,0,Potential risk identified: sales declined by 21.8%.,Continue monitoring.
2017-04-01,TERR_06,8337709.0,20446.0,202,29,135,9600883.0,-13.156852343685472,,,,,,0,0,0,Minor,87.94584617335309,100.0,1555,1351,717,637,0,0,0,No significant risk indicators detected.,Continue monitoring.
2017-05-01,TERR_06,14356412.0,41698.0,279,29,166,8337709.0,72.18653229562221,,,,,,0,0,0,Minor,90.6637071914686,100.0,1998,1820,932,841,0,0,0,No significant risk indicators detected.,Continue monitoring.
2017-06-01,TERR_06,12632037.0,28341.0,265,29,164,14356412.0,-12.011183574280258,,,,,,0,0,0,Minor,90.63024584270119,100.0,1973,1782,868,792,0,0,0,No significant risk indicators detected.,Continue monitoring.
2017-07-01,TERR_06,20317413.0,42841.0,306,29,170,12632037.0,60.84035377667117,,,,,,0,0,0,Minor,89.17481914498207,100.0,2067,1845,961,853,0,0,0,No significant risk indicators detected.,Continue monitoring.
2017-08-01,TERR_06,9481750.0,21542.0,276,29,165,20317413.0,-53.331903033127304,,,,,,0,2,40,Major,89.07885592507509,100.0,1945,1739,873,779,40,0,0,Potential risk identified: sales declined by 53.3%.,"Review CRM activity, HCP coverage and sales performance."
2017-09-01,TERR_06,8081462.0,19979.0,228,29,147,9481750.0,-14.768244258707517,,,,,,0,0,0,Minor,88.2757448998275,100.0,1598,1409,731,645,0,0,0,No significant risk indicators detected.,Continue monitoring.
2017-10-01,TERR_06,14711251.0,29233.0,236,29,151,8081462.0,82.03700023584841,,,,,,0,0,0,Minor,89.52890981905979,100.0,1790,1611,810,716,0,0,0,No significant risk indicators detected.,Continue monitoring.
2017-11-01,TERR_06,7778018.0,17554.0,249,29,162,14711251.0,-47.12877919083836,,,,,,0,2,40,Major,88.39349510377777,100.0,1772,1569,820,725,40,0,0,Potential risk identified: sales declined by 47.1%.,"Review CRM activity, HCP coverage and sales performance."
2017-12-01,TERR_06,4606757.0,14284.0,188,29,130,7778018.0,-40.772096438964276,,,,,,0,2,40,Major,88.72378044771872,100.0,1498,1345,659,580,40,0,0,Potential risk identified: sales declined by 40.8%.,"Review CRM activity, HCP coverage and sales performance."
2018-01-01,TERR_06,6700128.0,20245.0,319,38,173,4606757.0,45.44131587578854,,,,,,0,0,0,Minor,89.0275333614315,100.0,2090,1844,911,808,0,0,0,No significant risk indicators detected.,Continue monitoring.
2018-02-01,TERR_06,13042378.2,31701.6,391,38,198,6700128.0,94.65864234235524,,,,,,0,0,0,Minor,91.11622779920104,100.0,2715,2459,1182,1078,0,0,0,No significant risk indicators detected.,Continue monitoring.
2018-03-01,TERR_06,15892611.0,34147.0,407,38,194,13042378.2,21.8536278912691,,,,,,0,0,0,Minor,89.10457137592215,100.0,2596,2314,1172,1043,0,0,0,No significant risk indicators detected.,Continue monitoring.
2018-04-01,TERR_06,7715379.0,20944.0,334,38,186,15892611.0,-51.45304317836761,,,,,,0,2,40,Major,89.36211400222192,100.0,2388,2128,1088,976,40,0,0,Potential risk identified: sales declined by 51.5%.,"Review CRM activity, HCP coverage and sales performance."
2018-05-01,TERR_06,27835139.0,51692.0,399,38,189,7715379.0,260.7747461271831,,,,,,0,0,0,Minor,90.15451858953269,100.0,2627,2368,1185,1065,0,0,0,No significant risk indicators detected.,Continue monitoring.
2018-06-01,TERR_06,17109447.0,45399.0,391,38,186,27835139.0,-38.532920564901794,,,,,,0,2,40,Major,89.58191326932828,100.0,2610,2336,1221,1091,40,0,0,Potential risk identified: sales declined by 38.5%.,"Review CRM activity, HCP coverage and sales performance."
2018-07-01,TERR_06,16084709.0,36873.0,400,38,199,17109447.0,-5.989311051374132,,,,,,0,0,0,Minor,90.09036071843094,100.0,2740,2486,1244,1113,0,0,0,No significant risk indicators detected.,Continue monitoring.
2018-08-01,TERR_06,9025670.0,20769.0,399,38,195,16084709.0,-43.88664414133945,,,,,,0,2,40,Major,87.87458374979185,100.0,2455,2165,1118,980,40,0,0,Potential risk identified: sales declined by 43.9%.,"Review CRM activity, HCP coverage and sales performance."
2018-09-01,TERR_06,12672730.0,28139.0,353,38,184,9025670.0,40.40763732775517,,,,,,0,0,0,Minor,90.5294025405179,100.0,2480,2257,1100,1003,0,0,0,No significant risk indicators detected.,Continue monitoring.
2018-10-01,TERR_06,20401164.0,45165.0,505,38,203,12672730.0,60.98476018979336,,,,,,0,0,0,Minor,91.76539457978264,100.0,3096,2842,1368,1254,0,0,0,No significant risk indicators detected.,Continue monitoring.
2018-11-01,TERR_06,19059005.0,34807.0,388,38,190,20401164.0,-6.578835403705396,,,,,,0,0,0,Minor,89.9969009493872,100.0,2516,2256,1160,1037,0,0,0,No significant risk indicators detected.,Continue monitoring.
2018-12-01,TERR_06,29688319.0,73879.0,347,38,182,19059005.0,55.77056095006009,,,,,,0,0,0,Minor,88.55567065646807,100.0,2329,2038,1068,952,0,0,0,No significant risk indicators detected.,Continue monitoring.
2019-01-01,TERR_06,3075601.0,10102.0,210,29,129,29688319.0,-89.64036663712756,,,,,,0,2,40,Major,86.307830087639,100.0,1581,1378,711,612,40,0,0,Potential risk identified: sales declined by 89.6%.,"Review CRM activity, HCP coverage and sales performance."
2019-02-01,TERR_06,18419030.0,61911.0,239,29,146,3075601.0,498.875796958058,,,,,,0,0,0,Minor,89.37257239540858,100.0,1725,1549,764,678,0,0,0,No significant risk indicators detected.,Continue monitoring.
2019-03-01,TERR_06,26732754.0,68854.0,283,29,163,18419030.0,45.136600570171176,,,,,,0,0,0,Minor,88.73549596171048,100.0,1943,1709,893,787,0,0,0,No significant risk indicators detected.,Continue monitoring.
2019-04-01,TERR_06,8809340.0,22623.0,259,29,156,26732754.0,-67.04664248210267,,,,,,0,2,40,Major,90.01862544452261,100.0,1974,1773,811,729,40,0,0,Potential risk identified: sales declined by 67.0%.,"Review CRM activity, HCP coverage and sales performance."
2019-05-01,TERR_06,12631305.9681,29001.7348243,267,29,159,8809340.0,43.38538378698063,,,,,,0,0,0,Minor,88.32381897021102,100.0,1834,1621,844,740,0,0,0,No significant risk indicators detected.,Continue monitoring.
2019-06-01,TERR_06,11411687.5,27490.31,247,29,161,12631305.9681,-9.655521536570419,,,,,,0,0,0,Minor,88.48440708861833,100.0,1679,1479,790,706,0,0,0,No significant risk indicators detected.,Continue monitoring.
2019-07-01,TERR_06,10163277.0,24806.0,269,29,157,11411687.5,-10.939753651683855,,,,,,0,0,0,Minor,90.33706694929947,100.0,1824,1660,850,760,0,0,0,No significant risk indicators detected.,Continue monitoring.
2019-08-01,TERR_06,16176765.0,40156.0,247,29,162,10163277.0,59.168789751573236,,,,,,0,0,0,Minor,88.16783613619542,100.0,1798,1600,801,706,0,0,0,No significant risk indicators detected.,Continue monitoring.
2019-09-01,TERR_06,9344286.0,53945.0,218,29,146,16176765.0,-42.23637420708034,,,,,,0,2,40,Major,87.65141332699068,100.0,1605,1398,733,651,40,0,0,Potential risk identified: sales declined by 42.2%.,"Review CRM activity, HCP coverage and sales performance."
2019-10-01,TERR_06,9469790.0,21175.0,189,29,134,9344286.0,1.3431095751992181,,,,,,0,0,0,Minor,90.83153861375975,100.0,1507,1371,661,600,0,0,0,No significant risk indicators detected.,Continue monitoring.
2019-11-01,TERR_06,15491172.0,30732.0,223,29,150,9469790.0,63.58516925929719,,,,,,0,0,0,Minor,92.32600520051543,100.0,1666,1535,768,702,0,0,0,No significant risk indicators detected.,Continue monitoring.
2019-12-01,TERR_06,7001284.0,17478.0,174,29,127,15491172.0,-54.80468488762503,,,,,,0,2,40,Major,90.04056741487997,100.0,1419,1291,628,561,40,0,0,Potential risk identified: sales declined by 54.8%.,"Review CRM activity, HCP coverage and sales performance."
2020-01-01,TERR_06,7458702.0,19554.0,183,29,124,7001284.0,6.5333444551028075,,,,,,0,0,0,Minor,88.9057551561764,100.0,1449,1278,640,565,0,0,0,No significant risk indicators detected.,Continue monitoring.
2020-02-01,TERR_06,7264480.0,17139.0,226,29,144,7458702.0,-2.6039651403152986,,,,,,0,0,0,Minor,89.11377892561754,100.0,1619,1442,743,663,0,0,0,No significant risk indicators detected.,Continue monitoring.
2020-03-01,TERR_06,15492460.0,42780.0,251,29,152,7264480.0,113.26316542959715,,,,,,0,0,0,Minor,89.71702354242915,100.0,1902,1691,834,745,0,0,0,No significant risk indicators detected.,Continue monitoring.
2020-04-01,TERR_06,7191171.0,17376.0,183,29,130,15492460.0,-53.58276865004008,,,,,,0,2,40,Major,92.91198318938305,100.0,1430,1322,632,592,40,0,0,Potential risk identified: sales declined by 53.6%.,"Review CRM activity, HCP coverage and sales performance."
2020-05-01,TERR_06,15997938.0,31391.0,221,29,157,7191171.0,122.46638273516233,,,,,,0,0,0,Minor,88.93209787630869,100.0,1771,1562,800,717,0,0,0,No significant risk indicators detected.,Continue monitoring.
2020-06-01,TERR_06,16190647.0,38490.0,235,29,148,15997938.0,1.2045864910840385,,,,,,0,0,0,Minor,90.19100872332481,100.0,1827,1643,815,734,0,0,0,No significant risk indicators detected.,Continue monitoring.
2020-07-01,TERR_06,11360638.0,26846.0,231,29,147,16190647.0,-29.832093800822168,,,,,,0,1,20,Minor,90.55409193238062,100.0,1736,1573,813,725,20,0,0,Potential risk identified: sales declined by 29.8%.,Continue monitoring.
2020-08-01,TERR_06,11357583.0,24559.0,232,29,146,11360638.0,-0.026891095376861754,,,,,,0,0,0,Minor,86.85798221120606,100.0,1762,1528,783,679,0,0,0,No significant risk indicators detected.,Continue monitoring.
2020-09-01,TERR_06,23940576.0,48119.0,275,29,161,11357583.0,110.78935544648891,,,,,,0,0,0,Minor,88.90831177445173,100.0,1870,1657,869,771,0,0,0,No significant risk indicators detected.,Continue monitoring.
2020-10-01,TERR_06,16420217.0,37037.0,196,29,140,23940576.0,-31.412606781056564,,,,,,0,2,40,Major,90.55536211114833,100.0,1493,1361,678,611,40,0,0,Potential risk identified: sales declined by 31.4%.,"Review CRM activity, HCP coverage and sales performance."
2020-11-01,TERR_06,13727654.0,31862.0,288,29,167,16420217.0,-16.39785272021679,,,,,,0,1,20,Minor,91.6400205785522,100.0,1881,1724,864,791,20,0,0,Potential risk identified: sales declined by 16.4%.,Continue monitoring.
2020-12-01,TERR_06,14425583.0,32893.0,223,29,149,13727654.0,5.084109783069999,,,,,,0,0,0,Minor,91.61926835905476,100.0,1605,1467,760,697,0,0,0,No significant risk indicators detected.,Continue monitoring.
2017-01-01,TERR_07,10033411.0,20042.0,189,28,137,,,,,,,,0,0,0,Minor,88.23954130132226,100.0,1596,1402,715,631,0,0,0,No significant risk indicators detected.,Continue monitoring.
2017-02-01,TERR_07,9114609.0,23018.0,239,28,158,10033411.0,-9.15742413023846,,,,,,0,0,0,Minor,91.33141283364628,100.0,1679,1532,771,705,0,0,0,No significant risk indicators detected.,Continue monitoring.
2017-03-01,TERR_07,10169202.0,28401.0,267,28,162,9114609.0,11.570359189297093,,,,,,0,0,0,Minor,90.35264113131713,100.0,1847,1686,847,763,0,0,0,No significant risk indicators detected.,Continue monitoring.
2017-04-01,TERR_07,6197944.0,15927.0,183,28,131,10169202.0,-39.05181547185315,,,,,,0,2,40,Major,89.76940510402883,100.0,1482,1318,693,625,40,0,0,Potential risk identified: sales declined by 39.1%.,"Review CRM activity, HCP coverage and sales performance."
2017-05-01,TERR_07,10968582.0,28738.0,221,28,141,6197944.0,76.97129886943154,,,,,,0,0,0,Minor,86.18704416488056,100.0,1661,1443,766,657,0,0,0,No significant risk indicators detected.,Continue monitoring.
2017-06-01,TERR_07,7706993.0,20777.0,246,28,153,10968582.0,-29.735739770190893,,,,,,0,1,20,Minor,87.90512377911237,100.0,1759,1538,733,650,20,0,0,Potential risk identified: sales declined by 29.7%.,Continue monitoring.
2017-07-01,TERR_07,20926841.0,44583.0,283,28,172,7706993.0,171.53055672945337,,,,,,0,0,0,Minor,92.03368237953603,100.0,1979,1819,866,796,0,0,0,No significant risk indicators detected.,Continue monitoring.
2017-08-01,TERR_07,13512747.0,34976.0,279,28,168,20926841.0,-35.42863445084712,,,,,,0,2,40,Major,90.41645533109748,100.0,1897,1713,796,723,40,0,0,Potential risk identified: sales declined by 35.4%.,"Review CRM activity, HCP coverage and sales performance."
2017-09-01,TERR_07,7524711.0,22945.0,246,28,154,13512747.0,-44.31397997757229,,,,,,0,2,40,Major,90.2482787920193,100.0,1722,1551,794,717,40,0,0,Potential risk identified: sales declined by 44.3%.,"Review CRM activity, HCP coverage and sales performance."
2017-10-01,TERR_07,11162924.0,26104.0,221,28,145,7524711.0,48.35020241973413,,,,,,0,0,0,Minor,87.10036442171567,100.0,1633,1441,728,636,0,0,0,No significant risk indicators detected.,Continue monitoring.
2017-11-01,TERR_07,14195000.0,34222.0,261,28,160,11162924.0,27.16202314017367,,,,,,0,0,0,Minor,88.05656631092307,100.0,1959,1738,861,749,0,0,0,No significant risk indicators detected.,Continue monitoring.
2017-12-01,TERR_07,10937827.0,30956.0,200,28,148,14195000.0,-22.945917576611482,,,,,,0,1,20,Minor,91.03165230444401,100.0,1554,1414,695,626,20,0,0,Potential risk identified: sales declined by 22.9%.,Continue monitoring.
2018-01-01,TERR_07,10675681.0,29382.0,396,38,193,10937827.0,-2.396691774335067,,,,,,0,0,0,Minor,89.9030812098174,100.0,2550,2288,1163,1044,0,0,0,No significant risk indicators detected.,Continue monitoring.
2018-02-01,TERR_07,11474800.0,29603.0,408,38,201,10675681.0,7.485414747780493,,,,,,0,0,0,Minor,89.8998996984075,100.0,2617,2345,1189,1067,0,0,0,No significant risk indicators detected.,Continue monitoring.
2018-03-01,TERR_07,13423181.0,36503.0,396,38,197,11474800.0,16.97965106145641,,,,,,0,0,0,Minor,94.0087458624853,100.0,2536,2380,1171,1102,0,0,0,No significant risk indicators detected.,Continue monitoring.
2018-04-01,TERR_07,15840206.0,37873.0,351,38,185,13423181.0,18.006350357638777,,,,,,0,0,0,Minor,90.67841529519886,100.0,2432,2205,1083,979,0,0,0,No significant risk indicators detected.,Continue monitoring.
2018-05-01,TERR_07,10195757.0,22743.0,365,38,179,15840206.0,-35.6336843094086,,,,,,0,2,40,Major,90.95770711521764,100.0,2539,2313,1093,989,40,0,0,Potential risk identified: sales declined by 35.6%.,"Review CRM activity, HCP coverage and sales performance."
2018-06-01,TERR_07,15955857.0,35833.0,401,38,189,10195757.0,56.495069468603454,,,,,,0,0,0,Minor,90.1411425919297,100.0,2656,2408,1186,1066,0,0,0,No significant risk indicators detected.,Continue monitoring.
2018-07-01,TERR_07,14114361.0,33750.0,408,38,197,15955857.0,-11.541191425819372,,,,,,0,0,0,Minor,88.47910857296013,100.0,2818,2490,1243,1097,0,0,0,No significant risk indicators detected.,Continue monitoring.
2018-08-01,TERR_07,16652173.0,33676.0,388,38,197,14114361.0,17.98035348536147,,,,,,0,0,0,Minor,88.37930646071874,100.0,2562,2263,1203,1065,0,0,0,No significant risk indicators detected.,Continue monitoring.
2018-09-01,TERR_07,11647771.0,28220.0,360,38,187,16652173.0,-30.05254629530933,,,,,,0,2,40,Major,91.40380028333696,100.0,2388,2189,1081,985,40,0,0,Potential risk identified: sales declined by 30.1%.,"Review CRM activity, HCP coverage and sales performance."
2018-10-01,TERR_07,18761299.0,45321.0,487,38,201,11647771.0,61.072011116976796,,,,,,0,0,0,Minor,89.25590669435483,100.0,3010,2693,1361,1213,0,0,0,No significant risk indicators detected.,Continue monitoring.
2018-11-01,TERR_07,24868680.0,66702.0,400,38,198,18761299.0,32.5530817455657,,,,,,0,0,0,Minor,90.76578589466196,100.0,2743,2501,1196,1082,0,0,0,No significant risk indicators detected.,Continue monitoring.
2018-12-01,TERR_07,9363167.0,20751.0,358,38,183,24868680.0,-62.34956177810804,,,,,,0,2,40,Major,89.59394829168566,100.0,2403,2137,1066,962,40,0,0,Potential risk identified: sales declined by 62.3%.,"Review CRM activity, HCP coverage and sales performance."
2019-01-01,TERR_07,7357178.0,19531.0,178,28,124,9363167.0,-21.42425741204872,,,,,,0,1,20,Minor,87.8064608390001,100.0,1386,1240,589,515,20,0,0,Potential risk identified: sales declined by 21.4%.,Continue monitoring.
2019-02-01,TERR_07,34337409.0,56969.0,232,28,155,7357178.0,366.71983469748864,,,,,,0,0,0,Minor,88.91576588611498,100.0,1691,1509,728,644,0,0,0,No significant risk indicators detected.,Continue monitoring.
2019-03-01,TERR_07,21903724.0,55581.0,255,28,157,34337409.0,-36.21031802370412,,,,,,0,2,40,Major,89.41363904243505,100.0,1793,1603,838,753,40,0,0,Potential risk identified: sales declined by 36.2%.,"Review CRM activity, HCP coverage and sales performance."
2019-04-01,TERR_07,4922882.0,12269.0,225,28,150,21903724.0,-77.52490854979729,,,,,,0,2,40,Major,90.64198850166652,100.0,1651,1494,733,663,40,0,0,Potential risk identified: sales declined by 77.5%.,"Review CRM activity, HCP coverage and sales performance."
2019-05-01,TERR_07,9679133.0,20567.0,218,28,138,4922882.0,96.61517379453743,,,,,,0,0,0,Minor,88.41208423000597,100.0,1629,1453,775,684,0,0,0,No significant risk indicators detected.,Continue monitoring.
2019-06-01,TERR_07,8368556.0,21380.0,232,28,156,9679133.0,-13.540231340968244,,,,,,0,0,0,Minor,89.81569801419731,100.0,1797,1620,772,692,0,0,0,No significant risk indicators detected.,Continue monitoring.
2019-07-01,TERR_07,7118559.0,15936.0,251,28,157,8368556.0,-14.936830201052606,,,,,,0,0,0,Minor,87.23526049810162,100.0,1701,1481,775,672,0,0,0,No significant risk indicators detected.,Continue monitoring.
2019-08-01,TERR_07,28560473.0,107312.0,233,28,154,7118559.0,301.21143900050555,,,,,,0,0,0,Minor,89.16318620491992,100.0,1692,1511,757,671,0,0,0,No significant risk indicators detected.,Continue monitoring.
2019-09-01,TERR_07,25033588.0,48012.0,195,28,130,28560473.0,-12.348832598115585,,,,,,0,0,0,Minor,89.79638981498464,100.0,1578,1412,697,620,0,0,0,No significant risk indicators detected.,Continue monitoring.
2019-10-01,TERR_07,12518026.0,24940.0,196,28,135,25033588.0,-49.99507861198323,,,,,,0,2,40,Major,89.4350489606858,100.0,1475,1311,650,583,40,0,0,Potential risk identified: sales declined by 50.0%.,"Review CRM activity, HCP coverage and sales performance."
2019-11-01,TERR_07,10658004.0,27711.0,192,28,134,12518026.0,-14.858748495968932,,,,,,0,0,0,Minor,90.55452512681748,100.0,1606,1456,639,577,0,0,0,No significant risk indicators detected.,Continue monitoring.
2019-12-01,TERR_07,10324950.359571,27899.91980073,184,28,128,10658004.0,-3.1249157011856954,,,,,,0,0,0,Minor,90.16358137428853,100.0,1431,1284,623,567,0,0,0,No significant risk indicators detected.,Continue monitoring.
2020-01-01,TERR_07,8871788.0,21085.0,182,28,129,10324950.359571,-14.074279381149287,,,,,,0,0,0,Minor,90.19964014119608,100.0,1404,1272,682,613,0,0,0,No significant risk indicators detected.,Continue monitoring.
2020-02-01,TERR_07,10855466.0,26048.0,201,28,129,8871788.0,22.35939361941471,,,,,,0,0,0,Minor,88.95920479330599,100.0,1619,1445,724,639,0,0,0,No significant risk indicators detected.,Continue monitoring.
2020-03-01,TERR_07,6793763.0,17212.0,228,28,148,10855466.0,-37.416201202233054,,,,,,0,2,40,Major,88.81159573509083,100.0,1639,1444,733,650,40,0,0,Potential risk identified: sales declined by 37.4%.,"Review CRM activity, HCP coverage and sales performance."
2020-04-01,TERR_07,7346140.0,14420.0,155,28,114,6793763.0,8.130648655244524,,,,,,0,0,0,Minor,90.27574734894621,100.0,1301,1183,582,516,0,0,0,No significant risk indicators detected.,Continue monitoring.
2020-05-01,TERR_07,7902473.0,20878.0,182,28,124,7346140.0,7.573133645696924,,,,,,0,0,0,Minor,89.03064497043684,100.0,1502,1332,661,588,0,0,0,No significant risk indicators detected.,Continue monitoring.
2020-06-01,TERR_07,6148855.0,16666.0,243,27,153,7902473.0,-22.190749655202872,,,,,,0,1,20,Minor,87.74732445173673,100.0,1731,1534,796,699,20,0,0,Potential risk identified: sales declined by 22.2%.,Continue monitoring.
2020-07-01,TERR_07,7435921.0,30029.0,234,28,156,6148855.0,20.931799497630045,,,,,,0,0,0,Minor,90.60343641269992,100.0,1778,1621,832,747,0,0,0,No significant risk indicators detected.,Continue monitoring.
2020-08-01,TERR_07,9947303.0,29236.0,238,28,153,7435921.0,33.77365090349938,,,,,,0,0,0,Minor,89.26880583122497,100.0,1728,1544,786,703,0,0,0,No significant risk indicators detected.,Continue monitoring.
2020-09-01,TERR_07,9794150.0,24050.0,261,28,164,9947303.0,-1.5396434591366122,,,,,,0,0,0,Minor,89.27975760303639,100.0,1895,1691,848,760,0,0,0,No significant risk indicators detected.,Continue monitoring.
2020-10-01,TERR_07,6159933.0,14175.0,178,28,129,9794150.0,-37.10599694715723,,,,,,0,2,40,Major,89.21291897071204,100.0,1470,1296,695,627,40,0,0,Potential risk identified: sales declined by 37.1%.,"Review CRM activity, HCP coverage and sales performance."
2020-11-01,TERR_07,8356065.0,20717.0,301,28,174,6159933.0,35.65188127857884,,,,,,0,0,0,Minor,87.99087591121541,100.0,2180,1933,993,868,0,0,0,No significant risk indicators detected.,Continue monitoring.
2020-12-01,TERR_07,17308994.0,43155.0,221,28,150,8356065.0,107.14288364200135,,,,,,0,0,0,Minor,91.64733147848366,100.0,1677,1539,803,735,0,0,0,No significant risk indicators detected.,Continue monitoring.
2017-01-01,TERR_08,9291583.0,23377.0,213,28,138,,,,,,,,0,0,0,Minor,90.7502637345016,100.0,1645,1504,722,649,0,0,0,No significant risk indicators detected.,Continue monitoring.
2017-02-01,TERR_08,7341372.0,23375.0,225,28,142,9291583.0,-20.98900693240323,,,,,,0,1,20,Minor,88.75193535344701,100.0,1566,1386,704,631,20,0,0,Potential risk identified: sales declined by 21.0%.,Continue monitoring.
2017-03-01,TERR_08,17089105.0,34419.0,234,28,150,7341372.0,132.77808289785617,,,,,,0,0,0,Minor,88.09867079213868,100.0,1677,1494,777,683,0,0,0,No significant risk indicators detected.,Continue monitoring.
2017-04-01,TERR_08,11650266.0,27049.0,190,28,138,17089105.0,-31.826353691430885,,,,,,0,2,40,Major,87.97225712951087,100.0,1584,1397,685,607,40,0,0,Potential risk identified: sales declined by 31.8%.,"Review CRM activity, HCP coverage and sales performance."
2017-05-01,TERR_08,9521419.0,22864.0,267,28,163,11650266.0,-18.27294758763448,,,,,,0,1,20,Minor,88.96810690715603,100.0,1936,1710,830,745,20,0,0,Potential risk identified: sales declined by 18.3%.,Continue monitoring.
2017-06-01,TERR_08,20798620.0,44485.0,256,28,162,9521419.0,118.44033961744567,,,,,,0,0,0,Minor,89.54602963303299,100.0,1898,1724,857,764,0,0,0,No significant risk indicators detected.,Continue monitoring.
2017-07-01,TERR_08,19323755.0,40476.0,291,28,178,20798620.0,-7.091167587080297,,,,,,0,0,0,Minor,94.12826292656139,100.0,1968,1838,868,820,0,0,0,No significant risk indicators detected.,Continue monitoring.
2017-08-01,TERR_08,9667651.0,26750.0,281,28,163,19323755.0,-49.97012226660916,,,,,,0,2,40,Major,89.68355648749844,100.0,1986,1776,910,820,40,0,0,Potential risk identified: sales declined by 50.0%.,"Review CRM activity, HCP coverage and sales performance."
2017-09-01,TERR_08,10569128.0,26145.0,231,28,135,9667651.0,9.324674628821416,,,,,,0,0,0,Minor,90.67662624846409,100.0,1726,1558,772,701,0,0,0,No significant risk indicators detected.,Continue monitoring.
2017-10-01,TERR_08,8528385.0,21979.0,216,28,141,10569128.0,-19.308527628769372,,,,,,0,1,20,Minor,92.380913593067,100.0,1643,1522,718,666,20,0,0,Potential risk identified: sales declined by 19.3%.,Continue monitoring.
2017-11-01,TERR_08,12673349.0,29988.0,263,28,163,8528385.0,48.6019803280457,,,,,,0,0,0,Minor,88.49224481275117,100.0,1973,1745,882,781,0,0,0,No significant risk indicators detected.,Continue monitoring.
2017-12-01,TERR_08,10786061.0,23989.0,208,28,139,12673349.0,-14.89178590442037,,,,,,0,0,0,Minor,88.78732208979726,100.0,1554,1377,699,625,0,0,0,No significant risk indicators detected.,Continue monitoring.
2018-01-01,TERR_08,9741732.0,23381.0,367,38,188,10786061.0,-9.682209288451086,,,,,,0,0,0,Minor,91.10323183795036,100.0,2494,2273,1150,1046,0,0,0,No significant risk indicators detected.,Continue monitoring.
2018-02-01,TERR_08,10219050.0,26138.0,380,38,187,9741732.0,4.899724196888192,,,,,,0,0,0,Minor,90.70650379677161,100.0,2512,2272,1109,1006,0,0,0,No significant risk indicators detected.,Continue monitoring.
2018-03-01,TERR_08,13688850.0,32375.0,402,38,182,10219050.0,33.95423253629251,,,,,,0,0,0,Minor,87.54886000081169,100.0,2743,2402,1276,1112,0,0,0,No significant risk indicators detected.,Continue monitoring.
2018-04-01,TERR_08,21151898.0,62741.0,364,38,186,13688850.0,54.51917436453756,,,,,,0,0,0,Minor,90.45350404589529,100.0,2396,2183,1121,1011,0,0,0,No significant risk indicators detected.,Continue monitoring.
2018-05-01,TERR_08,7287275.0,18007.0,381,38,185,21151898.0,-65.54789078502553,,,,,,0,2,40,Major,90.82047799100452,100.0,2573,2354,1184,1078,40,0,0,Potential risk identified: sales declined by 65.5%.,"Review CRM activity, HCP coverage and sales performance."
2018-06-01,TERR_08,16435589.0,40588.0,396,38,195,7287275.0,125.53820186558076,,,,,,0,0,0,Minor,90.93133842092502,100.0,2749,2484,1258,1155,0,0,0,No significant risk indicators detected.,Continue monitoring.
2018-07-01,TERR_08,15579576.0,36417.0,426,38,203,16435589.0,-5.208289158362381,,,,,,0,0,0,Minor,90.76172783034505,100.0,2795,2524,1198,1097,0,0,0,No significant risk indicators detected.,Continue monitoring.
2018-08-01,TERR_08,31131103.0,61616.0,393,38,191,15579576.0,99.81996300797917,,,,,,0,0,0,Minor,88.35987784374052,100.0,2530,2244,1083,953,0,0,0,No significant risk indicators detected.,Continue monitoring.
2018-09-01,TERR_08,19223831.0,39059.0,391,38,195,31131103.0,-38.248795746170636,,,,,,0,2,40,Major,89.12778448154828,100.0,2576,2304,1169,1036,40,0,0,Potential risk identified: sales declined by 38.2%.,"Review CRM activity, HCP coverage and sales performance."
2018-10-01,TERR_08,23503429.0,53190.0,536,38,219,19223831.0,22.261941441328734,,,,,,0,0,0,Minor,87.05316596465416,100.0,3106,2727,1360,1172,0,0,0,No significant risk indicators detected.,Continue monitoring.
2018-11-01,TERR_08,22096938.0,51758.0,430,38,196,23503429.0,-5.984194901943883,,,,,,0,0,0,Minor,90.73084422743888,100.0,2642,2395,1134,1034,0,0,0,No significant risk indicators detected.,Continue monitoring.
2018-12-01,TERR_08,6663496.0,13366.0,299,38,173,22096938.0,-69.84425624944053,,,,,,0,2,40,Major,88.26794622292088,100.0,2060,1807,958,847,40,0,0,Potential risk identified: sales declined by 69.8%.,"Review CRM activity, HCP coverage and sales performance."
2019-01-01,TERR_08,5512107.0,15079.0,206,28,150,6663496.0,-17.279052917567594,,,,,,0,1,20,Minor,90.2595613237909,100.0,1599,1449,746,667,20,0,0,Potential risk identified: sales declined by 17.3%.,Continue monitoring.
2019-02-01,TERR_08,12587742.0,34490.0,227,28,145,5512107.0,128.36534196451558,,,,,,0,0,0,Minor,89.28179560295085,100.0,1739,1553,772,686,0,0,0,No significant risk indicators detected.,Continue monitoring.
2019-03-01,TERR_08,13541442.0,29689.0,262,28,155,12587742.0,7.576418391797353,,,,,,0,0,0,Minor,91.29020340342437,100.0,1963,1800,839,762,0,0,0,No significant risk indicators detected.,Continue monitoring.
2019-04-01,TERR_08,9733828.0,30284.0,252,28,153,13541442.0,-28.11823142616569,,,,,,0,1,20,Minor,91.80299991849816,100.0,1844,1682,826,756,20,0,0,Potential risk identified: sales declined by 28.1%.,Continue monitoring.
2019-05-01,TERR_08,8817492.0,26094.0,240,28,152,9733828.0,-9.413932524799081,,,,,,0,0,0,Minor,92.562405693195,100.0,1778,1644,774,712,0,0,0,No significant risk indicators detected.,Continue monitoring.
2019-06-01,TERR_08,8790107.0,25307.0,249,28,147,8817492.0,-0.31057584174729047,,,,,,0,0,0,Minor,92.37785755270434,100.0,1925,1767,810,752,0,0,0,No significant risk indicators detected.,Continue monitoring.
2019-07-01,TERR_08,6668957.0,14707.0,238,28,154,8790107.0,-24.13110557129737,,,,,,0,1,20,Minor,88.71039724541454,100.0,1677,1482,757,672,20,0,0,Potential risk identified: sales declined by 24.1%.,Continue monitoring.
2019-08-01,TERR_08,9717962.0,23607.0,202,28,131,6668957.0,45.71936811108544,,,,,,0,0,0,Minor,88.36418684594634,100.0,1569,1380,697,617,0,0,0,No significant risk indicators detected.,Continue monitoring.
2019-09-01,TERR_08,10667273.0,25418.0,211,28,137,9717962.0,9.76862226874318,,,,,,0,0,0,Minor,87.68628373157172,100.0,1521,1326,714,633,0,0,0,No significant risk indicators detected.,Continue monitoring.
2019-10-01,TERR_08,13032502.0,27607.0,201,28,134,10667273.0,22.172761492088934,,,,,,0,0,0,Minor,88.52136296433696,100.0,1473,1313,647,568,0,0,0,No significant risk indicators detected.,Continue monitoring.
2019-11-01,TERR_08,11523387.0,31187.0,209,28,139,13032502.0,-11.579626076404976,,,,,,0,0,0,Minor,90.06267403961023,100.0,1527,1372,645,585,0,0,0,No significant risk indicators detected.,Continue monitoring.
2019-12-01,TERR_08,7987699.0,26595.0,167,28,128,11523387.0,-30.682715073267957,,,,,,0,2,40,Major,91.07165260544663,100.0,1240,1129,565,520,40,0,0,Potential risk identified: sales declined by 30.7%.,"Review CRM activity, HCP coverage and sales performance."
2020-01-01,TERR_08,11002458.0,26440.0,178,28,123,7987699.0,37.742521344382155,,,,,,0,0,0,Minor,92.15578701041115,100.0,1441,1327,670,618,0,0,0,No significant risk indicators detected.,Continue monitoring.
2020-02-01,TERR_08,13054651.0,27498.0,214,28,144,11002458.0,18.652132096300665,,,,,,0,0,0,Minor,91.58795546133926,100.0,1589,1452,710,653,0,0,0,No significant risk indicators detected.,Continue monitoring.
2020-03-01,TERR_08,7801065.0,19509.0,203,28,142,13054651.0,-40.243021433510556,,,,,,0,2,40,Major,92.80728274769072,100.0,1503,1396,672,622,40,0,0,Potential risk identified: sales declined by 40.2%.,"Review CRM activity, HCP coverage and sales performance."
2020-04-01,TERR_08,6720396.0,16684.0,161,28,123,7801065.0,-13.852839323861549,,,,,,0,0,0,Minor,88.47461626830787,100.0,1271,1119,593,523,0,0,0,No significant risk indicators detected.,Continue monitoring.
2020-05-01,TERR_08,10370752.0,27101.0,201,28,138,6720396.0,54.31757295254624,,,,,,0,0,0,Minor,89.03607593186636,100.0,1458,1292,612,546,0,0,0,No significant risk indicators detected.,Continue monitoring.
2020-06-01,TERR_08,11514348.0,28859.0,217,28,141,10370752.0,11.02712705886709,,,,,,0,0,0,Minor,90.83855518337435,100.0,1616,1466,728,662,0,0,0,No significant risk indicators detected.,Continue monitoring.
2020-07-01,TERR_08,7095717.0,18297.0,255,28,153,11514348.0,-38.374999609183256,,,,,,0,2,40,Major,92.40504545555183,100.0,1786,1648,806,749,40,0,0,Potential risk identified: sales declined by 38.4%.,"Review CRM activity, HCP coverage and sales performance."
2020-08-01,TERR_08,6695607.0,15828.0,207,28,138,7095717.0,-5.638753631239803,,,,,,0,0,0,Minor,86.94679800023239,100.0,1481,1302,705,620,0,0,0,No significant risk indicators detected.,Continue monitoring.
2020-09-01,TERR_08,16486882.0,34441.0,260,28,163,6695607.0,146.23431452891427,,,,,,0,0,0,Minor,89.54598841280378,100.0,2027,1830,832,737,0,0,0,No significant risk indicators detected.,Continue monitoring.
2020-10-01,TERR_08,13071071.0,37399.0,178,28,126,16486882.0,-20.718356569786817,,,,,,0,1,20,Minor,88.3645867697728,100.0,1392,1222,632,559,20,0,0,Potential risk identified: sales declined by 20.7%.,Continue monitoring.
2020-11-01,TERR_08,31208296.0,57351.0,257,28,161,13071071.0,138.75852254187893,,,,,,0,0,0,Minor,90.69753355501355,100.0,1923,1731,844,775,0,0,0,No significant risk indicators detected.,Continue monitoring.
2020-12-01,TERR_08,8865415.0,25338.0,229,28,141,31208296.0,-71.59276174514623,,,,,,0,2,40,Major,91.13866676240279,100.0,1676,1522,801,725,40,0,0,Potential risk identified: sales declined by 71.6%.,"Review CRM activity, HCP coverage and sales performance."
2017-01-01,TERR_09,7243259.0,18488.0,226,27,150,,,,,,,,0,0,0,Minor,90.45302371080321,100.0,1684,1522,833,753,0,0,0,No significant risk indicators detected.,Continue monitoring.
2017-02-01,TERR_09,6918279.0,23012.0,224,27,152,7243259.0,-4.4866544189569915,,,,,,0,0,0,Minor,87.76344689277326,100.0,1673,1468,753,658,0,0,0,No significant risk indicators detected.,Continue monitoring.
2017-03-01,TERR_09,10132391.0,24291.0,236,27,153,6918279.0,46.458259344556645,,,,,,0,0,0,Minor,89.88661411654888,100.0,1814,1635,769,692,0,0,0,No significant risk indicators detected.,Continue monitoring.
2017-04-01,TERR_09,10410189.0,23852.0,200,27,135,10132391.0,2.741682590022434,,,,,,0,0,0,Minor,89.61189758178983,100.0,1541,1379,715,637,0,0,0,No significant risk indicators detected.,Continue monitoring.
2017-05-01,TERR_09,9752892.0,22301.0,274,27,161,10410189.0,-6.313977584845001,,,,,,0,0,0,Minor,87.81271349318301,100.0,1897,1667,879,769,0,0,0,No significant risk indicators detected.,Continue monitoring.
2017-06-01,TERR_09,11233276.0,33169.0,223,27,147,9752892.0,15.178923338841443,,,,,,0,0,0,Minor,89.67642038911998,100.0,1693,1486,755,675,0,0,0,No significant risk indicators detected.,Continue monitoring.
2017-07-01,TERR_09,9018572.0,23325.0,262,27,155,11233276.0,-19.715566500814187,,,,,,0,1,20,Minor,90.69217044220949,100.0,1858,1672,820,744,20,0,0,Potential risk identified: sales declined by 19.7%.,Continue monitoring.
2017-08-01,TERR_09,12086360.0,26952.0,256,27,160,9018572.0,34.01633872857033,,,,,,0,0,0,Minor,89.84390924011579,100.0,1739,1551,792,707,0,0,0,No significant risk indicators detected.,Continue monitoring.
2017-09-01,TERR_09,25002991.0,71227.0,265,27,165,12086360.0,106.8694875876608,,,,,,0,0,0,Minor,87.45227364768363,100.0,1810,1586,795,694,0,0,0,No significant risk indicators detected.,Continue monitoring.
2017-10-01,TERR_09,12936799.0,29107.0,242,27,154,25002991.0,-48.258994293922676,,,,,,0,2,40,Major,85.80931318278968,100.0,1813,1551,806,689,40,0,0,Potential risk identified: sales declined by 48.3%.,"Review CRM activity, HCP coverage and sales performance."
2017-11-01,TERR_09,9730261.0,24755.0,245,27,157,12936799.0,-24.78617778632875,,,,,,0,1,20,Minor,91.40912051951321,100.0,1752,1602,852,779,20,0,0,Potential risk identified: sales declined by 24.8%.,Continue monitoring.
2017-12-01,TERR_09,11754622.0,26137.0,206,27,133,9730261.0,20.80479650031998,,,,,,0,0,0,Minor,89.06954164793143,100.0,1613,1439,697,627,0,0,0,No significant risk indicators detected.,Continue monitoring.
2018-01-01,TERR_09,10215969.0,22954.0,379,38,193,11754622.0,-13.089770134675534,,,,,,0,0,0,Minor,87.79152509263119,100.0,2622,2291,1169,1018,0,0,0,No significant risk indicators detected.,Continue monitoring.
2018-02-01,TERR_09,15741667.0,34139.0,442,38,204,10215969.0,54.088828969625894,,,,,,0,0,0,Minor,89.3655587220365,100.0,2658,2382,1241,1112,0,0,0,No significant risk indicators detected.,Continue monitoring.
2018-03-01,TERR_09,13630887.0,42728.0,444,38,198,15741667.0,-13.40887213533357,,,,,,0,0,0,Minor,87.6245568865272,100.0,2765,2408,1318,1155,0,0,0,No significant risk indicators detected.,Continue monitoring.
2018-04-01,TERR_09,11196944.0,29193.0,365,38,171,13630887.0,-17.856086694871728,,,,,,0,1,20,Minor,87.44298950892629,100.0,2566,2244,1105,972,20,0,0,Potential risk identified: sales declined by 17.9%.,Continue monitoring.
2018-05-01,TERR_09,16577067.0,32080.0,392,38,204,11196944.0,48.04992326477653,,,,,,0,0,0,Minor,87.93853839419377,100.0,2552,2235,1208,1063,0,0,0,No significant risk indicators detected.,Continue monitoring.
2018-06-01,TERR_09,14310477.0,48738.0,404,38,202,16577067.0,-13.6730460219531,,,,,,0,0,0,Minor,88.7969029961676,100.0,2764,2462,1213,1080,0,0,0,No significant risk indicators detected.,Continue monitoring.
2018-07-01,TERR_09,10223475.0,23280.0,434,38,205,14310477.0,-28.559509232291834,,,,,,0,1,20,Minor,88.531674585527,100.0,2908,2595,1340,1179,20,0,0,Potential risk identified: sales declined by 28.6%.,Continue monitoring.
2018-08-01,TERR_09,7073970.0,16163.0,369,38,195,10223475.0,-30.80659951728742,,,,,,0,2,40,Major,88.49760491001669,100.0,2419,2138,1064,938,40,0,0,Potential risk identified: sales declined by 30.8%.,"Review CRM activity, HCP coverage and sales performance."
2018-09-01,TERR_09,15124676.0,31291.0,335,38,181,7073970.0,113.80746596324272,,,,,,0,0,0,Minor,87.80100408651842,100.0,2439,2136,1144,1008,0,0,0,No significant risk indicators detected.,Continue monitoring.
2018-10-01,TERR_09,12458947.0,27750.0,471,38,206,15124676.0,-17.62503209986118,,,,,,0,1,20,Minor,89.98901806110104,100.0,2936,2655,1288,1148,20,0,0,Potential risk identified: sales declined by 17.6%.,Continue monitoring.
2018-11-01,TERR_09,16850077.0,41050.0,424,38,200,12458947.0,35.24479235685006,,,,,,0,0,0,Minor,89.40607756080341,100.0,2827,2524,1214,1087,0,0,0,No significant risk indicators detected.,Continue monitoring.
2018-12-01,TERR_09,14061513.0,37073.0,346,38,183,16850077.0,-16.5492656205666,,,,,,0,1,20,Minor,90.99595810515333,100.0,2424,2205,1101,1003,20,0,0,Potential risk identified: sales declined by 16.5%.,Continue monitoring.
2019-01-01,TERR_09,5972051.0,14657.0,194,27,133,14061513.0,-57.5291008869387,,,,,,0,2,40,Major,89.69133088715533,100.0,1491,1335,644,574,40,0,0,Potential risk identified: sales declined by 57.5%.,"Review CRM activity, HCP coverage and sales performance."
2019-02-01,TERR_09,10166946.0,24520.0,222,27,146,5972051.0,70.24211615071606,,,,,,0,0,0,Minor,85.63569889607257,100.0,1703,1461,775,664,0,0,0,No significant risk indicators detected.,Continue monitoring.
2019-03-01,TERR_09,5745788.0,14991.0,235,27,160,10166946.0,-43.48560521517474,,,,,,0,2,40,Major,91.26251732597643,100.0,1796,1637,815,745,40,0,0,Potential risk identified: sales declined by 43.5%.,"Review CRM activity, HCP coverage and sales performance."
2019-04-01,TERR_09,12497569.0,33716.0,244,27,150,5745788.0,117.50835568593898,,,,,,0,0,0,Minor,88.84487555970969,100.0,1801,1587,802,713,0,0,0,No significant risk indicators detected.,Continue monitoring.
2019-05-01,TERR_09,11470198.110553,27019.758794,261,27,160,12497569.0,-8.220565851222744,,,,,,0,0,0,Minor,90.47889180436117,100.0,1764,1603,783,709,0,0,0,No significant risk indicators detected.,Continue monitoring.
2019-06-01,TERR_09,13086725.0,32520.0,246,27,161,11470198.110553,14.093277848093456,,,,,,0,0,0,Minor,89.47134989907408,100.0,1883,1693,806,714,0,0,0,No significant risk indicators detected.,Continue monitoring.
2019-07-01,TERR_09,15767165.0,39624.0,265,27,170,13086725.0,20.482129791831035,,,,,,0,0,0,Minor,88.79390603115908,100.0,1872,1666,828,737,0,0,0,No significant risk indicators detected.,Continue monitoring.
2019-08-01,TERR_09,8792216.0,22147.0,225,27,144,15767165.0,-44.23717897288447,,,,,,0,2,40,Major,90.46233750328854,100.0,1635,1476,779,711,40,0,0,Potential risk identified: sales declined by 44.2%.,"Review CRM activity, HCP coverage and sales performance."
2019-09-01,TERR_09,8012590.0,16820.0,201,27,139,8792216.0,-8.867229831478207,,,,,,0,0,0,Minor,90.99345538430288,100.0,1518,1373,727,666,0,0,0,No significant risk indicators detected.,Continue monitoring.
2019-10-01,TERR_09,8097759.0,19917.0,227,27,147,8012590.0,1.0629396986492508,,,,,,0,0,0,Minor,89.62555960845815,100.0,1699,1525,793,715,0,0,0,No significant risk indicators detected.,Continue monitoring.
2019-11-01,TERR_09,12361828.0,29210.0,187,27,133,8097759.0,52.657395706639335,,,,,,0,0,0,Minor,90.45873406786455,100.0,1528,1375,693,625,0,0,0,No significant risk indicators detected.,Continue monitoring.
2019-12-01,TERR_09,9324420.0,22904.25,166,27,119,12361828.0,-24.570864438495665,,,,,,0,1,20,Minor,92.56120753123393,100.0,1341,1235,617,576,20,0,0,Potential risk identified: sales declined by 24.6%.,Continue monitoring.
2020-01-01,TERR_09,12204583.0,27382.0,168,27,121,9324420.0,30.88838769596393,,,,,,0,0,0,Minor,87.40722575511873,100.0,1333,1176,614,538,0,0,0,No significant risk indicators detected.,Continue monitoring.
2020-02-01,TERR_09,7897625.0,18977.0,216,27,149,12204583.0,-35.28967765633615,,,,,,0,2,40,Major,88.98755971612651,100.0,1672,1486,735,645,40,0,0,Potential risk identified: sales declined by 35.3%.,"Review CRM activity, HCP coverage and sales performance."
2020-03-01,TERR_09,7520968.0,18926.0,217,27,138,7897625.0,-4.769243918266568,,,,,,0,0,0,Minor,90.70735000580157,100.0,1615,1455,733,666,0,0,0,No significant risk indicators detected.,Continue monitoring.
2020-04-01,TERR_09,8188189.0,18485.0,147,27,111,7520968.0,8.871477714038937,,,,,,0,0,0,Minor,86.3227625002782,100.0,1220,1034,530,457,0,0,0,No significant risk indicators detected.,Continue monitoring.
2020-05-01,TERR_09,6638519.0,19442.0,185,27,134,8188189.0,-18.925674529496085,,,,,,0,1,20,Minor,88.39456763610002,100.0,1453,1278,677,600,20,0,0,Potential risk identified: sales declined by 18.9%.,Continue monitoring.
2020-06-01,TERR_09,5438576.0,13829.0,228,27,159,6638519.0,-18.0754623132057,,,,,,0,1,20,Minor,88.32882166845866,100.0,1776,1582,804,710,20,0,0,Potential risk identified: sales declined by 18.1%.,Continue monitoring.
2020-07-01,TERR_09,8716874.0,21396.0,217,27,143,5438576.0,60.27860969489072,,,,,,0,0,0,Minor,90.87500732999337,100.0,1599,1455,697,631,0,0,0,No significant risk indicators detected.,Continue monitoring.
2020-08-01,TERR_09,5843721.0,13789.0,190,27,126,8716874.0,-32.960818293346904,,,,,,0,2,40,Major,88.18222239032654,100.0,1437,1282,655,574,40,0,0,Potential risk identified: sales declined by 33.0%.,"Review CRM activity, HCP coverage and sales performance."
2020-09-01,TERR_09,19374803.0,49917.0,262,27,162,5843721.0,231.54907635049656,,,,,,0,0,0,Minor,88.24450829717891,100.0,1829,1603,871,767,0,0,0,No significant risk indicators detected.,Continue monitoring.
2020-10-01,TERR_09,6986107.0,22059.0,166,27,117,19374803.0,-63.942306923069104,,,,,,0,2,40,Major,89.29341252957967,100.0,1334,1181,661,592,40,0,0,Potential risk identified: sales declined by 63.9%.,"Review CRM activity, HCP coverage and sales performance."
2020-11-01,TERR_09,12901674.0,33919.0,251,27,148,6986107.0,84.6761579804031,,,,,,0,0,0,Minor,89.17755843324903,100.0,1801,1616,792,703,0,0,0,No significant risk indicators detected.,Continue monitoring.
2020-12-01,TERR_09,26407059.0,57349.0,221,27,151,12901674.0,104.67932300878164,,,,,,0,0,0,Minor,89.25893546458458,100.0,1760,1563,758,675,0,0,0,No significant risk indicators detected.,Continue monitoring.
2017-01-01,TERR_10,6166956.0,17884.0,209,26,139,,,,,,,,0,0,0,Minor,89.48238206700738,100.0,1666,1486,768,684,0,0,0,No significant risk indicators detected.,Continue monitoring.
2017-02-01,TERR_10,10052090.0,21572.0,199,26,135,6166956.0,62.99921711781307,,,,,,0,0,0,Minor,89.16260501427047,100.0,1635,1459,723,640,0,0,0,No significant risk indicators detected.,Continue monitoring.
2017-03-01,TERR_10,11000202.0,23587.0,198,26,129,10052090.0,9.431988770494494,,,,,,0,0,0,Minor,92.0791119412354,100.0,1451,1337,705,648,0,0,0,No significant risk indicators detected.,Continue monitoring.
2017-04-01,TERR_10,11172937.0,22925.0,177,26,127,11000202.0,1.5702893455956535,,,,,,0,0,0,Minor,91.55513735031545,100.0,1394,1269,621,572,0,0,0,No significant risk indicators detected.,Continue monitoring.
2017-05-01,TERR_10,7529930.0,30460.0,233,26,149,11172937.0,-32.605634489839154,,,,,,0,2,40,Major,87.79601871325188,100.0,1637,1436,745,658,40,0,0,Potential risk identified: sales declined by 32.6%.,"Review CRM activity, HCP coverage and sales performance."
2017-06-01,TERR_10,11658594.0,27469.0,258,26,150,7529930.0,54.830044900815814,,,,,,0,0,0,Minor,88.8839081720887,100.0,1797,1598,788,698,0,0,0,No significant risk indicators detected.,Continue monitoring.
2017-07-01,TERR_10,8090542.0,19345.0,254,26,149,11658594.0,-30.604479408065842,,,,,,0,2,40,Major,88.71524131133454,100.0,1930,1717,844,746,40,0,0,Potential risk identified: sales declined by 30.6%.,"Review CRM activity, HCP coverage and sales performance."
2017-08-01,TERR_10,9510878.0,22022.0,230,26,142,8090542.0,17.555511114088524,,,,,,0,0,0,Minor,88.403028474013,100.0,1659,1465,725,641,0,0,0,No significant risk indicators detected.,Continue monitoring.
2017-09-01,TERR_10,9967333.0,21490.0,205,26,134,9510878.0,4.799294029426095,,,,,,0,0,0,Minor,87.09730002692665,100.0,1439,1261,654,571,0,0,0,No significant risk indicators detected.,Continue monitoring.
2017-10-01,TERR_10,8795659.0,19906.0,232,26,144,9967333.0,-11.755140517528611,,,,,,0,0,0,Minor,86.55973994460882,100.0,1672,1440,735,635,0,0,0,No significant risk indicators detected.,Continue monitoring.
2017-11-01,TERR_10,9323680.0,24767.0,246,26,156,8795659.0,6.0031999876302615,,,,,,0,0,0,Minor,89.4982068351262,100.0,1702,1516,798,714,0,0,0,No significant risk indicators detected.,Continue monitoring.
2017-12-01,TERR_10,18539841.0,41908.0,179,26,120,9323680.0,98.84681799461157,,,,,,0,0,0,Minor,86.76451239411776,100.0,1383,1212,644,560,0,0,0,No significant risk indicators detected.,Continue monitoring.
2018-01-01,TERR_10,9339059.0,21548.0,382,37,198,18539841.0,-49.62708148360064,,,,,,0,2,40,Major,89.06459652684956,100.0,2408,2154,1111,993,40,0,0,Potential risk identified: sales declined by 49.6%.,"Review CRM activity, HCP coverage and sales performance."
2018-02-01,TERR_10,9450378.0,25380.0,399,37,192,9339059.0,1.1919723389690546,,,,,,0,0,0,Minor,89.0824991995139,100.0,2701,2426,1148,1025,0,0,0,No significant risk indicators detected.,Continue monitoring.
2018-03-01,TERR_10,23205021.0,46167.0,448,37,201,9450378.0,145.5459559395402,,,,,,0,0,0,Minor,90.5025863612973,100.0,2664,2413,1242,1115,0,0,0,No significant risk indicators detected.,Continue monitoring.
2018-04-01,TERR_10,13507912.0,37582.0,334,37,176,23205021.0,-41.78883957915832,,,,,,0,2,40,Major,90.12610255124403,100.0,2499,2259,1137,1031,40,0,0,Potential risk identified: sales declined by 41.8%.,"Review CRM activity, HCP coverage and sales performance."
2018-05-01,TERR_10,9165618.0,24178.0,387,37,191,13507912.0,-32.14630062736565,,,,,,0,2,40,Major,89.66411728860054,100.0,2639,2350,1165,1046,40,0,0,Potential risk identified: sales declined by 32.1%.,"Review CRM activity, HCP coverage and sales performance."
2018-06-01,TERR_10,25394903.0,58786.0,399,37,192,9165618.0,177.06700191956506,,,,,,0,0,0,Minor,90.28218933862931,100.0,2601,2352,1149,1034,0,0,0,No significant risk indicators detected.,Continue monitoring.
2018-07-01,TERR_10,21270700.0,42246.0,391,37,186,25394903.0,-16.24027861023923,,,,,,0,1,20,Minor,89.20684665376317,100.0,2571,2298,1142,1024,20,0,0,Potential risk identified: sales declined by 16.2%.,Continue monitoring.
2018-08-01,TERR_10,19941793.0,49017.0,436,37,203,21270700.0,-6.247594108327418,,,,,,0,0,0,Minor,86.72006610957752,100.0,2652,2291,1217,1058,0,0,0,No significant risk indicators detected.,Continue monitoring.
2018-09-01,TERR_10,12071663.0,29416.0,361,37,181,19941793.0,-39.46550844249562,,,,,,0,2,40,Major,89.77496363155751,100.0,2515,2258,1104,991,40,0,0,Potential risk identified: sales declined by 39.5%.,"Review CRM activity, HCP coverage and sales performance."
2018-10-01,TERR_10,17024619.0,39714.0,515,37,207,12071663.0,41.02960793388616,,,,,,0,0,0,Minor,89.18682884590928,100.0,3100,2755,1345,1200,0,0,0,No significant risk indicators detected.,Continue monitoring.
2018-11-01,TERR_10,24200415.0,56182.0,462,37,202,17024619.0,42.14952475588441,,,,,,0,0,0,Minor,91.20734198612135,100.0,2825,2565,1320,1210,0,0,0,No significant risk indicators detected.,Continue monitoring.
2018-12-01,TERR_10,7335467.0,23639.0,333,37,177,24200415.0,-69.68867269424925,,,,,,0,2,40,Major,87.6529740062183,100.0,2394,2118,984,867,40,0,0,Potential risk identified: sales declined by 69.7%.,"Review CRM activity, HCP coverage and sales performance."
2019-01-01,TERR_10,5056752.0,12505.0,163,26,113,7335467.0,-31.064348050369528,,,,,,0,2,40,Major,88.67031206417815,100.0,1246,1088,553,492,40,0,0,Potential risk identified: sales declined by 31.1%.,"Review CRM activity, HCP coverage and sales performance."
2019-02-01,TERR_10,10356533.0,23883.0,233,26,148,5056752.0,104.80602964116098,,,,,,0,0,0,Minor,89.25289423013282,100.0,1645,1478,720,635,0,0,0,No significant risk indicators detected.,Continue monitoring.
2019-03-01,TERR_10,12602200.0,28349.0,288,26,169,10356533.0,21.683578857905438,,,,,,0,0,0,Minor,86.94021543290651,100.0,1854,1616,853,742,0,0,0,No significant risk indicators detected.,Continue monitoring.
2019-04-01,TERR_10,7902580.0,20647.0,213,26,133,12602200.0,-37.2920601164876,,,,,,0,2,40,Major,90.630749426245,100.0,1563,1416,680,618,40,0,0,Potential risk identified: sales declined by 37.3%.,"Review CRM activity, HCP coverage and sales performance."
2019-05-01,TERR_10,6848306.0,15894.0,220,26,148,7902580.0,-13.340883610162757,,,,,,0,0,0,Minor,88.93893450799963,100.0,1591,1406,765,676,0,0,0,No significant risk indicators detected.,Continue monitoring.
2019-06-01,TERR_10,7326714.0,17486.0,207,26,141,6848306.0,6.985785973932823,,,,,,0,0,0,Minor,87.59275300507414,100.0,1633,1419,730,641,0,0,0,No significant risk indicators detected.,Continue monitoring.
2019-07-01,TERR_10,7157957.0,21431.0,215,26,149,7326714.0,-2.303310870330137,,,,,,0,0,0,Minor,91.6510171090173,100.0,1569,1445,717,653,0,0,0,No significant risk indicators detected.,Continue monitoring.
2019-08-01,TERR_10,18422719.0,46676.0,220,26,134,7157957.0,157.3739825483724,,,,,,0,0,0,Minor,90.34063292050638,100.0,1616,1465,773,697,0,0,0,No significant risk indicators detected.,Continue monitoring.
2019-09-01,TERR_10,7466071.0,20750.0,193,26,132,18422719.0,-59.473566306906164,,,,,,0,2,40,Major,89.3494239580873,100.0,1500,1345,679,606,40,0,0,Potential risk identified: sales declined by 59.5%.,"Review CRM activity, HCP coverage and sales performance."
2019-10-01,TERR_10,9731477.0,21361.0,201,26,142,7466071.0,30.342679570017484,,,,,,0,0,0,Minor,90.69264888448139,100.0,1428,1307,671,604,0,0,0,No significant risk indicators detected.,Continue monitoring.
2019-11-01,TERR_10,8377391.0,23283.0,174,26,122,9731477.0,-13.914496227037274,,,,,,0,0,0,Minor,90.9068717806611,100.0,1468,1328,636,577,0,0,0,No significant risk indicators detected.,Continue monitoring.
2019-12-01,TERR_10,5803450.0,19669.0,152,26,111,8377391.0,-30.724852164593962,,,,,,0,2,40,Major,90.09084295800443,100.0,1264,1149,564,505,40,0,0,Potential risk identified: sales declined by 30.7%.,"Review CRM activity, HCP coverage and sales performance."
2020-01-01,TERR_10,5912215.0,17042.0,163,26,120,5803450.0,1.8741438282400986,,,,,,0,0,0,Minor,88.96185986602433,100.0,1327,1190,597,529,0,0,0,No significant risk indicators detected.,Continue monitoring.
2020-02-01,TERR_10,6246741.0,15451.0,191,26,141,5912215.0,5.658217774556575,,,,,,0,0,0,Minor,91.76347765093136,100.0,1520,1407,720,659,0,0,0,No significant risk indicators detected.,Continue monitoring.
2020-03-01,TERR_10,15489982.0,30277.0,175,26,128,6246741.0,147.96901296211897,,,,,,0,0,0,Minor,89.3519879192126,100.0,1333,1197,598,539,0,0,0,No significant risk indicators detected.,Continue monitoring.
2020-04-01,TERR_10,7444126.0,16960.0,138,26,101,15489982.0,-51.94231988132717,,,,,,0,2,40,Major,86.16339086337567,100.0,1097,962,505,438,40,0,0,Potential risk identified: sales declined by 51.9%.,"Review CRM activity, HCP coverage and sales performance."
2020-05-01,TERR_10,12958306.0,52264.0,196,26,135,7444126.0,74.074243235539,,,,,,0,0,0,Minor,90.79814184709623,100.0,1532,1382,722,654,0,0,0,No significant risk indicators detected.,Continue monitoring.
2020-06-01,TERR_10,13469624.0,32415.0,188,26,125,12958306.0,3.9458707025439903,,,,,,0,0,0,Minor,91.30667798657986,100.0,1484,1353,655,601,0,0,0,No significant risk indicators detected.,Continue monitoring.
2020-07-01,TERR_10,18057874.0,38707.0,218,26,143,13469624.0,34.06368284667783,,,,,,0,0,0,Minor,88.46001173257909,100.0,1545,1342,671,592,0,0,0,No significant risk indicators detected.,Continue monitoring.
2020-08-01,TERR_10,16616400.0,40826.0,221,26,150,18057874.0,-7.982523302577037,,,,,,0,0,0,Minor,88.1657603148257,100.0,1689,1488,823,733,0,0,0,No significant risk indicators detected.,Continue monitoring.
2020-09-01,TERR_10,8699129.0,20682.0,220,26,142,16616400.0,-47.64733034833056,,,,,,0,2,40,Major,86.80156837623774,100.0,1667,1469,668,584,40,0,0,Potential risk identified: sales declined by 47.6%.,"Review CRM activity, HCP coverage and sales performance."
2020-10-01,TERR_10,5363779.0,18494.0,174,26,119,8699129.0,-38.34119484835781,,,,,,0,2,40,Major,91.32052534065832,100.0,1385,1261,626,568,40,0,0,Potential risk identified: sales declined by 38.3%.,"Review CRM activity, HCP coverage and sales performance."
2020-11-01,TERR_10,6855847.0,18895.0,274,26,160,5363779.0,27.81747719285228,,,,,,0,0,0,Minor,89.92772294780428,100.0,1971,1757,887,802,0,0,0,No significant risk indicators detected.,Continue monitoring.
2020-12-01,TERR_10,12517068.0,26990.0,217,26,149,6855847.0,82.57507788607302,,,,,,0,0,0,Minor,88.67171454866335,100.0,1644,1465,722,641,0,0,0,No significant risk indicators detected.,Continue monitoring.
2017-01-01,TERR_11,5503519.0,13363.0,188,28,133,,,,,,,,0,0,0,Minor,91.68618708677079,100.0,1373,1262,648,593,0,0,0,No significant risk indicators detected.,Continue monitoring.
2017-02-01,TERR_11,10275708.0,30609.0,222,28,152,5503519.0,86.7115930734499,,,,,,0,0,0,Minor,89.96689431225838,100.0,1694,1530,766,687,0,0,0,No significant risk indicators detected.,Continue monitoring.
2017-03-01,TERR_11,13504511.0,32449.0,241,28,155,10275708.0,31.421708363063644,,,,,,0,0,0,Minor,88.61996766619392,100.0,1769,1579,823,727,0,0,0,No significant risk indicators detected.,Continue monitoring.
2017-04-01,TERR_11,7928701.0,17178.0,190,28,142,13504511.0,-41.288499820541446,,,,,,0,2,40,Major,86.12774315452597,100.0,1508,1296,638,547,40,0,0,Potential risk identified: sales declined by 41.3%.,"Review CRM activity, HCP coverage and sales performance."
2017-05-01,TERR_11,11200565.0,28167.0,275,28,159,7928701.0,41.26607876876679,,,,,,0,0,0,Minor,86.89961918964295,100.0,2062,1791,899,769,0,0,0,No significant risk indicators detected.,Continue monitoring.
2017-06-01,TERR_11,11761323.0,36150.0,252,28,148,11200565.0,5.006515296326569,,,,,,0,0,0,Minor,90.25720987339292,100.0,1857,1672,801,719,0,0,0,No significant risk indicators detected.,Continue monitoring.
2017-07-01,TERR_11,18095511.0,40358.0,262,28,162,11761323.0,53.85608404768749,,,,,,0,0,0,Minor,91.05339393586513,100.0,1891,1713,797,722,0,0,0,No significant risk indicators detected.,Continue monitoring.
2017-08-01,TERR_11,16615262.0,32424.0,268,28,156,18095511.0,-8.180200050719762,,,,,,0,0,0,Minor,88.2523788910096,100.0,1927,1711,854,746,0,0,0,No significant risk indicators detected.,Continue monitoring.
2017-09-01,TERR_11,10451198.0,26392.0,226,28,148,16615262.0,-37.0988071087895,,,,,,0,2,40,Major,93.03668937597591,100.0,1656,1527,738,691,40,0,0,Potential risk identified: sales declined by 37.1%.,"Review CRM activity, HCP coverage and sales performance."
2017-10-01,TERR_11,6551981.0,17799.0,240,28,150,10451198.0,-37.308804215555,,,,,,0,2,40,Major,92.13851944460257,100.0,1787,1644,822,761,40,0,0,Potential risk identified: sales declined by 37.3%.,"Review CRM activity, HCP coverage and sales performance."
2017-11-01,TERR_11,18336445.0,36139.0,274,28,161,6551981.0,179.861083235742,,,,,,0,0,0,Minor,89.91630356853783,100.0,1828,1647,826,738,0,0,0,No significant risk indicators detected.,Continue monitoring.
2017-12-01,TERR_11,7956115.0,24863.0,198,28,131,18336445.0,-56.61037349388063,,,,,,0,2,40,Major,91.40996633003216,100.0,1493,1363,660,603,40,0,0,Potential risk identified: sales declined by 56.6%.,"Review CRM activity, HCP coverage and sales performance."
2018-01-01,TERR_11,12047474.0,28940.0,371,37,189,7956115.0,51.42408072281509,,,,,,0,0,0,Minor,89.5179032718254,100.0,2326,2075,1060,945,0,0,0,No significant risk indicators detected.,Continue monitoring.
2018-02-01,TERR_11,13075534.0,38222.0,388,37,189,12047474.0,8.533407085999936,,,,,,0,0,0,Minor,89.72600955908321,100.0,2760,2503,1243,1111,0,0,0,No significant risk indicators detected.,Continue monitoring.
2018-03-01,TERR_11,15854622.0,33929.0,438,37,201,13075534.0,21.254107098035156,,,,,,0,0,0,Minor,89.02179791328568,100.0,2738,2433,1259,1119,0,0,0,No significant risk indicators detected.,Continue monitoring.
2018-04-01,TERR_11,8723992.0,21369.0,313,37,172,15854622.0,-44.97508676018892,,,,,,0,2,40,Major,90.10563625828328,100.0,2220,2012,1013,909,40,0,0,Potential risk identified: sales declined by 45.0%.,"Review CRM activity, HCP coverage and sales performance."
2018-05-01,TERR_11,13012235.0,30756.0,371,37,175,8723992.0,49.154595740115305,,,,,,0,0,0,Minor,89.20603273629658,100.0,2539,2270,1153,1029,0,0,0,No significant risk indicators detected.,Continue monitoring.
2018-06-01,TERR_11,16345573.0,35788.0,353,37,191,13012235.0,25.61695204551716,,,,,,0,0,0,Minor,88.32542592303727,100.0,2348,2079,1137,1001,0,0,0,No significant risk indicators detected.,Continue monitoring.
2018-07-01,TERR_11,11736032.0,29833.0,436,37,209,16345573.0,-28.200547022732085,,,,,,0,1,20,Minor,89.0359804381068,100.0,2705,2398,1223,1090,20,0,0,Potential risk identified: sales declined by 28.2%.,Continue monitoring.
2018-08-01,TERR_11,8105539.0,19478.0,371,37,187,11736032.0,-30.934586749593045,,,,,,0,2,40,Major,87.38041733190303,100.0,2590,2266,1125,978,40,0,0,Potential risk identified: sales declined by 30.9%.,"Review CRM activity, HCP coverage and sales performance."
2018-09-01,TERR_11,23741172.0,56726.0,381,37,194,8105539.0,192.90059550635684,,,,,,0,0,0,Minor,90.39503552065568,100.0,2584,2341,1161,1042,0,0,0,No significant risk indicators detected.,Continue monitoring.
2018-10-01,TERR_11,14114747.0,38013.0,514,37,199,23741172.0,-40.5473874668024,,,,,,0,2,40,Major,89.17049665275057,100.0,3036,2706,1396,1240,40,0,0,Potential risk identified: sales declined by 40.5%.,"Review CRM activity, HCP coverage and sales performance."
2018-11-01,TERR_11,14878369.0,32736.0,400,37,189,14114747.0,5.410100514022674,,,,,,0,0,0,Minor,88.67003341453626,100.0,2688,2374,1184,1052,0,0,0,No significant risk indicators detected.,Continue monitoring.
2018-12-01,TERR_11,6086381.0,16841.0,311,37,176,14878369.0,-59.0924179928593,,,,,,0,2,40,Major,89.38712220360054,100.0,2143,1934,977,874,40,0,0,Potential risk identified: sales declined by 59.1%.,"Review CRM activity, HCP coverage and sales performance."
2019-01-01,TERR_11,3463437.0,9070.0,195,27,130,6086381.0,-43.09529751752314,,,,,,0,2,40,Major,94.12255503794958,100.0,1482,1408,682,640,40,0,0,Potential risk identified: sales declined by 43.1%.,"Review CRM activity, HCP coverage and sales performance."
2019-02-01,TERR_11,12544542.0,32452.0,252,28,147,3463437.0,262.19922579795735,,,,,,0,0,0,Minor,90.46039897770791,100.0,1818,1638,862,774,0,0,0,No significant risk indicators detected.,Continue monitoring.
2019-03-01,TERR_11,16424962.0,36119.0,272,28,157,12544542.0,30.9331341072476,,,,,,0,0,0,Minor,89.19225554098968,100.0,1878,1681,846,757,0,0,0,No significant risk indicators detected.,Continue monitoring.
2019-04-01,TERR_11,11635449.0,23651.0,222,28,145,16424962.0,-29.15996396216929,,,,,,0,1,20,Minor,89.41837846322966,100.0,1667,1495,758,680,20,0,0,Potential risk identified: sales declined by 29.2%.,Continue monitoring.
2019-05-01,TERR_11,7087045.50271,17868.7506057,204,28,137,11635449.0,-39.09091516184722,,,,,,0,2,40,Major,87.54557903509242,100.0,1516,1313,678,596,40,0,0,Potential risk identified: sales declined by 39.1%.,"Review CRM activity, HCP coverage and sales performance."
2019-06-01,TERR_11,21548451.8,43084.69,243,28,146,7087045.50271,204.05409125368442,,,,,,0,0,0,Minor,89.63767766281492,100.0,1740,1536,765,692,0,0,0,No significant risk indicators detected.,Continue monitoring.
2019-07-01,TERR_11,7120572.0,21761.0,237,28,150,21548451.8,-66.95552856377365,,,,,,0,2,40,Major,90.31027996083687,100.0,1705,1535,751,682,40,0,0,Potential risk identified: sales declined by 67.0%.,"Review CRM activity, HCP coverage and sales performance."
2019-08-01,TERR_11,22816238.0,45674.0,209,28,147,7120572.0,220.4270387266641,,,,,,0,0,0,Minor,89.57294402072965,100.0,1668,1507,753,674,0,0,0,No significant risk indicators detected.,Continue monitoring.
2019-09-01,TERR_11,17520373.0,38217.0,223,28,153,22816238.0,-23.21094739632362,,,,,,0,1,20,Minor,87.58131321383433,100.0,1544,1359,688,596,20,0,0,Potential risk identified: sales declined by 23.2%.,Continue monitoring.
2019-10-01,TERR_11,7305372.0,19698.0,217,28,141,17520373.0,-58.30355894820276,,,,,,0,2,40,Major,90.73728553442855,100.0,1634,1487,734,661,40,0,0,Potential risk identified: sales declined by 58.3%.,"Review CRM activity, HCP coverage and sales performance."
2019-11-01,TERR_11,10057342.0,28759.0,199,28,139,7305372.0,37.67049781996044,,,,,,0,0,0,Minor,91.28274040285902,100.0,1496,1364,687,625,0,0,0,No significant risk indicators detected.,Continue monitoring.
2019-12-01,TERR_11,5094126.0,12097.0,153,28,118,10057342.0,-49.34918192102844,,,,,,0,2,40,Major,90.6851362989011,100.0,1221,1110,509,457,40,0,0,Potential risk identified: sales declined by 49.3%.,"Review CRM activity, HCP coverage and sales performance."
2020-01-01,TERR_11,6983854.0,19968.0,184,28,129,5094126.0,37.09621630874462,,,,,,0,0,0,Minor,88.6321127461979,100.0,1449,1298,629,561,0,0,0,No significant risk indicators detected.,Continue monitoring.
2020-02-01,TERR_11,11400155.0,26361.0,214,28,137,6983854.0,63.23587234211941,,,,,,0,0,0,Minor,89.16754751426522,100.0,1687,1495,733,655,0,0,0,No significant risk indicators detected.,Continue monitoring.
2020-03-01,TERR_11,5060344.0,12329.0,195,28,129,11400155.0,-55.6116210700644,,,,,,0,2,40,Major,86.78843480801434,100.0,1542,1348,693,597,40,0,0,Potential risk identified: sales declined by 55.6%.,"Review CRM activity, HCP coverage and sales performance."
2020-04-01,TERR_11,8208936.0,17043.0,143,27,101,5060344.0,62.22090830188619,,,,,,0,0,0,Minor,89.22768152789659,100.0,1179,1057,518,460,0,0,0,No significant risk indicators detected.,Continue monitoring.
2020-05-01,TERR_11,11417802.0,35273.0,206,28,133,8208936.0,39.089913723288866,,,,,,0,0,0,Minor,85.31995518892246,100.0,1573,1338,680,581,0,0,0,No significant risk indicators detected.,Continue monitoring.
2020-06-01,TERR_11,8900824.0,22083.0,231,28,148,11417802.0,-22.04433042366648,,,,,,0,1,20,Minor,88.15252916120488,100.0,1683,1481,793,697,20,0,0,Potential risk identified: sales declined by 22.0%.,Continue monitoring.
2020-07-01,TERR_11,11571706.0,36382.0,227,28,143,8900824.0,30.00713192396569,,,,,,0,0,0,Minor,89.69575731271881,100.0,1834,1647,816,726,0,0,0,No significant risk indicators detected.,Continue monitoring.
2020-08-01,TERR_11,7944188.0,18508.0,214,28,143,11571706.0,-31.34816940561746,,,,,,0,2,40,Major,90.93360143378086,100.0,1640,1493,687,628,40,0,0,Potential risk identified: sales declined by 31.3%.,"Review CRM activity, HCP coverage and sales performance."
2020-09-01,TERR_11,12324614.0,31060.0,286,28,164,7944188.0,55.14000927470498,,,,,,0,0,0,Minor,88.91013602741351,100.0,1966,1752,874,767,0,0,0,No significant risk indicators detected.,Continue monitoring.
2020-10-01,TERR_11,5404334.0,13408.0,181,28,128,12324614.0,-56.150074963808194,,,,,,0,2,40,Major,89.52450057690285,100.0,1483,1327,655,581,40,0,0,Potential risk identified: sales declined by 56.2%.,"Review CRM activity, HCP coverage and sales performance."
2020-11-01,TERR_11,21990583.0,45338.0,290,28,171,5404334.0,306.9064384251603,,,,,,0,0,0,Minor,88.87102676743169,100.0,1954,1740,842,747,0,0,0,No significant risk indicators detected.,Continue monitoring.
2020-12-01,TERR_11,5882209.0,16804.0,211,28,143,21990583.0,-73.25123667708128,,,,,,0,2,40,Major,91.32299287857245,100.0,1642,1503,704,645,40,0,0,Potential risk identified: sales declined by 73.3%.,"Review CRM activity, HCP coverage and sales performance."
2017-01-01,TERR_12,14339111.0,26065.0,176,24,128,,,,,,,,0,0,0,Minor,88.80441826033822,100.0,1312,1171,628,557,0,0,0,No significant risk indicators detected.,Continue monitoring.
2017-02-01,TERR_12,16886638.0,35430.0,198,25,130,14339111.0,17.76628272143231,,,,,,0,0,0,Minor,91.94305390842011,100.0,1450,1326,658,605,0,0,0,No significant risk indicators detected.,Continue monitoring.
2017-03-01,TERR_12,9727760.0,23153.0,204,25,136,16886638.0,-42.393743502999236,,,,,,0,2,40,Major,88.07149687173387,100.0,1537,1340,709,630,40,0,0,Potential risk identified: sales declined by 42.4%.,"Review CRM activity, HCP coverage and sales performance."
2017-04-01,TERR_12,14298934.0,28998.0,199,25,132,9727760.0,46.99102362722765,,,,,,0,0,0,Minor,89.62947557457126,100.0,1495,1336,643,574,0,0,0,No significant risk indicators detected.,Continue monitoring.
2017-05-01,TERR_12,12174158.0,27482.0,246,25,155,14298934.0,-14.859681148259025,,,,,,0,0,0,Minor,92.33861102926575,100.0,1816,1664,797,734,0,0,0,No significant risk indicators detected.,Continue monitoring.
2017-06-01,TERR_12,17535520.0,49614.0,233,25,152,12174158.0,44.03887316067362,,,,,,0,0,0,Minor,88.60268300633876,100.0,1649,1470,759,674,0,0,0,No significant risk indicators detected.,Continue monitoring.
2017-07-01,TERR_12,10083076.0,22796.0,218,25,139,17535520.0,-42.499133187952225,,,,,,0,2,40,Major,88.06618975533641,100.0,1574,1404,708,620,40,0,0,Potential risk identified: sales declined by 42.5%.,"Review CRM activity, HCP coverage and sales performance."
2017-08-01,TERR_12,10756118.0,23757.0,226,25,147,10083076.0,6.674967043787035,,,,,,0,0,0,Minor,89.36095278610583,100.0,1704,1524,784,705,0,0,0,No significant risk indicators detected.,Continue monitoring.
2017-09-01,TERR_12,15636238.0,46687.0,217,25,151,10756118.0,45.370643944218536,,,,,,0,0,0,Minor,90.22604375760065,100.0,1718,1556,738,665,0,0,0,No significant risk indicators detected.,Continue monitoring.
2017-10-01,TERR_12,7525965.0,20102.0,212,25,136,15636238.0,-51.8684417568983,,,,,,0,2,40,Major,88.6706051879754,100.0,1520,1360,664,579,40,0,0,Potential risk identified: sales declined by 51.9%.,"Review CRM activity, HCP coverage and sales performance."
2017-11-01,TERR_12,9112639.0,22988.0,223,25,146,7525965.0,21.08266514659582,,,,,,0,0,0,Minor,89.54272895856502,100.0,1647,1470,742,659,0,0,0,No significant risk indicators detected.,Continue monitoring.
2017-12-01,TERR_12,19575028.0,42347.0,175,25,126,9112639.0,114.811845394073,,,,,,0,0,0,Minor,89.67102406250811,100.0,1269,1140,595,535,0,0,0,No significant risk indicators detected.,Continue monitoring.
2018-01-01,TERR_12,9482219.0,22987.0,372,37,186,19575028.0,-51.55961462737116,,,,,,0,2,40,Major,89.67601055487464,100.0,2469,2201,1152,1038,40,0,0,Potential risk identified: sales declined by 51.6%.,"Review CRM activity, HCP coverage and sales performance."
2018-02-01,TERR_12,25848674.0,65180.0,449,37,199,9482219.0,172.601529241204,,,,,,0,0,0,Minor,90.0058898704849,100.0,2808,2528,1277,1146,0,0,0,No significant risk indicators detected.,Continue monitoring.
2018-03-01,TERR_12,25985880.0,61418.0,480,37,208,25848674.0,0.5308047909923735,,,,,,0,0,0,Minor,89.40016468381756,100.0,2897,2584,1278,1150,0,0,0,No significant risk indicators detected.,Continue monitoring.
2018-04-01,TERR_12,12543515.0,33269.0,380,37,188,25985880.0,-51.72949694218553,,,,,,0,2,40,Major,86.91562085085987,100.0,2460,2124,1149,997,40,0,0,Potential risk identified: sales declined by 51.7%.,"Review CRM activity, HCP coverage and sales performance."
2018-05-01,TERR_12,7872010.0,23050.0,374,37,191,12543515.0,-37.24239178571557,,,,,,0,2,40,Major,90.94235448426426,100.0,2497,2280,1169,1063,40,0,0,Potential risk identified: sales declined by 37.2%.,"Review CRM activity, HCP coverage and sales performance."
2018-06-01,TERR_12,13351492.0,31354.0,360,37,187,7872010.0,69.60715242993848,,,,,,0,0,0,Minor,90.55683139492339,100.0,2369,2142,1091,987,0,0,0,No significant risk indicators detected.,Continue monitoring.
2018-07-01,TERR_12,11961924.0,32200.0,404,37,199,13351492.0,-10.407585908750871,,,,,,0,0,0,Minor,90.2205938274253,100.0,2626,2395,1142,1026,0,0,0,No significant risk indicators detected.,Continue monitoring.
2018-08-01,TERR_12,14299973.0,37263.0,410,37,201,11961924.0,19.545760364302602,,,,,,0,0,0,Minor,88.45794854254109,100.0,2640,2341,1213,1070,0,0,0,No significant risk indicators detected.,Continue monitoring.
2018-09-01,TERR_12,10480889.0,29141.0,367,37,190,14299973.0,-26.706931544556063,,,,,,0,1,20,Minor,89.31108279475491,100.0,2592,2325,1152,1029,20,0,0,Potential risk identified: sales declined by 26.7%.,Continue monitoring.
2018-10-01,TERR_12,17144201.0,40080.0,501,37,207,10480889.0,63.57582834814871,,,,,,0,0,0,Minor,89.10498731426317,100.0,2975,2660,1356,1202,0,0,0,No significant risk indicators detected.,Continue monitoring.
2018-11-01,TERR_12,12251745.0,37274.0,445,37,199,17144201.0,-28.53708959665137,,,,,,0,1,20,Minor,89.65297995290517,100.0,2839,2546,1206,1081,20,0,0,Potential risk identified: sales declined by 28.5%.,Continue monitoring.
2018-12-01,TERR_12,9501277.0,20860.0,367,37,186,12251745.0,-22.449602077091875,,,,,,0,1,20,Minor,92.37784323731401,100.0,2366,2186,1085,1001,20,0,0,Potential risk identified: sales declined by 22.4%.,Continue monitoring.
2019-01-01,TERR_12,2778237.0,6421.0,168,25,117,9501277.0,-70.75933056156558,,,,,,0,2,40,Major,91.00831619560667,100.0,1275,1165,576,523,40,0,0,Potential risk identified: sales declined by 70.8%.,"Review CRM activity, HCP coverage and sales performance."
2019-02-01,TERR_12,11504501.0,45952.0,210,25,144,2778237.0,314.0935780496768,,,,,,0,0,0,Minor,90.75773520758564,100.0,1620,1469,715,641,0,0,0,No significant risk indicators detected.,Continue monitoring.
2019-03-01,TERR_12,32907952.0,84913.0,231,25,142,11504501.0,186.04414915518717,,,,,,0,0,0,Minor,91.67989598400521,100.0,1507,1389,672,609,0,0,0,No significant risk indicators detected.,Continue monitoring.
2019-04-01,TERR_12,5846184.0,16926.0,209,25,142,32907952.0,-82.23473767070038,,,,,,0,2,40,Major,87.41974261860369,100.0,1530,1346,648,569,40,0,0,Potential risk identified: sales declined by 82.2%.,"Review CRM activity, HCP coverage and sales performance."
2019-05-01,TERR_12,32125965.76804,57774.2594281,224,25,148,5846184.0,449.52026429616313,,,,,,0,0,0,Minor,88.6351528333794,100.0,1569,1388,701,623,0,0,0,No significant risk indicators detected.,Continue monitoring.
2019-06-01,TERR_12,5103767.0,11895.0,200,25,136,32125965.76804,-84.11326514866239,,,,,,0,2,40,Major,91.89890311597694,100.0,1495,1362,640,593,40,0,0,Potential risk identified: sales declined by 84.1%.,"Review CRM activity, HCP coverage and sales performance."
2019-07-01,TERR_12,8041979.0,22007.0,227,25,148,5103767.0,57.56947760350345,,,,,,0,0,0,Minor,90.65820957717575,100.0,1612,1447,735,671,0,0,0,No significant risk indicators detected.,Continue monitoring.
2019-08-01,TERR_12,18877494.0,34785.0,197,25,137,8041979.0,134.736922342125,,,,,,0,0,0,Minor,87.77311049518269,100.0,1463,1298,673,593,0,0,0,No significant risk indicators detected.,Continue monitoring.
2019-09-01,TERR_12,4520313.0,13450.0,170,25,127,18877494.0,-76.05448583376587,,,,,,0,2,40,Major,88.3927874846249,100.0,1209,1066,552,483,40,0,0,Potential risk identified: sales declined by 76.1%.,"Review CRM activity, HCP coverage and sales performance."
2019-10-01,TERR_12,5406200.0,12120.0,167,25,118,4520313.0,19.59791279940128,,,,,,0,0,0,Minor,89.17029642574497,100.0,1257,1112,580,519,0,0,0,No significant risk indicators detected.,Continue monitoring.
2019-11-01,TERR_12,16934859.0,32836.0,183,25,123,5406200.0,213.24884391994377,,,,,,0,0,0,Minor,88.70786616497448,100.0,1295,1157,581,514,0,0,0,No significant risk indicators detected.,Continue monitoring.
2019-12-01,TERR_12,7754192.0,15489.0,148,25,112,16934859.0,-54.211653017010654,,,,,,0,2,40,Major,89.56470713244144,100.0,1169,1050,505,449,40,0,0,Potential risk identified: sales declined by 54.2%.,"Review CRM activity, HCP coverage and sales performance."
2020-01-01,TERR_12,5482074.0,15819.0,179,25,126,7754192.0,-29.30180217358559,,,,,,0,1,20,Minor,87.47418745140901,100.0,1440,1254,623,546,20,0,0,Potential risk identified: sales declined by 29.3%.,Continue monitoring.
2020-02-01,TERR_12,7062677.0,17054.0,152,25,115,5482074.0,28.83220839412237,,,,,,0,0,0,Minor,91.44649458552433,100.0,1214,1114,547,500,0,0,0,No significant risk indicators detected.,Continue monitoring.
2020-03-01,TERR_12,11159828.0,27565.0,184,25,129,7062677.0,58.01130364591217,,,,,,0,0,0,Minor,92.40210102815954,100.0,1378,1253,645,596,0,0,0,No significant risk indicators detected.,Continue monitoring.
2020-04-01,TERR_12,6417978.0,15511.0,129,25,100,11159828.0,-42.490350209698576,,,,,,0,2,40,Major,93.62087823502844,100.0,1119,1038,506,479,40,0,0,Potential risk identified: sales declined by 42.5%.,"Review CRM activity, HCP coverage and sales performance."
2020-05-01,TERR_12,6059356.0,17899.0,200,25,138,6417978.0,-5.587772348238028,,,,,,0,0,0,Minor,88.05624146246895,100.0,1622,1441,702,613,0,0,0,No significant risk indicators detected.,Continue monitoring.
2020-06-01,TERR_12,7221013.0,23228.0,205,25,141,6059356.0,19.17129477125952,,,,,,0,0,0,Minor,90.3780958478704,100.0,1427,1283,651,588,0,0,0,No significant risk indicators detected.,Continue monitoring.
2020-07-01,TERR_12,9596581.0,23655.0,201,25,136,7221013.0,32.89798813545966,,,,,,0,0,0,Minor,91.82932359538717,100.0,1453,1338,669,612,0,0,0,No significant risk indicators detected.,Continue monitoring.
2020-08-01,TERR_12,8260333.0,17382.0,217,25,152,9596581.0,-13.924209049035277,,,,,,0,0,0,Minor,87.10776979222759,100.0,1491,1282,683,596,0,0,0,No significant risk indicators detected.,Continue monitoring.
2020-09-01,TERR_12,8819050.0,20944.0,219,25,143,8260333.0,6.763855646013302,,,,,,0,0,0,Minor,89.67653281851332,100.0,1475,1312,709,634,0,0,0,No significant risk indicators detected.,Continue monitoring.
2020-10-01,TERR_12,3641174.0,8412.0,165,25,118,8819050.0,-58.71240099557209,,,,,,0,2,40,Major,87.98391444209605,100.0,1340,1177,615,532,40,0,0,Potential risk identified: sales declined by 58.7%.,"Review CRM activity, HCP coverage and sales performance."
2020-11-01,TERR_12,7556975.0,23498.0,272,25,167,3641174.0,107.54226521446104,,,,,,0,0,0,Minor,90.08418582213253,100.0,1945,1764,819,737,0,0,0,No significant risk indicators detected.,Continue monitoring.
2020-12-01,TERR_12,8703093.0,23192.0,182,25,130,7556975.0,15.16635955524532,,,,,,0,0,0,Minor,89.95067010091795,100.0,1347,1218,609,541,0,0,0,No significant risk indicators detected.,Continue monitoring.
2017-01-01,TERR_13,8600637.0,19286.0,204,29,136,,,TERR_13,2.0,0.0,0.0,2.0,0,0,0,Minor,87.35780027661949,100.0,1565,1373,704,618,0,0,0,No significant risk indicators detected.,Continue monitoring.
2017-02-01,TERR_13,10455221.0,32246.0,257,29,158,8600637.0,21.563333041494484,TERR_13,2.0,0.0,0.0,2.0,0,0,0,Minor,88.69385579522624,100.0,1838,1645,837,742,0,0,0,No significant risk indicators detected.,Continue monitoring.
2017-03-01,TERR_13,11269929.0,29005.0,275,29,160,10455221.0,7.792355608743231,TERR_13,2.0,0.0,0.0,2.0,0,0,0,Minor,91.63123495197382,100.0,1958,1796,882,809,0,0,0,No significant risk indicators detected.,Continue monitoring.
2017-04-01,TERR_13,8682048.0,20246.0,200,29,134,11269929.0,-22.962708993109008,TERR_13,2.0,0.0,0.0,2.0,0,1,20,Minor,86.15121958234923,100.0,1705,1470,768,660,20,0,0,Potential risk identified: sales declined by 23.0%.,Continue monitoring.
2017-05-01,TERR_13,9123817.0,21806.0,276,29,165,8682048.0,5.088304049920018,TERR_13,2.0,0.0,0.0,2.0,0,0,0,Minor,90.6707541807651,100.0,2015,1833,911,827,0,0,0,No significant risk indicators detected.,Continue monitoring.
2017-06-01,TERR_13,26807694.0,62849.0,235,29,152,9123817.0,193.82104003182002,TERR_13,2.0,0.0,0.0,2.0,0,0,0,Minor,87.79499991045105,100.0,1787,1580,791,703,0,0,0,No significant risk indicators detected.,Continue monitoring.
2017-07-01,TERR_13,10064059.0,23246.0,288,29,167,26807694.0,-62.45831886920226,TERR_13,2.0,0.0,0.0,2.0,0,2,40,Major,90.20758582505029,100.0,2046,1832,934,843,40,0,0,Potential risk identified: sales declined by 62.5%.,"Review CRM activity, HCP coverage and sales performance."
2017-08-01,TERR_13,8310511.0,17978.0,253,29,156,10064059.0,-17.423864466613324,TERR_13,2.0,0.0,0.0,2.0,0,1,20,Minor,86.76885084999262,100.0,1911,1656,848,731,20,0,0,Potential risk identified: sales declined by 17.4%.,Continue monitoring.
2017-09-01,TERR_13,15764667.0,38812.0,251,29,159,8310511.0,89.69551932486462,TERR_13,2.0,0.0,0.0,2.0,0,0,0,Minor,86.13181353789399,100.0,1708,1465,783,682,0,0,0,No significant risk indicators detected.,Continue monitoring.
2017-10-01,TERR_13,8773821.0,21647.0,242,29,146,15764667.0,-44.34502803008779,TERR_13,2.0,0.0,0.0,2.0,0,2,40,Major,88.16028752635386,100.0,1807,1603,832,732,40,0,0,Potential risk identified: sales declined by 44.3%.,"Review CRM activity, HCP coverage and sales performance."
2017-11-01,TERR_13,13557336.0,32192.0,276,29,176,8773821.0,54.520316746831284,TERR_13,2.0,0.0,0.0,2.0,0,0,0,Minor,89.86561694094247,100.0,1950,1772,852,759,0,0,0,No significant risk indicators detected.,Continue monitoring.
2017-12-01,TERR_13,12982426.0,33155.0,215,29,145,13557336.0,-4.240582368099456,TERR_13,2.0,0.0,0.0,2.0,0,0,0,Minor,91.6551399698297,100.0,1663,1515,738,674,0,0,0,No significant risk indicators detected.,Continue monitoring.
2018-01-01,TERR_13,11879720.0,33845.0,367,37,197,12982426.0,-8.493836205960273,TERR_13,2.0,0.0,0.0,2.0,0,0,0,Minor,90.57989298228638,100.0,2423,2182,1119,1006,0,0,0,No significant risk indicators detected.,Continue monitoring.
2018-02-01,TERR_13,11056912.0,27426.0,404,37,199,11879720.0,-6.926156508739263,TERR_13,2.0,0.0,0.0,2.0,0,0,0,Minor,89.30301816624731,100.0,2675,2371,1223,1096,0,0,0,No significant risk indicators detected.,Continue monitoring.
2018-03-01,TERR_13,27823348.0,66098.0,414,37,196,11056912.0,151.63760008219293,TERR_13,2.0,0.0,0.0,2.0,0,0,0,Minor,89.04144481989248,100.0,2638,2356,1200,1064,0,0,0,No significant risk indicators detected.,Continue monitoring.
2018-04-01,TERR_13,14556029.0,29742.0,326,37,182,27823348.0,-47.68412126391116,TERR_13,2.0,0.0,0.0,2.0,0,2,40,Major,87.78993466911987,100.0,2347,2064,1070,944,40,0,0,Potential risk identified: sales declined by 47.7%.,"Review CRM activity, HCP coverage and sales performance."
2018-05-01,TERR_13,15113342.0,33357.0,371,37,193,14556029.0,3.828743402476046,TERR_13,2.0,0.0,0.0,2.0,0,0,0,Minor,89.19576460114844,100.0,2473,2207,1132,1012,0,0,0,No significant risk indicators detected.,Continue monitoring.
2018-06-01,TERR_13,19948623.0,51927.0,345,37,184,15113342.0,31.99345981848356,TERR_13,2.0,0.0,0.0,2.0,0,0,0,Minor,89.6069910006871,100.0,2485,2211,1062,958,0,0,0,No significant risk indicators detected.,Continue monitoring.
2018-07-01,TERR_13,21151894.0,46725.0,434,37,202,19948623.0,6.031849917660984,TERR_13,2.0,0.0,0.0,2.0,0,0,0,Minor,88.11454927412716,100.0,2900,2576,1279,1121,0,0,0,No significant risk indicators detected.,Continue monitoring.
2018-08-01,TERR_13,14096712.0,34411.0,345,37,181,21151894.0,-33.354847561168754,TERR_13,2.0,0.0,0.0,2.0,0,2,40,Major,88.41573172319362,100.0,2064,1824,973,862,40,0,0,Potential risk identified: sales declined by 33.4%.,"Review CRM activity, HCP coverage and sales performance."
2018-09-01,TERR_13,7935180.0,20470.0,335,37,182,14096712.0,-43.70900107769812,TERR_13,2.0,0.0,0.0,2.0,0,2,40,Major,90.56882685941862,100.0,2377,2149,1077,968,40,0,0,Potential risk identified: sales declined by 43.7%.,"Review CRM activity, HCP coverage and sales performance."
2018-10-01,TERR_13,15974267.0,41420.0,482,37,210,7935180.0,101.30944729672169,TERR_13,2.0,0.0,0.0,2.0,0,0,0,Minor,89.37396950755839,100.0,3103,2771,1430,1278,0,0,0,No significant risk indicators detected.,Continue monitoring.
2018-11-01,TERR_13,10910891.0,24822.0,410,37,191,15974267.0,-31.697078808060493,TERR_13,2.0,0.0,0.0,2.0,0,2,40,Major,89.20097298142858,100.0,2872,2549,1279,1142,40,0,0,Potential risk identified: sales declined by 31.7%.,"Review CRM activity, HCP coverage and sales performance."
2018-12-01,TERR_13,14253106.0,30021.0,311,37,175,10910891.0,30.631916311875905,TERR_13,2.0,0.0,0.0,2.0,0,0,0,Minor,91.35613423266567,100.0,2272,2077,963,888,0,0,0,No significant risk indicators detected.,Continue monitoring.
2019-01-01,TERR_13,3262374.0,8399.0,189,29,124,14253106.0,-77.11113633758143,TERR_13,2.0,0.0,0.0,2.0,0,2,40,Major,89.76397993217932,100.0,1538,1382,670,606,40,0,0,Potential risk identified: sales declined by 77.1%.,"Review CRM activity, HCP coverage and sales performance."
2019-02-01,TERR_13,8491528.0,17692.0,231,29,140,3262374.0,160.28677276118557,TERR_13,2.0,0.0,0.0,2.0,0,0,0,Minor,89.55437507099963,100.0,1857,1683,818,724,0,0,0,No significant risk indicators detected.,Continue monitoring.
2019-03-01,TERR_13,11621301.0,39510.0,278,29,164,8491528.0,36.85759500528056,TERR_13,2.0,0.0,0.0,2.0,0,0,0,Minor,88.41807839394788,100.0,1898,1668,859,757,0,0,0,No significant risk indicators detected.,Continue monitoring.
2019-04-01,TERR_13,11386893.0,30915.0,234,29,146,11621301.0,-2.017054717023507,TERR_13,2.0,0.0,0.0,2.0,0,0,0,Minor,89.07320601550413,100.0,1757,1562,832,743,0,0,0,No significant risk indicators detected.,Continue monitoring.
2019-05-01,TERR_13,7871611.0,19608.0,247,29,152,11386893.0,-30.871300889540283,TERR_13,2.0,0.0,0.0,2.0,0,2,40,Major,90.9665604927899,100.0,1905,1740,841,766,40,0,0,Potential risk identified: sales declined by 30.9%.,"Review CRM activity, HCP coverage and sales performance."
2019-06-01,TERR_13,8221678.0,21555.5,244,29,145,7871611.0,4.447209090998018,TERR_13,2.0,0.0,0.0,2.0,0,0,0,Minor,91.20957236993559,100.0,1651,1502,724,660,0,0,0,No significant risk indicators detected.,Continue monitoring.
2019-07-01,TERR_13,8685751.0,23576.0,257,29,157,8221678.0,5.64450468626964,TERR_13,2.0,0.0,0.0,2.0,0,0,0,Minor,88.83965890570536,100.0,1803,1604,815,729,0,0,0,No significant risk indicators detected.,Continue monitoring.
2019-08-01,TERR_13,14399347.0,40679.0,237,29,155,8685751.0,65.78125483910372,TERR_13,2.0,0.0,0.0,2.0,0,0,0,Minor,89.61068126624778,100.0,1767,1577,801,719,0,0,0,No significant risk indicators detected.,Continue monitoring.
2019-09-01,TERR_13,11003219.0,21027.0,203,29,133,14399347.0,-23.585291749688373,TERR_13,2.0,0.0,0.0,2.0,0,1,20,Minor,89.74605817090546,100.0,1612,1437,690,622,20,0,0,Potential risk identified: sales declined by 23.6%.,Continue monitoring.
2019-10-01,TERR_13,7937785.0,15146.0,195,29,132,11003219.0,-27.85942913614643,TERR_13,2.0,0.0,0.0,2.0,0,1,20,Minor,87.61476100908493,100.0,1491,1304,695,605,20,0,0,Potential risk identified: sales declined by 27.9%.,Continue monitoring.
2019-11-01,TERR_13,12613628.0,33343.0,213,29,138,7937785.0,58.90614321249568,TERR_13,2.0,0.0,0.0,2.0,0,0,0,Minor,88.77621978765237,100.0,1629,1449,738,655,0,0,0,No significant risk indicators detected.,Continue monitoring.
2019-12-01,TERR_13,8735269.0,19134.0,174,29,119,12613628.0,-30.74737101807664,TERR_13,2.0,0.0,0.0,2.0,0,2,40,Major,92.90754803847304,100.0,1423,1329,603,556,40,0,0,Potential risk identified: sales declined by 30.7%.,"Review CRM activity, HCP coverage and sales performance."
2020-01-01,TERR_13,8752282.0,22039.0,206,28,139,8735269.0,0.19476217618484332,TERR_13,2.0,0.0,0.0,2.0,0,0,0,Minor,92.20537560432454,100.0,1589,1472,705,650,0,0,0,No significant risk indicators detected.,Continue monitoring.
2020-02-01,TERR_13,10932150.0,35110.0,203,29,142,8752282.0,24.906281584619876,TERR_13,2.0,0.0,0.0,2.0,0,0,0,Minor,90.44361674097205,100.0,1536,1373,691,616,0,0,0,No significant risk indicators detected.,Continue monitoring.
2020-03-01,TERR_13,11019050.0,31620.0,221,29,153,10932150.0,0.7949031068911422,TERR_13,2.0,0.0,0.0,2.0,0,0,0,Minor,92.56486174854389,100.0,1673,1554,720,660,0,0,0,No significant risk indicators detected.,Continue monitoring.
2020-04-01,TERR_13,6625386.0,14812.0,166,29,121,11019050.0,-39.87334661336504,TERR_13,2.0,0.0,0.0,2.0,0,2,40,Major,87.19716715810684,100.0,1347,1180,611,534,40,0,0,Potential risk identified: sales declined by 39.9%.,"Review CRM activity, HCP coverage and sales performance."
2020-05-01,TERR_13,10459698.0,25305.0,185,29,128,6625386.0,57.87303562388667,TERR_13,2.0,0.0,0.0,2.0,0,0,0,Minor,87.39362602799368,100.0,1392,1232,622,544,0,0,0,No significant risk indicators detected.,Continue monitoring.
2020-06-01,TERR_13,8316501.0,22892.0,237,29,155,10459698.0,-20.490046653354618,TERR_13,2.0,0.0,0.0,2.0,0,1,20,Minor,87.72155370270752,100.0,1704,1505,764,668,20,0,0,Potential risk identified: sales declined by 20.5%.,Continue monitoring.
2020-07-01,TERR_13,9220014.0,24497.0,243,29,160,8316501.0,10.86410017866889,TERR_13,2.0,0.0,0.0,2.0,0,0,0,Minor,87.96630398594219,100.0,1727,1534,769,672,0,0,0,No significant risk indicators detected.,Continue monitoring.
2020-08-01,TERR_13,8703647.0,19638.0,237,29,148,9220014.0,-5.600501257373361,TERR_13,2.0,0.0,0.0,2.0,0,0,0,Minor,89.74003833573096,100.0,1774,1601,795,720,0,0,0,No significant risk indicators detected.,Continue monitoring.
2020-09-01,TERR_13,13769822.0,28492.0,250,29,152,8703647.0,58.207496236922296,TERR_13,2.0,0.0,0.0,2.0,0,0,0,Minor,88.94152067523729,100.0,1671,1505,761,674,0,0,0,No significant risk indicators detected.,Continue monitoring.
2020-10-01,TERR_13,5314872.0,12611.0,194,29,131,13769822.0,-61.40202829056178,TERR_13,2.0,0.0,0.0,2.0,0,2,40,Major,89.82895635456006,100.0,1522,1368,702,626,40,0,0,Potential risk identified: sales declined by 61.4%.,"Review CRM activity, HCP coverage and sales performance."
2020-11-01,TERR_13,12599341.0,29045.0,289,29,165,5314872.0,137.05822078123424,TERR_13,2.0,0.0,0.0,2.0,0,0,0,Minor,91.4483692745668,100.0,2112,1948,964,880,0,0,0,No significant risk indicators detected.,Continue monitoring.
2020-12-01,TERR_13,20811643.0,48551.0,232,29,150,12599341.0,65.18040903885371,TERR_13,2.0,0.0,0.0,2.0,0,0,0,Minor,90.31204086077202,100.0,1755,1580,823,751,0,0,0,No significant risk indicators detected.,Continue monitoring.
2017-01-01,TERR_14,5056448.0,13175.0,166,25,125,,,,,,,,0,0,0,Minor,90.99598143708593,100.0,1331,1205,562,510,0,0,0,No significant risk indicators detected.,Continue monitoring.
2017-02-01,TERR_14,8543077.0,19573.0,213,25,141,5056448.0,68.9541156163378,,,,,,0,0,0,Minor,89.61620760628904,100.0,1584,1421,690,621,0,0,0,No significant risk indicators detected.,Continue monitoring.
2017-03-01,TERR_14,12626495.0,30130.0,231,25,149,8543077.0,47.797977239348306,,,,,,0,0,0,Minor,90.60991108681358,100.0,1649,1515,752,679,0,0,0,No significant risk indicators detected.,Continue monitoring.
2017-04-01,TERR_14,5756260.0,15995.0,194,25,133,12626495.0,-54.41125981517436,,,,,,0,2,40,Major,90.31351952303541,100.0,1397,1275,663,603,40,0,0,Potential risk identified: sales declined by 54.4%.,"Review CRM activity, HCP coverage and sales performance."
2017-05-01,TERR_14,10175998.0,24638.0,219,25,144,5756260.0,76.7814171006869,,,,,,0,0,0,Minor,89.1564805988936,100.0,1568,1399,724,646,0,0,0,No significant risk indicators detected.,Continue monitoring.
2017-06-01,TERR_14,13756320.0,27069.0,218,25,142,10175998.0,35.183988833331135,,,,,,0,0,0,Minor,90.51796785704384,100.0,1496,1356,670,608,0,0,0,No significant risk indicators detected.,Continue monitoring.
2017-07-01,TERR_14,10229418.0,21647.0,231,25,145,13756320.0,-25.638412017167383,,,,,,0,1,20,Minor,90.17082379054416,100.0,1778,1601,810,728,20,0,0,Potential risk identified: sales declined by 25.6%.,Continue monitoring.
2017-08-01,TERR_14,9927919.0,25670.0,215,25,140,10229418.0,-2.9473719814753876,,,,,,0,0,0,Minor,87.77349990070337,100.0,1644,1442,772,682,0,0,0,No significant risk indicators detected.,Continue monitoring.
2017-09-01,TERR_14,8500071.0,23885.0,201,25,136,9927919.0,-14.382147960715635,,,,,,0,0,0,Minor,90.63140631645885,100.0,1450,1302,670,608,0,0,0,No significant risk indicators detected.,Continue monitoring.
2017-10-01,TERR_14,8189813.0,25264.0,240,25,154,8500071.0,-3.650063628880276,,,,,,0,0,0,Minor,86.17202683082381,100.0,1697,1462,756,650,0,0,0,No significant risk indicators detected.,Continue monitoring.
2017-11-01,TERR_14,9195155.0,18924.0,259,25,159,8189813.0,12.275518378746865,,,,,,0,0,0,Minor,90.35722920300856,100.0,1669,1498,727,657,0,0,0,No significant risk indicators detected.,Continue monitoring.
2017-12-01,TERR_14,8932712.0,23507.0,181,25,132,9195155.0,-2.8541443836455174,,,,,,0,0,0,Minor,91.89813277554114,100.0,1437,1295,625,580,0,0,0,No significant risk indicators detected.,Continue monitoring.
2018-01-01,TERR_14,6857135.0,15936.0,364,37,192,8932712.0,-23.235686989572706,,,,,,0,1,20,Minor,87.71939218757059,100.0,2314,2039,1019,897,20,0,0,Potential risk identified: sales declined by 23.2%.,Continue monitoring.
2018-02-01,TERR_14,14130278.0,35337.0,381,37,195,6857135.0,106.06679028486387,,,,,,0,0,0,Minor,88.82100143752791,100.0,2324,2067,1055,938,0,0,0,No significant risk indicators detected.,Continue monitoring.
2018-03-01,TERR_14,28719832.0,61223.0,479,37,214,14130278.0,103.25029698637209,,,,,,0,0,0,Minor,89.0693553719527,100.0,2850,2545,1244,1099,0,0,0,No significant risk indicators detected.,Continue monitoring.
2018-04-01,TERR_14,8805011.0,26713.0,334,37,175,28719832.0,-69.34170436651578,,,,,,0,2,40,Major,87.81390030785175,100.0,2383,2107,1037,905,40,0,0,Potential risk identified: sales declined by 69.3%.,"Review CRM activity, HCP coverage and sales performance."
2018-05-01,TERR_14,8147880.0,19675.0,361,37,183,8805011.0,-7.463147973352902,,,,,,0,0,0,Minor,89.59609160049988,100.0,2583,2314,1107,991,0,0,0,No significant risk indicators detected.,Continue monitoring.
2018-06-01,TERR_14,15056163.0,35211.0,381,37,193,8147880.0,84.78626342066894,,,,,,0,0,0,Minor,89.38452994878986,100.0,2567,2290,1147,1030,0,0,0,No significant risk indicators detected.,Continue monitoring.
2018-07-01,TERR_14,18632765.0,41990.0,445,37,199,15056163.0,23.755069601730533,,,,,,0,0,0,Minor,88.24619789037034,100.0,2982,2622,1243,1103,0,0,0,No significant risk indicators detected.,Continue monitoring.
2018-08-01,TERR_14,13149732.0,28183.0,397,37,194,18632765.0,-29.426834932979617,,,,,,0,1,20,Minor,90.76212053317317,100.0,2546,2300,1172,1066,20,0,0,Potential risk identified: sales declined by 29.4%.,Continue monitoring.
2018-09-01,TERR_14,15593820.0,44197.0,357,37,187,13149732.0,18.586599331454057,,,,,,0,0,0,Minor,90.73868530568211,100.0,2462,2236,1133,1032,0,0,0,No significant risk indicators detected.,Continue monitoring.
2018-10-01,TERR_14,17483062.0,42896.0,469,37,198,15593820.0,12.115325173690602,,,,,,0,0,0,Minor,90.56771029668135,100.0,2710,2461,1331,1206,0,0,0,No significant risk indicators detected.,Continue monitoring.
2018-11-01,TERR_14,13727549.0,40027.0,451,37,207,17483062.0,-21.48086530837676,,,,,,0,1,20,Minor,90.54422751002377,100.0,2785,2502,1259,1145,20,0,0,Potential risk identified: sales declined by 21.5%.,Continue monitoring.
2018-12-01,TERR_14,12113176.0,32066.0,351,37,188,13727549.0,-11.76009643090693,,,,,,0,0,0,Minor,87.30741111876608,100.0,2356,2059,1056,928,0,0,0,No significant risk indicators detected.,Continue monitoring.
2019-01-01,TERR_14,5244042.0,10165.0,165,25,123,12113176.0,-56.70795173784315,,,,,,0,2,40,Major,88.53691166130547,100.0,1209,1081,572,508,40,0,0,Potential risk identified: sales declined by 56.7%.,"Review CRM activity, HCP coverage and sales performance."
2019-02-01,TERR_14,17830379.0,38923.0,189,25,133,5244042.0,240.01213186316966,,,,,,0,0,0,Minor,88.52062326156808,100.0,1377,1226,639,562,0,0,0,No significant risk indicators detected.,Continue monitoring.
2019-03-01,TERR_14,8179150.0,19352.0,245,25,156,17830379.0,-54.12800815955735,,,,,,0,2,40,Major,90.21917409545146,100.0,1728,1562,833,750,40,0,0,Potential risk identified: sales declined by 54.1%.,"Review CRM activity, HCP coverage and sales performance."
2019-04-01,TERR_14,6791939.0,18980.0,208,25,140,8179150.0,-16.960332063845264,,,,,,0,1,20,Minor,88.76697755899619,100.0,1587,1417,715,634,20,0,0,Potential risk identified: sales declined by 17.0%.,Continue monitoring.
2019-05-01,TERR_14,5607203.341711,16210.708542751,192,25,127,6791939.0,-17.443261170175415,,,,,,0,1,20,Minor,92.23299465452274,100.0,1509,1394,686,630,20,0,0,Potential risk identified: sales declined by 17.4%.,Continue monitoring.
2019-06-01,TERR_14,13425397.0,28777.0,235,25,152,5607203.341711,139.4312490886648,,,,,,0,0,0,Minor,89.0238630217911,100.0,1760,1565,784,701,0,0,0,No significant risk indicators detected.,Continue monitoring.
2019-07-01,TERR_14,15290649.0,34492.0,234,25,151,13425397.0,13.893458793062136,,,,,,0,0,0,Minor,92.10829329150376,100.0,1644,1505,739,682,0,0,0,No significant risk indicators detected.,Continue monitoring.
2019-08-01,TERR_14,32985657.0,61752.0,189,25,126,15290649.0,115.72437507394224,,,,,,0,0,0,Minor,88.37008122052363,100.0,1379,1213,669,590,0,0,0,No significant risk indicators detected.,Continue monitoring.
2019-09-01,TERR_14,12312712.0,30479.0,179,25,127,32985657.0,-62.672527638300494,,,,,,0,2,40,Major,90.52023186269346,100.0,1363,1222,592,536,40,0,0,Potential risk identified: sales declined by 62.7%.,"Review CRM activity, HCP coverage and sales performance."
2019-10-01,TERR_14,8655031.0,18617.0,175,25,124,12312712.0,-29.706542311718167,,,,,,0,1,20,Minor,90.08397736567237,100.0,1353,1229,642,577,20,0,0,Potential risk identified: sales declined by 29.7%.,Continue monitoring.
2019-11-01,TERR_14,15617821.0,35819.0,189,25,125,8655031.0,80.44789209882669,,,,,,0,0,0,Minor,89.2635074033589,100.0,1313,1172,651,576,0,0,0,No significant risk indicators detected.,Continue monitoring.
2019-12-01,TERR_14,9950271.023072,20628.08559143,148,25,117,15617821.0,-36.288993047929026,,,,,,0,2,40,Major,87.35085071264915,100.0,1227,1055,579,504,40,0,0,Potential risk identified: sales declined by 36.3%.,"Review CRM activity, HCP coverage and sales performance."
2020-01-01,TERR_14,6536269.0,11901.0,170,25,116,9950271.023072,-34.31064355087262,,,,,,0,2,40,Major,86.70143740279838,100.0,1335,1162,617,533,40,0,0,Potential risk identified: sales declined by 34.3%.,"Review CRM activity, HCP coverage and sales performance."
2020-02-01,TERR_14,17642880.0,31595.0,187,25,131,6536269.0,169.92279540514627,,,,,,0,0,0,Minor,90.77896711620323,100.0,1487,1361,713,649,0,0,0,No significant risk indicators detected.,Continue monitoring.
2020-03-01,TERR_14,5836896.0,13521.0,174,25,126,17642880.0,-66.9164218086843,,,,,,0,2,40,Major,91.75636524364806,100.0,1391,1285,641,578,40,0,0,Potential risk identified: sales declined by 66.9%.,"Review CRM activity, HCP coverage and sales performance."
2020-04-01,TERR_14,6604704.0,18241.0,131,25,104,5836896.0,13.15438890807717,,,,,,0,0,0,Minor,89.64591597546594,100.0,970,862,477,429,0,0,0,No significant risk indicators detected.,Continue monitoring.
2020-05-01,TERR_14,4432726.0,12799.0,184,25,127,6604704.0,-32.8853193118117,,,,,,0,2,40,Major,86.94094494200928,100.0,1376,1200,615,536,40,0,0,Potential risk identified: sales declined by 32.9%.,"Review CRM activity, HCP coverage and sales performance."
2020-06-01,TERR_14,12812807.0,37926.0,209,25,140,4432726.0,189.05028192583978,,,,,,0,0,0,Minor,87.00240978683915,100.0,1578,1374,728,637,0,0,0,No significant risk indicators detected.,Continue monitoring.
2020-07-01,TERR_14,10177557.0,24083.0,201,25,138,12812807.0,-20.567312065186027,,,,,,0,1,20,Minor,87.18022128303431,100.0,1488,1315,683,601,20,0,0,Potential risk identified: sales declined by 20.6%.,Continue monitoring.
2020-08-01,TERR_14,12046927.0,24529.0,199,25,137,10177557.0,18.367570920998038,,,,,,0,0,0,Minor,90.44096863800036,100.0,1538,1386,678,613,0,0,0,No significant risk indicators detected.,Continue monitoring.
2020-09-01,TERR_14,7479876.0,17091.0,241,25,149,12046927.0,-37.910506139864545,,,,,,0,2,40,Major,88.62708823424911,100.0,1744,1538,771,683,40,0,0,Potential risk identified: sales declined by 37.9%.,"Review CRM activity, HCP coverage and sales performance."
2020-10-01,TERR_14,3068197.0,8523.0,138,24,104,7479876.0,-58.980643529384714,,,,,,0,2,40,Major,90.93573872243056,100.0,1149,1039,555,503,40,0,0,Potential risk identified: sales declined by 59.0%.,"Review CRM activity, HCP coverage and sales performance."
2020-11-01,TERR_14,10658779.0,24132.0,275,25,165,3068197.0,247.3955225169701,,,,,,0,0,0,Minor,89.38694486917998,100.0,1978,1765,845,751,0,0,0,No significant risk indicators detected.,Continue monitoring.
2020-12-01,TERR_14,9180188.0,24241.0,179,25,126,10658779.0,-13.872048571417045,,,,,,0,0,0,Minor,89.24338381977138,100.0,1455,1311,662,591,0,0,0,No significant risk indicators detected.,Continue monitoring.
2017-01-01,TERR_15,8063818.0,19591.0,225,29,141,,,,,,,,0,0,0,Minor,88.95842614523788,100.0,1723,1546,794,694,0,0,0,No significant risk indicators detected.,Continue monitoring.
2017-02-01,TERR_15,15274983.0,35282.0,234,29,145,8063818.0,89.42618744619483,,,,,,0,0,0,Minor,89.61517019436698,100.0,1711,1527,770,698,0,0,0,No significant risk indicators detected.,Continue monitoring.
2017-03-01,TERR_15,6455095.0,16742.0,236,29,141,15274983.0,-57.74073856579742,,,,,,0,2,40,Major,89.53491716898125,100.0,1678,1502,754,675,40,0,0,Potential risk identified: sales declined by 57.7%.,"Review CRM activity, HCP coverage and sales performance."
2017-04-01,TERR_15,9632598.0,28068.0,228,29,145,6455095.0,49.2247286833114,,,,,,0,0,0,Minor,88.90181495757406,100.0,1790,1584,789,707,0,0,0,No significant risk indicators detected.,Continue monitoring.
2017-05-01,TERR_15,14543582.0,33233.0,263,29,156,9632598.0,50.982964305164614,,,,,,0,0,0,Minor,88.61908671318962,100.0,1825,1623,822,728,0,0,0,No significant risk indicators detected.,Continue monitoring.
2017-06-01,TERR_15,15809650.0,33677.0,244,29,155,14543582.0,8.70533820347697,,,,,,0,0,0,Minor,87.45690470411465,100.0,1896,1660,882,778,0,0,0,No significant risk indicators detected.,Continue monitoring.
2017-07-01,TERR_15,13023264.0,27802.0,290,29,168,15809650.0,-17.624590044687896,,,,,,0,1,20,Minor,88.93745213549329,100.0,2045,1810,861,763,20,0,0,Potential risk identified: sales declined by 17.6%.,Continue monitoring.
2017-08-01,TERR_15,8315313.0,21045.0,239,29,156,13023264.0,-36.15031531265895,,,,,,0,2,40,Major,89.68661367040038,100.0,1793,1609,792,710,40,0,0,Potential risk identified: sales declined by 36.2%.,"Review CRM activity, HCP coverage and sales performance."
2017-09-01,TERR_15,14031735.0,29879.0,259,29,156,8315313.0,68.74572250016325,,,,,,0,0,0,Minor,91.3733005224845,100.0,1802,1639,839,767,0,0,0,No significant risk indicators detected.,Continue monitoring.
2017-10-01,TERR_15,13667377.0,26790.0,257,29,155,14031735.0,-2.5966710460253135,,,,,,0,0,0,Minor,88.8445964558548,100.0,1888,1669,810,717,0,0,0,No significant risk indicators detected.,Continue monitoring.
2017-11-01,TERR_15,11995916.0,24034.0,246,29,150,13667377.0,-12.229566799832917,,,,,,0,0,0,Minor,87.59928733681946,100.0,1727,1505,808,708,0,0,0,No significant risk indicators detected.,Continue monitoring.
2017-12-01,TERR_15,13344588.0,32736.0,180,29,129,11995916.0,11.242759619190398,,,,,,0,0,0,Minor,89.01217303295542,100.0,1598,1421,651,578,0,0,0,No significant risk indicators detected.,Continue monitoring.
2018-01-01,TERR_15,11844556.0,25273.0,368,38,191,13344588.0,-11.24075168150564,,,,,,0,0,0,Minor,88.96444468657138,100.0,2581,2289,1231,1098,0,0,0,No significant risk indicators detected.,Continue monitoring.
2018-02-01,TERR_15,11941476.6,32434.4,380,38,195,11844556.0,0.8182712800716179,,,,,,0,0,0,Minor,91.51039194900098,100.0,2421,2218,1215,1106,0,0,0,No significant risk indicators detected.,Continue monitoring.
2018-03-01,TERR_15,15643206.0,36006.0,411,38,187,11941476.6,30.998925208294597,,,,,,0,0,0,Minor,87.4675455979306,100.0,2658,2335,1184,1041,0,0,0,No significant risk indicators detected.,Continue monitoring.
2018-04-01,TERR_15,17249879.0,40041.0,342,38,176,15643206.0,10.270739898202452,,,,,,0,0,0,Minor,89.80137090577986,100.0,2602,2325,1139,1025,0,0,0,No significant risk indicators detected.,Continue monitoring.
2018-05-01,TERR_15,12671074.0,39912.0,353,38,186,17249879.0,-26.543983294027747,,,,,,0,1,20,Minor,88.60290050718473,100.0,2394,2118,1067,945,20,0,0,Potential risk identified: sales declined by 26.5%.,Continue monitoring.
2018-06-01,TERR_15,15216324.0,42317.0,369,38,186,12671074.0,20.087089697368985,,,,,,0,0,0,Minor,88.89498072571836,100.0,2361,2104,1042,926,0,0,0,No significant risk indicators detected.,Continue monitoring.
2018-07-01,TERR_15,13606597.0,29461.0,405,38,194,15216324.0,-10.578947977185555,,,,,,0,0,0,Minor,89.36444952582016,100.0,2488,2211,1139,1030,0,0,0,No significant risk indicators detected.,Continue monitoring.
2018-08-01,TERR_15,12579228.0,33187.0,358,38,191,13606597.0,-7.550521265530243,,,,,,0,0,0,Minor,92.54628160331214,100.0,2431,2244,1084,999,0,0,0,No significant risk indicators detected.,Continue monitoring.
2018-09-01,TERR_15,11904662.0,43246.0,383,38,199,12579228.0,-5.362538941181446,,,,,,0,0,0,Minor,87.47164758456228,100.0,2612,2289,1153,1008,0,0,0,No significant risk indicators detected.,Continue monitoring.
2018-10-01,TERR_15,25372650.0,58427.0,501,38,213,11904662.0,113.13204860415189,,,,,,0,0,0,Minor,89.79639875064517,100.0,3109,2780,1351,1218,0,0,0,No significant risk indicators detected.,Continue monitoring.
2018-11-01,TERR_15,20276001.0,55125.0,382,38,196,25372650.0,-20.08717654639937,,,,,,0,1,20,Minor,89.97333939065912,100.0,2664,2384,1196,1077,20,0,0,Potential risk identified: sales declined by 20.1%.,Continue monitoring.
2018-12-01,TERR_15,11607524.0,24898.0,338,38,181,20276001.0,-42.75239974588678,,,,,,0,2,40,Major,88.3521372475,100.0,2277,2012,1048,928,40,0,0,Potential risk identified: sales declined by 42.8%.,"Review CRM activity, HCP coverage and sales performance."
2019-01-01,TERR_15,6193396.0,12911.0,183,29,123,11607524.0,-46.64326345566893,,,,,,0,2,40,Major,88.32886925527247,100.0,1447,1295,623,545,40,0,0,Potential risk identified: sales declined by 46.6%.,"Review CRM activity, HCP coverage and sales performance."
2019-02-01,TERR_15,12358543.0,25746.0,221,29,140,6193396.0,99.54388513184043,,,,,,0,0,0,Minor,86.02921017800494,100.0,1630,1426,701,604,0,0,0,No significant risk indicators detected.,Continue monitoring.
2019-03-01,TERR_15,19187785.0,46930.0,261,29,161,12358543.0,55.25928096863846,,,,,,0,0,0,Minor,87.50825105804446,100.0,1926,1705,854,748,0,0,0,No significant risk indicators detected.,Continue monitoring.
2019-04-01,TERR_15,24403935.0,41123.0,233,29,146,19187785.0,27.184742793396943,,,,,,0,0,0,Minor,90.81190732770416,100.0,1724,1577,781,709,0,0,0,No significant risk indicators detected.,Continue monitoring.
2019-05-01,TERR_15,13932785.152139999,29608.318117490002,267,29,164,24403935.0,-42.90762882240099,,,,,,0,2,40,Major,84.94446686623156,100.0,1929,1634,904,766,40,0,0,Potential risk identified: sales declined by 42.9%.,"Review CRM activity, HCP coverage and sales performance."
2019-06-01,TERR_15,11695086.0,27472.0,271,29,157,13932785.152139999,-16.060673639227836,,,,,,0,1,20,Minor,90.03316786155368,100.0,1775,1601,832,742,20,0,0,Potential risk identified: sales declined by 16.1%.,Continue monitoring.
2019-07-01,TERR_15,12711386.0,27449.0,271,29,159,11695086.0,8.68997457564656,,,,,,0,0,0,Minor,88.18075974898305,100.0,2175,1923,898,797,0,0,0,No significant risk indicators detected.,Continue monitoring.
2019-08-01,TERR_15,13071050.0,29471.0,253,29,154,12711386.0,2.8294632859076105,,,,,,0,0,0,Minor,90.22170751451651,100.0,1771,1594,784,708,0,0,0,No significant risk indicators detected.,Continue monitoring.
2019-09-01,TERR_15,14797579.0,34376.0,213,29,141,13071050.0,13.208801129213033,,,,,,0,0,0,Minor,88.81410875133153,100.0,1646,1456,782,691,0,0,0,No significant risk indicators detected.,Continue monitoring.
2019-10-01,TERR_15,6702748.0,17677.0,202,29,145,14797579.0,-54.70375255303587,,,,,,0,2,40,Major,88.70834767130347,100.0,1650,1464,660,588,40,0,0,Potential risk identified: sales declined by 54.7%.,"Review CRM activity, HCP coverage and sales performance."
2019-11-01,TERR_15,4796058.0,17012.0,227,29,149,6702748.0,-28.446392434864027,,,,,,0,1,20,Minor,90.6176880897979,100.0,1735,1575,769,698,20,0,0,Potential risk identified: sales declined by 28.4%.,Continue monitoring.
2019-12-01,TERR_15,6942964.244147,22378.11705686,169,29,120,4796058.0,44.76397583488356,,,,,,0,0,0,Minor,89.5658487115892,100.0,1460,1293,638,572,0,0,0,No significant risk indicators detected.,Continue monitoring.
2020-01-01,TERR_15,9609573.0,19354.0,198,29,136,6942964.244147,38.407352567039105,,,,,,0,0,0,Minor,87.04251295709615,100.0,1527,1332,689,603,0,0,0,No significant risk indicators detected.,Continue monitoring.
2020-02-01,TERR_15,8315454.0,25108.0,227,29,148,9609573.0,-13.466977148724506,,,,,,0,0,0,Minor,88.61593994465282,100.0,1656,1462,783,700,0,0,0,No significant risk indicators detected.,Continue monitoring.
2020-03-01,TERR_15,10435288.0,28761.0,217,29,145,8315454.0,25.492703104364477,,,,,,0,0,0,Minor,89.4491834580257,100.0,1755,1571,765,683,0,0,0,No significant risk indicators detected.,Continue monitoring.
2020-04-01,TERR_15,6544624.0,16354.0,164,29,124,10435288.0,-37.28372422495671,,,,,,0,2,40,Major,89.13974468267209,100.0,1403,1252,600,539,40,0,0,Potential risk identified: sales declined by 37.3%.,"Review CRM activity, HCP coverage and sales performance."
2020-05-01,TERR_15,7316113.0,17195.0,194,29,129,6544624.0,11.788133283134371,,,,,,0,0,0,Minor,90.74383669737426,100.0,1529,1382,650,598,0,0,0,No significant risk indicators detected.,Continue monitoring.
2020-06-01,TERR_15,9460131.0,27190.0,256,29,154,7316113.0,29.305424888872,,,,,,0,0,0,Minor,90.21087805752222,100.0,1905,1728,852,773,0,0,0,No significant risk indicators detected.,Continue monitoring.
2020-07-01,TERR_15,15201369.0,35742.0,234,28,150,9460131.0,60.68877904544874,,,,,,0,0,0,Minor,91.83605736993992,100.0,1635,1501,798,727,0,0,0,No significant risk indicators detected.,Continue monitoring.
2020-08-01,TERR_15,7220913.0,21617.0,234,29,157,15201369.0,-52.498271701713186,,,,,,0,2,40,Major,89.98601889007578,100.0,1756,1576,758,682,40,0,0,Potential risk identified: sales declined by 52.5%.,"Review CRM activity, HCP coverage and sales performance."
2020-09-01,TERR_15,11336190.0,28349.0,248,29,153,7220913.0,56.991089630909556,,,,,,0,0,0,Minor,89.33242086228395,100.0,1732,1536,824,732,0,0,0,No significant risk indicators detected.,Continue monitoring.
2020-10-01,TERR_15,9332240.0,21066.0,172,29,125,11336190.0,-17.677456005942034,,,,,,0,1,20,Minor,91.12627658969346,100.0,1498,1355,653,598,20,0,0,Potential risk identified: sales declined by 17.7%.,Continue monitoring.
2020-11-01,TERR_15,15794935.0,36012.0,327,29,179,9332240.0,69.25127300626644,,,,,,0,0,0,Minor,89.05930188278589,100.0,2193,1958,1001,892,0,0,0,No significant risk indicators detected.,Continue monitoring.
2020-12-01,TERR_15,14006323.0,31527.0,244,29,155,15794935.0,-11.323959231234571,,,,,,0,0,0,Minor,89.68462822999139,100.0,1806,1609,749,672,0,0,0,No significant risk indicators detected.,Continue monitoring.
2017-01-01,TERR_16,7600602.0,18567.0,206,29,144,,,TERR_16,1.0,0.0,0.0,1.0,0,0,0,Minor,90.67784310141367,100.0,1639,1478,762,694,0,0,0,No significant risk indicators detected.,Continue monitoring.
2017-02-01,TERR_16,9353960.0,23248.0,220,29,149,7600602.0,23.068672718292575,TERR_16,1.0,0.0,0.0,1.0,0,0,0,Minor,90.14812123530132,100.0,1668,1510,718,643,0,0,0,No significant risk indicators detected.,Continue monitoring.
2017-03-01,TERR_16,9485324.0,26043.0,245,29,161,9353960.0,1.4043677757869395,TERR_16,1.0,0.0,0.0,1.0,0,0,0,Minor,89.00818846911663,100.0,1765,1566,806,731,0,0,0,No significant risk indicators detected.,Continue monitoring.
2017-04-01,TERR_16,12613275.0,26846.0,226,29,141,9485324.0,32.97674386241313,TERR_16,1.0,0.0,0.0,1.0,0,0,0,Minor,88.64269850282798,100.0,1696,1496,768,684,0,0,0,No significant risk indicators detected.,Continue monitoring.
2017-05-01,TERR_16,9180547.0,23800.0,253,29,154,12613275.0,-27.21519985887884,TERR_16,1.0,0.0,0.0,1.0,0,1,20,Minor,89.17316834213979,100.0,1874,1663,842,751,20,0,0,Potential risk identified: sales declined by 27.2%.,Continue monitoring.
2017-06-01,TERR_16,13109068.0,29787.0,267,29,157,9180547.0,42.79179661081197,TERR_16,1.0,0.0,0.0,1.0,0,0,0,Minor,90.70669487148027,100.0,1902,1733,824,748,0,0,0,No significant risk indicators detected.,Continue monitoring.
2017-07-01,TERR_16,11032967.30669,27516.5512759,277,29,165,13109068.0,-15.837134213584061,TERR_16,1.0,0.0,0.0,1.0,0,1,20,Minor,86.86753626912076,100.0,1968,1711,867,755,20,0,0,Potential risk identified: sales declined by 15.8%.,Continue monitoring.
2017-08-01,TERR_16,12058996.0,28319.0,273,29,163,11032967.30669,9.299662228563413,TERR_16,1.0,0.0,0.0,1.0,0,0,0,Minor,90.89725287853659,100.0,1960,1797,907,821,0,0,0,No significant risk indicators detected.,Continue monitoring.
2017-09-01,TERR_16,15223902.0,30753.0,234,29,146,12058996.0,26.245186581038755,TERR_16,1.0,0.0,0.0,1.0,0,0,0,Minor,90.88173048937786,100.0,1720,1563,744,672,0,0,0,No significant risk indicators detected.,Continue monitoring.
2017-10-01,TERR_16,8589153.0,22045.0,250,29,160,15223902.0,-43.581133141818704,TERR_16,1.0,0.0,0.0,1.0,0,2,40,Major,89.00902256132878,100.0,1776,1575,781,704,40,0,0,Potential risk identified: sales declined by 43.6%.,"Review CRM activity, HCP coverage and sales performance."
2017-11-01,TERR_16,10787694.0,24831.0,311,29,178,8589153.0,25.596714833232102,TERR_16,1.0,0.0,0.0,1.0,0,0,0,Minor,87.60463325336254,100.0,2127,1872,951,832,0,0,0,No significant risk indicators detected.,Continue monitoring.
2017-12-01,TERR_16,13245590.0,28617.0,234,29,154,10787694.0,22.7842576921444,TERR_16,1.0,0.0,0.0,1.0,0,0,0,Minor,88.23017124108816,100.0,1837,1626,830,731,0,0,0,No significant risk indicators detected.,Continue monitoring.
2018-01-01,TERR_16,31485492.0,64384.0,339,37,190,13245590.0,137.70547027350236,TERR_16,1.0,0.0,0.0,1.0,0,0,0,Minor,90.75894421474575,100.0,2307,2095,1044,950,0,0,0,No significant risk indicators detected.,Continue monitoring.
2018-02-01,TERR_16,7582045.0,19595.0,332,37,176,31485492.0,-75.91892481781768,TERR_16,1.0,0.0,0.0,1.0,0,2,40,Major,88.8508148108343,100.0,2350,2082,1033,919,40,0,0,Potential risk identified: sales declined by 75.9%.,"Review CRM activity, HCP coverage and sales performance."
2018-03-01,TERR_16,15821619.0,38441.0,433,37,198,7582045.0,108.67218540644376,TERR_16,1.0,0.0,0.0,1.0,0,0,0,Minor,87.42963994933098,100.0,2796,2448,1271,1113,0,0,0,No significant risk indicators detected.,Continue monitoring.
2018-04-01,TERR_16,11946719.0,30514.0,341,37,177,15821619.0,-24.491172489996124,TERR_16,1.0,0.0,0.0,1.0,0,1,20,Minor,87.53887975276724,100.0,2446,2174,1074,930,20,0,0,Potential risk identified: sales declined by 24.5%.,Continue monitoring.
2018-05-01,TERR_16,10269110.0,23729.0,351,37,186,11946719.0,-14.042424535138057,TERR_16,1.0,0.0,0.0,1.0,0,0,0,Minor,88.43305792512692,100.0,2548,2260,1118,984,0,0,0,No significant risk indicators detected.,Continue monitoring.
2018-06-01,TERR_16,13813345.0,32346.0,346,37,176,10269110.0,34.51355570249029,TERR_16,1.0,0.0,0.0,1.0,0,0,0,Minor,91.487506318438,100.0,2508,2285,1186,1084,0,0,0,No significant risk indicators detected.,Continue monitoring.
2018-07-01,TERR_16,17089614.0,41265.0,400,37,199,13813345.0,23.71814357782275,TERR_16,1.0,0.0,0.0,1.0,0,0,0,Minor,90.08812197845502,100.0,2783,2514,1133,1011,0,0,0,No significant risk indicators detected.,Continue monitoring.
2018-08-01,TERR_16,8423391.0,20742.0,387,37,192,17089614.0,-50.71046660269799,TERR_16,1.0,0.0,0.0,1.0,0,2,40,Major,89.01715961932464,100.0,2544,2285,1110,983,40,0,0,Potential risk identified: sales declined by 50.7%.,"Review CRM activity, HCP coverage and sales performance."
2018-09-01,TERR_16,11649072.0,30574.0,312,37,180,8423391.0,38.29432825806139,TERR_16,1.0,0.0,0.0,1.0,0,0,0,Minor,89.36310042346646,100.0,2250,2010,1029,914,0,0,0,No significant risk indicators detected.,Continue monitoring.
2018-10-01,TERR_16,20619244.0,50020.0,479,37,203,11649072.0,77.0033183759187,TERR_16,1.0,0.0,0.0,1.0,0,0,0,Minor,88.71885764666338,100.0,2976,2638,1333,1181,0,0,0,No significant risk indicators detected.,Continue monitoring.
2018-11-01,TERR_16,8019812.0,29579.0,380,37,196,20619244.0,-61.105208318985895,TERR_16,1.0,0.0,0.0,1.0,0,2,40,Major,88.41334641577667,100.0,2547,2240,1146,1017,40,0,0,Potential risk identified: sales declined by 61.1%.,"Review CRM activity, HCP coverage and sales performance."
2018-12-01,TERR_16,6321496.0,15770.0,300,37,179,8019812.0,-21.176506381945114,TERR_16,1.0,0.0,0.0,1.0,0,1,20,Minor,88.58419110806673,100.0,1989,1776,916,806,20,0,0,Potential risk identified: sales declined by 21.2%.,Continue monitoring.
2019-01-01,TERR_16,4205603.0,9995.0,193,29,128,6321496.0,-33.471396644085516,TERR_16,1.0,0.0,0.0,1.0,0,2,40,Major,88.56979799678417,100.0,1514,1344,684,611,40,0,0,Potential risk identified: sales declined by 33.5%.,"Review CRM activity, HCP coverage and sales performance."
2019-02-01,TERR_16,20812215.0,54641.0,222,29,145,4205603.0,394.8687500936251,TERR_16,1.0,0.0,0.0,1.0,0,0,0,Minor,92.11355166677208,100.0,1705,1560,757,694,0,0,0,No significant risk indicators detected.,Continue monitoring.
2019-03-01,TERR_16,26105854.0,53064.0,249,29,159,20812215.0,25.435250404630168,TERR_16,1.0,0.0,0.0,1.0,0,0,0,Minor,87.95431278677921,100.0,1935,1699,878,761,0,0,0,No significant risk indicators detected.,Continue monitoring.
2019-04-01,TERR_16,16078817.0,34308.0,215,29,138,26105854.0,-38.40915144932627,TERR_16,1.0,0.0,0.0,1.0,0,2,40,Major,88.34262853020914,100.0,1700,1500,741,652,40,0,0,Potential risk identified: sales declined by 38.4%.,"Review CRM activity, HCP coverage and sales performance."
2019-05-01,TERR_16,8321940.7652,18909.8299595,250,29,156,16078817.0,-48.24282927531298,TERR_16,1.0,0.0,0.0,1.0,0,2,40,Major,90.35287340239996,100.0,1850,1671,795,713,40,0,0,Potential risk identified: sales declined by 48.2%.,"Review CRM activity, HCP coverage and sales performance."
2019-06-01,TERR_16,11314856.0,29916.0,261,29,155,8321940.7652,35.96414970069871,TERR_16,1.0,0.0,0.0,1.0,0,0,0,Minor,88.31491839379223,100.0,1854,1652,816,716,0,0,0,No significant risk indicators detected.,Continue monitoring.
2019-07-01,TERR_16,8130463.0,21224.0,253,29,152,11314856.0,-28.14346908170992,TERR_16,1.0,0.0,0.0,1.0,0,1,20,Minor,87.9126266170773,100.0,1824,1600,812,719,20,0,0,Potential risk identified: sales declined by 28.1%.,Continue monitoring.
2019-08-01,TERR_16,15547535.0,31292.0,255,29,156,8130463.0,91.22570264448655,TERR_16,1.0,0.0,0.0,1.0,0,0,0,Minor,89.83189054197456,100.0,1935,1727,873,786,0,0,0,No significant risk indicators detected.,Continue monitoring.
2019-09-01,TERR_16,15834964.0,35764.0,216,29,151,15547535.0,1.848711065773449,TERR_16,1.0,0.0,0.0,1.0,0,0,0,Minor,89.68933655505359,100.0,1630,1462,723,646,0,0,0,No significant risk indicators detected.,Continue monitoring.
2019-10-01,TERR_16,10618400.0,38323.0,209,29,147,15834964.0,-32.943327184071904,TERR_16,1.0,0.0,0.0,1.0,0,2,40,Major,88.6360538808806,100.0,1537,1361,679,597,40,0,0,Potential risk identified: sales declined by 32.9%.,"Review CRM activity, HCP coverage and sales performance."
2019-11-01,TERR_16,13386485.0,33545.0,216,29,142,10618400.0,26.0687580049725,TERR_16,1.0,0.0,0.0,1.0,0,0,0,Minor,89.08011946031944,100.0,1616,1442,738,657,0,0,0,No significant risk indicators detected.,Continue monitoring.
2019-12-01,TERR_16,8217792.34694,19577.87755099,189,29,131,13386485.0,-38.61127587309141,TERR_16,1.0,0.0,0.0,1.0,0,2,40,Major,87.14068673381112,100.0,1485,1295,637,557,40,0,0,Potential risk identified: sales declined by 38.6%.,"Review CRM activity, HCP coverage and sales performance."
2020-01-01,TERR_16,7198136.0,27841.0,180,29,124,8217792.34694,-12.407910834102323,TERR_16,1.0,0.0,0.0,1.0,0,0,0,Minor,93.66999053447151,100.0,1400,1302,606,568,0,0,0,No significant risk indicators detected.,Continue monitoring.
2020-02-01,TERR_16,5777010.0,13322.0,220,29,150,7198136.0,-19.742972347285466,TERR_16,1.0,0.0,0.0,1.0,0,1,20,Minor,88.9326347112389,100.0,1676,1482,748,667,20,0,0,Potential risk identified: sales declined by 19.7%.,Continue monitoring.
2020-03-01,TERR_16,9818146.0,25155.0,228,29,155,5777010.0,69.95203401067333,TERR_16,1.0,0.0,0.0,1.0,0,0,0,Minor,87.24547875000206,100.0,1680,1466,748,662,0,0,0,No significant risk indicators detected.,Continue monitoring.
2020-04-01,TERR_16,5085554.0,19963.0,148,29,107,9818146.0,-48.202501775793515,TERR_16,1.0,0.0,0.0,1.0,0,2,40,Major,88.4323306111912,100.0,1241,1105,538,478,40,0,0,Potential risk identified: sales declined by 48.2%.,"Review CRM activity, HCP coverage and sales performance."
2020-05-01,TERR_16,8197787.0,19879.0,206,29,137,5085554.0,61.19752144997379,TERR_16,1.0,0.0,0.0,1.0,0,0,0,Minor,86.64469519134484,100.0,1703,1475,765,663,0,0,0,No significant risk indicators detected.,Continue monitoring.
2020-06-01,TERR_16,16317012.0,40958.0,248,29,147,8197787.0,99.04166819655109,TERR_16,1.0,0.0,0.0,1.0,0,0,0,Minor,89.57330486675708,100.0,1897,1694,845,767,0,0,0,No significant risk indicators detected.,Continue monitoring.
2020-07-01,TERR_16,32164340.0,73075.0,234,29,147,16317012.0,97.12150729557592,TERR_16,1.0,0.0,0.0,1.0,0,0,0,Minor,88.73493670697779,100.0,1784,1608,793,697,0,0,0,No significant risk indicators detected.,Continue monitoring.
2020-08-01,TERR_16,5997391.0,15354.0,213,29,145,32164340.0,-81.35391243843337,TERR_16,1.0,0.0,0.0,1.0,0,2,40,Major,90.3015087199585,100.0,1591,1448,703,634,40,0,0,Potential risk identified: sales declined by 81.4%.,"Review CRM activity, HCP coverage and sales performance."
2020-09-01,TERR_16,12937965.0,33847.0,281,29,174,5997391.0,115.72655509704137,TERR_16,1.0,0.0,0.0,1.0,0,0,0,Minor,89.66592360004655,100.0,1926,1720,868,785,0,0,0,No significant risk indicators detected.,Continue monitoring.
2020-10-01,TERR_16,9895076.0,22567.0,188,29,129,12937965.0,-23.51906965276224,TERR_16,1.0,0.0,0.0,1.0,0,1,20,Minor,90.84442357003803,100.0,1556,1426,672,611,20,0,0,Potential risk identified: sales declined by 23.5%.,Continue monitoring.
2020-11-01,TERR_16,29559897.0,61508.0,298,29,168,9895076.0,198.7334003296185,TERR_16,1.0,0.0,0.0,1.0,0,0,0,Minor,93.79005591467143,100.0,1979,1855,882,827,0,0,0,No significant risk indicators detected.,Continue monitoring.
2020-12-01,TERR_16,13694971.0,36317.0,250,29,156,29559897.0,-53.670437349629466,TERR_16,1.0,0.0,0.0,1.0,0,2,40,Major,87.77348888958508,100.0,1707,1517,752,662,40,0,0,Potential risk identified: sales declined by 53.7%.,"Review CRM activity, HCP coverage and sales performance."
2017-01-01,TERR_17,5730448.0,13026.0,235,30,156,,,TERR_17,2.0,0.0,0.0,2.0,0,0,0,Minor,89.10569381449909,100.0,1747,1563,750,672,0,0,0,No significant risk indicators detected.,Continue monitoring.
2017-02-01,TERR_17,8395260.0,21619.0,250,30,156,5730448.0,46.50268181475515,TERR_17,2.0,0.0,0.0,2.0,0,0,0,Minor,90.79928298025445,100.0,1861,1675,774,709,0,0,0,No significant risk indicators detected.,Continue monitoring.
2017-03-01,TERR_17,13591814.0,37576.0,272,30,163,8395260.0,61.89866662854991,TERR_17,2.0,0.0,0.0,2.0,0,0,0,Minor,90.59608233662513,100.0,1909,1724,874,796,0,0,0,No significant risk indicators detected.,Continue monitoring.
2017-04-01,TERR_17,7489738.0,19969.0,241,30,152,13591814.0,-44.89522884877618,TERR_17,2.0,0.0,0.0,2.0,0,2,40,Major,89.63202346249017,100.0,1811,1612,821,741,40,0,0,Potential risk identified: sales declined by 44.9%.,"Review CRM activity, HCP coverage and sales performance."
2017-05-01,TERR_17,10962770.0,25691.0,276,30,164,7489738.0,46.37054059834937,TERR_17,2.0,0.0,0.0,2.0,0,0,0,Minor,93.01135515765466,100.0,1985,1862,885,818,0,0,0,No significant risk indicators detected.,Continue monitoring.
2017-06-01,TERR_17,13799752.0,36032.0,307,30,166,10962770.0,25.878331844962542,TERR_17,2.0,0.0,0.0,2.0,0,0,0,Minor,89.77591916815854,100.0,2134,1932,930,844,0,0,0,No significant risk indicators detected.,Continue monitoring.
2017-07-01,TERR_17,9212413.0,19242.0,277,30,169,13799752.0,-33.2421843522985,TERR_17,2.0,0.0,0.0,2.0,0,2,40,Major,90.48449913372289,100.0,2074,1879,952,860,40,0,0,Potential risk identified: sales declined by 33.2%.,"Review CRM activity, HCP coverage and sales performance."
2017-08-01,TERR_17,8336636.0,22221.0,257,30,157,9212413.0,-9.506488690856566,TERR_17,2.0,0.0,0.0,2.0,0,0,0,Minor,91.2245547827226,100.0,1835,1672,867,790,0,0,0,No significant risk indicators detected.,Continue monitoring.
2017-09-01,TERR_17,15880037.0,34469.0,255,30,158,8336636.0,90.484951004218,TERR_17,2.0,0.0,0.0,2.0,0,0,0,Minor,91.0139738055547,100.0,1873,1715,831,755,0,0,0,No significant risk indicators detected.,Continue monitoring.
2017-10-01,TERR_17,15697650.0,36084.0,277,30,157,15880037.0,-1.1485300695458076,TERR_17,2.0,0.0,0.0,2.0,0,0,0,Minor,90.23941193807958,100.0,2157,1934,907,827,0,0,0,No significant risk indicators detected.,Continue monitoring.
2017-11-01,TERR_17,26766845.0,51428.0,278,30,165,15697650.0,70.51498154182315,TERR_17,2.0,0.0,0.0,2.0,0,0,0,Minor,90.09867358327837,100.0,1989,1796,906,815,0,0,0,No significant risk indicators detected.,Continue monitoring.
2017-12-01,TERR_17,8251098.0,19566.0,225,30,146,26766845.0,-69.17418545218908,TERR_17,2.0,0.0,0.0,2.0,0,2,40,Major,85.29536162831192,100.0,1730,1466,799,689,40,0,0,Potential risk identified: sales declined by 69.2%.,"Review CRM activity, HCP coverage and sales performance."
2018-01-01,TERR_17,14145277.0,31191.0,319,37,168,8251098.0,71.43508657878019,TERR_17,2.0,0.0,0.0,2.0,0,0,0,Minor,90.92535390736506,100.0,2321,2092,1045,950,0,0,0,No significant risk indicators detected.,Continue monitoring.
2018-02-01,TERR_17,12887404.0,29812.0,359,37,183,14145277.0,-8.89252999428714,TERR_17,2.0,0.0,0.0,2.0,0,0,0,Minor,89.64744812171497,100.0,2478,2234,1104,987,0,0,0,No significant risk indicators detected.,Continue monitoring.
2018-03-01,TERR_17,15848426.0,45956.0,394,37,191,12887404.0,22.976093556157625,TERR_17,2.0,0.0,0.0,2.0,0,0,0,Minor,89.1662150166566,100.0,2721,2439,1215,1078,0,0,0,No significant risk indicators detected.,Continue monitoring.
2018-04-01,TERR_17,11638228.0,26828.0,337,37,180,15848426.0,-26.565401510534866,TERR_17,2.0,0.0,0.0,2.0,0,1,20,Minor,90.52618983901908,100.0,2360,2132,1066,967,20,0,0,Potential risk identified: sales declined by 26.6%.,Continue monitoring.
2018-05-01,TERR_17,10186113.0,26165.0,353,37,179,11638228.0,-12.47711421360709,TERR_17,2.0,0.0,0.0,2.0,0,0,0,Minor,88.80263182341436,100.0,2489,2206,1121,1001,0,0,0,No significant risk indicators detected.,Continue monitoring.
2018-06-01,TERR_17,18684901.0,67210.0,357,37,185,10186113.0,83.43504534065154,TERR_17,2.0,0.0,0.0,2.0,0,0,0,Minor,90.2144134002861,100.0,2628,2387,1110,992,0,0,0,No significant risk indicators detected.,Continue monitoring.
2018-07-01,TERR_17,18451938.0,52434.0,409,37,196,18684901.0,-1.2467981500142815,TERR_17,2.0,0.0,0.0,2.0,0,0,0,Minor,88.72944995554703,100.0,2832,2500,1261,1120,0,0,0,No significant risk indicators detected.,Continue monitoring.
2018-08-01,TERR_17,18221450.0,37388.0,355,37,182,18451938.0,-1.2491262435414643,TERR_17,2.0,0.0,0.0,2.0,0,0,0,Minor,90.55149139405754,100.0,2315,2108,1050,948,0,0,0,No significant risk indicators detected.,Continue monitoring.
2018-09-01,TERR_17,15633156.0,35953.0,350,37,184,18221450.0,-14.204654404561657,TERR_17,2.0,0.0,0.0,2.0,0,0,0,Minor,89.73654188620584,100.0,2404,2165,1084,965,0,0,0,No significant risk indicators detected.,Continue monitoring.
2018-10-01,TERR_17,14683004.0,34370.0,489,37,207,15633156.0,-6.077800285495775,TERR_17,2.0,0.0,0.0,2.0,0,0,0,Minor,90.61323348972641,100.0,3046,2752,1372,1245,0,0,0,No significant risk indicators detected.,Continue monitoring.
2018-11-01,TERR_17,7106746.0,19951.0,381,37,196,14683004.0,-51.598828141707244,TERR_17,2.0,0.0,0.0,2.0,0,2,40,Major,87.16494501459614,100.0,2575,2237,1161,1012,40,0,0,Potential risk identified: sales declined by 51.6%.,"Review CRM activity, HCP coverage and sales performance."
2018-12-01,TERR_17,10945163.0,23042.0,296,37,175,7106746.0,54.010893311791364,TERR_17,2.0,0.0,0.0,2.0,0,0,0,Minor,90.13316049503464,100.0,2151,1941,979,878,0,0,0,No significant risk indicators detected.,Continue monitoring.
2019-01-01,TERR_17,5313949.0,13553.0,202,30,130,10945163.0,-51.449338854067314,TERR_17,2.0,0.0,0.0,2.0,0,2,40,Major,90.42374509061597,100.0,1574,1413,718,651,40,0,0,Potential risk identified: sales declined by 51.4%.,"Review CRM activity, HCP coverage and sales performance."
2019-02-01,TERR_17,9769738.0,22254.0,249,30,141,5313949.0,83.85080474050466,TERR_17,2.0,0.0,0.0,2.0,0,0,0,Minor,88.26153552692045,100.0,1932,1711,810,706,0,0,0,No significant risk indicators detected.,Continue monitoring.
2019-03-01,TERR_17,11291169.0,26896.0,309,30,166,9769738.0,15.572894585300034,TERR_17,2.0,0.0,0.0,2.0,0,0,0,Minor,87.85642651560167,100.0,2257,1991,939,820,0,0,0,No significant risk indicators detected.,Continue monitoring.
2019-04-01,TERR_17,9541720.0,24509.0,247,30,145,11291169.0,-15.493958154377108,TERR_17,2.0,0.0,0.0,2.0,0,1,20,Minor,87.27587031374206,100.0,1733,1513,796,700,20,0,0,Potential risk identified: sales declined by 15.5%.,Continue monitoring.
2019-05-01,TERR_17,7805961.0,21546.0,265,30,157,9541720.0,-18.191259018290204,TERR_17,2.0,0.0,0.0,2.0,0,1,20,Minor,89.55697518347019,100.0,1919,1717,869,782,20,0,0,Potential risk identified: sales declined by 18.2%.,Continue monitoring.
2019-06-01,TERR_17,7582974.0,20188.0,243,30,150,7805961.0,-2.856624571913695,TERR_17,2.0,0.0,0.0,2.0,0,0,0,Minor,89.51909968012754,100.0,1861,1665,776,697,0,0,0,No significant risk indicators detected.,Continue monitoring.
2019-07-01,TERR_17,9606726.0,21908.0,249,30,155,7582974.0,26.68810416599081,TERR_17,2.0,0.0,0.0,2.0,0,0,0,Minor,89.9595755491167,100.0,2032,1827,889,806,0,0,0,No significant risk indicators detected.,Continue monitoring.
2019-08-01,TERR_17,98833500.0,230859.0,270,30,164,9606726.0,928.7948256252962,TERR_17,2.0,0.0,0.0,2.0,0,0,0,Minor,88.13254004935591,100.0,1965,1734,847,735,0,0,0,No significant risk indicators detected.,Continue monitoring.
2019-09-01,TERR_17,9088230.0,30803.0,226,30,139,98833500.0,-90.80450454552353,TERR_17,2.0,0.0,0.0,2.0,0,2,40,Major,91.58202248649633,100.0,1706,1562,751,691,40,0,0,Potential risk identified: sales declined by 90.8%.,"Review CRM activity, HCP coverage and sales performance."
2019-10-01,TERR_17,9855082.0,22387.0,214,30,149,9088230.0,8.437858636940307,TERR_17,2.0,0.0,0.0,2.0,0,0,0,Minor,87.62795688677994,100.0,1555,1361,718,628,0,0,0,No significant risk indicators detected.,Continue monitoring.
2019-11-01,TERR_17,21919180.0,52684.0,221,30,142,9855082.0,122.414993604315,TERR_17,2.0,0.0,0.0,2.0,0,0,0,Minor,89.18592938845637,100.0,1693,1515,808,723,0,0,0,No significant risk indicators detected.,Continue monitoring.
2019-12-01,TERR_17,23762492.0,42146.0,157,30,112,21919180.0,8.409584665119771,TERR_17,2.0,0.0,0.0,2.0,0,0,0,Minor,91.29129560787568,100.0,1400,1267,551,501,0,0,0,No significant risk indicators detected.,Continue monitoring.
2020-01-01,TERR_17,9183755.0,25300.0,201,30,135,23762492.0,-61.3518859890621,TERR_17,2.0,0.0,0.0,2.0,0,2,40,Major,88.56322998577436,100.0,1537,1377,696,616,40,0,0,Potential risk identified: sales declined by 61.4%.,"Review CRM activity, HCP coverage and sales performance."
2020-02-01,TERR_17,10131896.0,21057.0,232,30,149,9183755.0,10.324110344842605,TERR_17,2.0,0.0,0.0,2.0,0,0,0,Minor,87.02907101989366,100.0,1751,1531,841,727,0,0,0,No significant risk indicators detected.,Continue monitoring.
2020-03-01,TERR_17,8097150.0,20373.0,246,30,158,10131896.0,-20.082578818416614,TERR_17,2.0,0.0,0.0,2.0,0,1,20,Minor,87.40654402459357,100.0,1895,1670,911,787,20,0,0,Potential risk identified: sales declined by 20.1%.,Continue monitoring.
2020-04-01,TERR_17,9084279.0,21702.0,169,30,117,8097150.0,12.191067227357774,TERR_17,2.0,0.0,0.0,2.0,0,0,0,Minor,84.3478399996741,100.0,1423,1200,689,585,0,0,0,No significant risk indicators detected.,Continue monitoring.
2020-05-01,TERR_17,14090588.0,30290.0,209,30,139,9084279.0,55.10959097579455,TERR_17,2.0,0.0,0.0,2.0,0,0,0,Minor,87.76249406393693,100.0,1700,1487,738,654,0,0,0,No significant risk indicators detected.,Continue monitoring.
2020-06-01,TERR_17,10706337.0,29064.0,241,30,151,14090588.0,-24.017812457507095,TERR_17,2.0,0.0,0.0,2.0,0,1,20,Minor,89.8568046147548,100.0,1893,1678,782,706,20,0,0,Potential risk identified: sales declined by 24.0%.,Continue monitoring.
2020-07-01,TERR_17,35198241.0,64317.0,243,30,146,10706337.0,228.76081707497158,TERR_17,2.0,0.0,0.0,2.0,0,0,0,Minor,89.70247172631804,100.0,1823,1636,811,728,0,0,0,No significant risk indicators detected.,Continue monitoring.
2020-08-01,TERR_17,7976960.0,24377.0,244,30,156,35198241.0,-77.33704931448136,TERR_17,2.0,0.0,0.0,2.0,0,2,40,Major,86.88730361210443,100.0,1799,1583,790,690,40,0,0,Potential risk identified: sales declined by 77.3%.,"Review CRM activity, HCP coverage and sales performance."
2020-09-01,TERR_17,11844149.0,25551.0,290,30,168,7976960.0,48.47948341222722,TERR_17,2.0,0.0,0.0,2.0,0,0,0,Minor,89.89168519421219,100.0,2096,1880,968,867,0,0,0,No significant risk indicators detected.,Continue monitoring.
2020-10-01,TERR_17,6119210.0,18259.0,198,30,143,11844149.0,-48.3355874702353,TERR_17,2.0,0.0,0.0,2.0,0,2,40,Major,87.00823482770733,100.0,1493,1295,715,621,40,0,0,Potential risk identified: sales declined by 48.3%.,"Review CRM activity, HCP coverage and sales performance."
2020-11-01,TERR_17,13773419.0,32203.0,333,30,187,6119210.0,125.08492109275544,TERR_17,2.0,0.0,0.0,2.0,0,0,0,Minor,89.08184516264114,100.0,2197,1954,983,878,0,0,0,No significant risk indicators detected.,Continue monitoring.
2020-12-01,TERR_17,14385645.0,30605.0,257,30,161,13773419.0,4.444982033872636,TERR_17,2.0,0.0,0.0,2.0,0,0,0,Minor,86.63187021298134,100.0,1909,1676,836,719,0,0,0,No significant risk indicators detected.,Continue monitoring.
2017-01-01,TERR_18,6687651.0,14339.0,185,26,118,,,,,,,,0,0,0,Minor,89.34353713230627,100.0,1404,1253,620,554,0,0,0,No significant risk indicators detected.,Continue monitoring.
2017-02-01,TERR_18,9174055.0,27579.0,225,26,145,6687651.0,37.179033415469796,,,,,,0,0,0,Minor,85.43515777443505,100.0,1590,1355,714,603,0,0,0,No significant risk indicators detected.,Continue monitoring.
2017-03-01,TERR_18,7158177.0,21075.0,231,26,157,9174055.0,-21.973685573064476,,,,,,0,1,20,Minor,89.8431130496583,100.0,1768,1583,807,726,20,0,0,Potential risk identified: sales declined by 22.0%.,Continue monitoring.
2017-04-01,TERR_18,9143645.0,17030.0,185,26,130,7158177.0,27.737062103940712,,,,,,0,0,0,Minor,88.19829957842374,100.0,1487,1318,649,573,0,0,0,No significant risk indicators detected.,Continue monitoring.
2017-05-01,TERR_18,9249914.0,33076.0,240,26,150,9143645.0,1.1622170370787581,,,,,,0,0,0,Minor,88.66963821082412,100.0,1763,1566,744,655,0,0,0,No significant risk indicators detected.,Continue monitoring.
2017-06-01,TERR_18,10572034.0,26862.0,263,26,155,9249914.0,14.293322078453919,,,,,,0,0,0,Minor,91.40278768580181,100.0,1875,1709,811,741,0,0,0,No significant risk indicators detected.,Continue monitoring.
2017-07-01,TERR_18,14874574.0,33191.0,249,26,156,10572034.0,40.69737195321165,,,,,,0,0,0,Minor,88.76479531576314,100.0,1809,1608,815,717,0,0,0,No significant risk indicators detected.,Continue monitoring.
2017-08-01,TERR_18,9052320.0,28185.0,248,26,159,14874574.0,-39.14232434488544,,,,,,0,2,40,Major,89.79848901580135,100.0,1804,1619,777,695,40,0,0,Potential risk identified: sales declined by 39.1%.,"Review CRM activity, HCP coverage and sales performance."
2017-09-01,TERR_18,15465149.0,33106.0,243,26,154,9052320.0,70.8418283931633,,,,,,0,0,0,Minor,90.70853977760589,100.0,1689,1531,770,696,0,0,0,No significant risk indicators detected.,Continue monitoring.
2017-10-01,TERR_18,12852849.0,34110.0,222,26,144,15465149.0,-16.891528170856937,,,,,,0,1,20,Minor,88.13645125626067,100.0,1723,1515,742,651,20,0,0,Potential risk identified: sales declined by 16.9%.,Continue monitoring.
2017-11-01,TERR_18,9866533.0,33115.0,263,26,159,12852849.0,-23.23466182478297,,,,,,0,1,20,Minor,89.52711930879585,100.0,1823,1635,843,748,20,0,0,Potential risk identified: sales declined by 23.2%.,Continue monitoring.
2017-12-01,TERR_18,5875425.0,14573.0,190,26,137,9866533.0,-40.45096692019375,,,,,,0,2,40,Major,88.35606821838513,100.0,1490,1326,673,591,40,0,0,Potential risk identified: sales declined by 40.5%.,"Review CRM activity, HCP coverage and sales performance."
2018-01-01,TERR_18,12227663.0,25372.0,404,38,197,5875425.0,108.11537888748472,,,,,,0,0,0,Minor,90.73790643630409,100.0,2491,2258,1177,1069,0,0,0,No significant risk indicators detected.,Continue monitoring.
2018-02-01,TERR_18,16765990.0,33583.0,396,38,195,12227663.0,37.115244343911016,,,,,,0,0,0,Minor,88.12328844791038,100.0,2685,2361,1202,1060,0,0,0,No significant risk indicators detected.,Continue monitoring.
2018-03-01,TERR_18,12456268.0,30122.0,481,38,208,16765990.0,-25.705144760315378,,,,,,0,1,20,Minor,89.2940519841077,100.0,2850,2548,1296,1158,20,0,0,Potential risk identified: sales declined by 25.7%.,Continue monitoring.
2018-04-01,TERR_18,11473080.0,29771.0,331,38,180,12456268.0,-7.893118548830196,,,,,,0,0,0,Minor,90.24808339275317,100.0,2421,2176,1057,953,0,0,0,No significant risk indicators detected.,Continue monitoring.
2018-05-01,TERR_18,14069081.0,32734.0,406,38,201,11473080.0,22.62688833338563,,,,,,0,0,0,Minor,89.12691186899555,100.0,2754,2452,1253,1119,0,0,0,No significant risk indicators detected.,Continue monitoring.
2018-06-01,TERR_18,14993799.0,41191.0,392,38,191,14069081.0,6.572696539311986,,,,,,0,0,0,Minor,89.04414201778337,100.0,2811,2503,1208,1071,0,0,0,No significant risk indicators detected.,Continue monitoring.
2018-07-01,TERR_18,11268867.0,35721.0,410,38,199,14993799.0,-24.84315015827543,,,,,,0,1,20,Minor,88.12826753601499,100.0,2768,2428,1260,1113,20,0,0,Potential risk identified: sales declined by 24.8%.,Continue monitoring.
2018-08-01,TERR_18,15467145.0,41656.0,407,38,186,11268867.0,37.25554663126293,,,,,,0,0,0,Minor,90.70502332399838,100.0,2371,2148,1118,1013,0,0,0,No significant risk indicators detected.,Continue monitoring.
2018-09-01,TERR_18,9592898.0,24009.0,381,38,194,15467145.0,-37.97887069656359,,,,,,0,2,40,Major,90.06989934236056,100.0,2448,2198,1092,986,40,0,0,Potential risk identified: sales declined by 38.0%.,"Review CRM activity, HCP coverage and sales performance."
2018-10-01,TERR_18,20803682.0,48036.0,523,38,212,9592898.0,116.86545609053698,,,,,,0,0,0,Minor,89.0903114746277,100.0,3025,2701,1337,1190,0,0,0,No significant risk indicators detected.,Continue monitoring.
2018-11-01,TERR_18,17680805.0,41913.0,476,38,206,20803682.0,-15.011174464212635,,,,,,0,1,20,Minor,88.44407544814796,100.0,2883,2561,1209,1063,20,0,0,Potential risk identified: sales declined by 15.0%.,Continue monitoring.
2018-12-01,TERR_18,8686066.0,24943.0,339,38,187,17680805.0,-50.87290425973252,,,,,,0,2,40,Major,89.17454852810752,100.0,2278,2024,1024,912,40,0,0,Potential risk identified: sales declined by 50.9%.,"Review CRM activity, HCP coverage and sales performance."
2019-01-01,TERR_18,5848566.0,12450.0,172,26,128,8686066.0,-32.66726271709195,,,,,,0,2,40,Major,87.27478975616994,100.0,1273,1116,610,530,40,0,0,Potential risk identified: sales declined by 32.7%.,"Review CRM activity, HCP coverage and sales performance."
2019-02-01,TERR_18,17439744.0,38630.0,186,26,140,5848566.0,198.1883764327871,,,,,,0,0,0,Minor,89.37279477079306,100.0,1446,1304,624,552,0,0,0,No significant risk indicators detected.,Continue monitoring.
2019-03-01,TERR_18,7183458.0,16083.0,218,26,150,17439744.0,-58.809842621543076,,,,,,0,2,40,Major,88.36439890824865,100.0,1660,1478,703,615,40,0,0,Potential risk identified: sales declined by 58.8%.,"Review CRM activity, HCP coverage and sales performance."
2019-04-01,TERR_18,4755796.0,17477.0,198,26,131,7183458.0,-33.795172185874826,,,,,,0,2,40,Major,87.96561535437134,100.0,1472,1288,660,589,40,0,0,Potential risk identified: sales declined by 33.8%.,"Review CRM activity, HCP coverage and sales performance."
2019-05-01,TERR_18,10198240.0,25774.0,232,26,144,4755796.0,114.43812981044603,,,,,,0,0,0,Minor,91.52612397847435,100.0,1744,1593,792,722,0,0,0,No significant risk indicators detected.,Continue monitoring.
2019-06-01,TERR_18,11027794.0,32662.0,212,26,141,10198240.0,8.134285916001192,,,,,,0,0,0,Minor,88.49440840413021,100.0,1456,1286,655,575,0,0,0,No significant risk indicators detected.,Continue monitoring.
2019-07-01,TERR_18,8583012.0,22247.0,229,26,148,11027794.0,-22.16927519683447,,,,,,0,1,20,Minor,93.00008895133095,100.0,1706,1588,741,694,20,0,0,Potential risk identified: sales declined by 22.2%.,Continue monitoring.
2019-08-01,TERR_18,40166765.0,110817.0,200,26,128,8583012.0,367.97983039054355,,,,,,0,0,0,Minor,88.49838388662069,100.0,1428,1256,681,610,0,0,0,No significant risk indicators detected.,Continue monitoring.
2019-09-01,TERR_18,11233185.0,25173.0,196,26,134,40166765.0,-72.03363278073303,,,,,,0,2,40,Major,88.40959861931616,100.0,1547,1380,707,627,40,0,0,Potential risk identified: sales declined by 72.0%.,"Review CRM activity, HCP coverage and sales performance."
2019-10-01,TERR_18,10871663.0,26499.0,190,26,123,11233185.0,-3.218339233262872,,,,,,0,0,0,Minor,87.88242211131407,100.0,1466,1278,655,574,0,0,0,No significant risk indicators detected.,Continue monitoring.
2019-11-01,TERR_18,8098650.0,18415.0,178,26,126,10871663.0,-25.506796890227374,,,,,,0,1,20,Minor,90.21249423678805,100.0,1359,1231,609,553,20,0,0,Potential risk identified: sales declined by 25.5%.,Continue monitoring.
2019-12-01,TERR_18,12733698.0,24939.0,139,26,97,8098650.0,57.23235354040488,,,,,,0,0,0,Minor,89.18768173647047,100.0,1083,972,514,461,0,0,0,No significant risk indicators detected.,Continue monitoring.
2020-01-01,TERR_18,10994570.0,26278.0,165,25,119,12733698.0,-13.657682159573756,,,,,,0,0,0,Minor,91.44125375383172,100.0,1358,1234,605,553,0,0,0,No significant risk indicators detected.,Continue monitoring.
2020-02-01,TERR_18,5504258.0,14790.0,201,26,127,10994570.0,-49.936577783396714,,,,,,0,2,40,Major,88.48240233827181,100.0,1503,1341,659,580,40,0,0,Potential risk identified: sales declined by 49.9%.,"Review CRM activity, HCP coverage and sales performance."
2020-03-01,TERR_18,8690947.0,24316.0,205,26,137,5504258.0,57.894978760079916,,,,,,0,0,0,Minor,91.94916969831402,100.0,1632,1504,657,606,0,0,0,No significant risk indicators detected.,Continue monitoring.
2020-04-01,TERR_18,5514356.0,17249.0,160,26,119,8690947.0,-36.55057383274803,,,,,,0,2,40,Major,91.44336697267275,100.0,1259,1156,598,548,40,0,0,Potential risk identified: sales declined by 36.6%.,"Review CRM activity, HCP coverage and sales performance."
2020-05-01,TERR_18,10353026.0,24675.0,194,26,140,5514356.0,87.74678312390422,,,,,,0,0,0,Minor,89.15201490463859,100.0,1462,1303,655,581,0,0,0,No significant risk indicators detected.,Continue monitoring.
2020-06-01,TERR_18,11130618.0,26224.0,228,26,150,10353026.0,7.5107702810753105,,,,,,0,0,0,Minor,89.10345395212977,100.0,1767,1565,791,706,0,0,0,No significant risk indicators detected.,Continue monitoring.
2020-07-01,TERR_18,9632875.0,22634.0,232,26,153,11130618.0,-13.456063266208579,,,,,,0,0,0,Minor,87.91179131562502,100.0,1604,1420,698,610,0,0,0,No significant risk indicators detected.,Continue monitoring.
2020-08-01,TERR_18,15562320.0,43192.0,217,26,145,9632875.0,61.55426079960552,,,,,,0,0,0,Minor,89.06336299221934,100.0,1660,1475,738,661,0,0,0,No significant risk indicators detected.,Continue monitoring.
2020-09-01,TERR_18,6271118.0,20634.0,238,26,145,15562320.0,-59.70319335420425,,,,,,0,2,40,Major,90.0723072397835,100.0,1853,1663,803,732,40,0,0,Potential risk identified: sales declined by 59.7%.,"Review CRM activity, HCP coverage and sales performance."
2020-10-01,TERR_18,5930859.0,20989.0,158,26,113,6271118.0,-5.425810836281505,,,,,,0,0,0,Minor,89.63429908529595,100.0,1177,1059,528,481,0,0,0,No significant risk indicators detected.,Continue monitoring.
2020-11-01,TERR_18,27474807.0,111756.0,266,26,156,5930859.0,363.25173132593443,,,,,,0,0,0,Minor,87.8253009208126,100.0,1928,1692,840,739,0,0,0,No significant risk indicators detected.,Continue monitoring.
2020-12-01,TERR_18,13741271.0,30561.0,232,26,159,27474807.0,-49.98592346799743,,,,,,0,2,40,Major,89.58247381123098,100.0,1664,1494,738,659,40,0,0,Potential risk identified: sales declined by 50.0%.,"Review CRM activity, HCP coverage and sales performance."
2017-01-01,TERR_19,10164045.0,23248.0,201,28,133,,,TERR_19,1.0,0.0,0.0,1.0,0,0,0,Minor,90.79534172844465,100.0,1577,1439,733,668,0,0,0,No significant risk indicators detected.,Continue monitoring.
2017-02-01,TERR_19,16723261.0,42351.0,234,28,149,10164045.0,64.53351987323944,TERR_19,1.0,0.0,0.0,1.0,0,0,0,Minor,88.5117812269704,100.0,1702,1513,776,680,0,0,0,No significant risk indicators detected.,Continue monitoring.
2017-03-01,TERR_19,7067263.0,18499.0,232,28,151,16723261.0,-57.73992285356307,TERR_19,1.0,0.0,0.0,1.0,0,2,40,Major,87.59790973192676,100.0,1685,1487,792,688,40,0,0,Potential risk identified: sales declined by 57.7%.,"Review CRM activity, HCP coverage and sales performance."
2017-04-01,TERR_19,5719038.0,15410.0,195,28,134,7067263.0,-19.077045809672004,TERR_19,1.0,0.0,0.0,1.0,0,1,20,Minor,87.08500713097669,100.0,1491,1284,690,605,20,0,0,Potential risk identified: sales declined by 19.1%.,Continue monitoring.
2017-05-01,TERR_19,24495081.0,64007.0,260,28,158,5719038.0,328.3077153884972,TERR_19,1.0,0.0,0.0,1.0,0,0,0,Minor,89.13049232175165,100.0,1855,1652,827,738,0,0,0,No significant risk indicators detected.,Continue monitoring.
2017-06-01,TERR_19,10595257.0,28893.0,225,28,130,24495081.0,-56.74536859053456,TERR_19,1.0,0.0,0.0,1.0,0,2,40,Major,90.74056199081078,100.0,1601,1451,750,678,40,0,0,Potential risk identified: sales declined by 56.7%.,"Review CRM activity, HCP coverage and sales performance."
2017-07-01,TERR_19,9209295.0,26624.0,275,28,168,10595257.0,-13.080966322949978,TERR_19,1.0,0.0,0.0,1.0,0,0,0,Minor,88.58859859421342,100.0,1945,1712,866,769,0,0,0,No significant risk indicators detected.,Continue monitoring.
2017-08-01,TERR_19,19524280.0,43677.0,268,28,167,9209295.0,112.00623934839746,TERR_19,1.0,0.0,0.0,1.0,0,0,0,Minor,89.7517805562399,100.0,1822,1625,889,798,0,0,0,No significant risk indicators detected.,Continue monitoring.
2017-09-01,TERR_19,9058121.0,25951.0,236,28,145,19524280.0,-53.60586408308015,TERR_19,1.0,0.0,0.0,1.0,0,2,40,Major,88.33416068546786,100.0,1789,1581,790,695,40,0,0,Potential risk identified: sales declined by 53.6%.,"Review CRM activity, HCP coverage and sales performance."
2017-10-01,TERR_19,10554737.0,25190.0,229,28,152,9058121.0,16.52236705603734,TERR_19,1.0,0.0,0.0,1.0,0,0,0,Minor,91.01788381066119,100.0,1773,1611,794,724,0,0,0,No significant risk indicators detected.,Continue monitoring.
2017-11-01,TERR_19,23183003.0,42992.0,276,28,162,10554737.0,119.64548240283013,TERR_19,1.0,0.0,0.0,1.0,0,0,0,Minor,90.97046897368315,100.0,2034,1843,876,798,0,0,0,No significant risk indicators detected.,Continue monitoring.
2017-12-01,TERR_19,17115491.0,48635.0,176,28,122,23183003.0,-26.172243518236183,TERR_19,1.0,0.0,0.0,1.0,0,1,20,Minor,86.08765101249992,100.0,1444,1247,667,571,20,0,0,Potential risk identified: sales declined by 26.2%.,Continue monitoring.
2018-01-01,TERR_19,11975169.0,28133.0,373,37,190,17115491.0,-30.03315534447712,TERR_19,1.0,0.0,0.0,1.0,0,2,40,Major,91.12389130370018,100.0,2457,2248,1130,1026,40,0,0,Potential risk identified: sales declined by 30.0%.,"Review CRM activity, HCP coverage and sales performance."
2018-02-01,TERR_19,14856369.0,35154.0,415,37,203,11975169.0,24.059785711583697,TERR_19,1.0,0.0,0.0,1.0,0,0,0,Minor,88.97999072780004,100.0,2565,2276,1133,1013,0,0,0,No significant risk indicators detected.,Continue monitoring.
2018-03-01,TERR_19,16053088.0,34885.0,415,37,192,14856369.0,8.055258993634313,TERR_19,1.0,0.0,0.0,1.0,0,0,0,Minor,87.67039351618837,100.0,2816,2479,1246,1089,0,0,0,No significant risk indicators detected.,Continue monitoring.
2018-04-01,TERR_19,7861850.0,22896.0,335,37,180,16053088.0,-51.0259334528036,TERR_19,1.0,0.0,0.0,1.0,0,2,40,Major,89.30787174734668,100.0,2337,2076,1092,984,40,0,0,Potential risk identified: sales declined by 51.0%.,"Review CRM activity, HCP coverage and sales performance."
2018-05-01,TERR_19,7650226.0,27326.0,366,37,189,7861850.0,-2.6917837404682103,TERR_19,1.0,0.0,0.0,1.0,0,0,0,Minor,89.65438250565778,100.0,2614,2345,1144,1022,0,0,0,No significant risk indicators detected.,Continue monitoring.
2018-06-01,TERR_19,17219219.0,48976.0,383,37,186,7650226.0,125.08118060825915,TERR_19,1.0,0.0,0.0,1.0,0,0,0,Minor,89.35303278649384,100.0,2767,2493,1208,1078,0,0,0,No significant risk indicators detected.,Continue monitoring.
2018-07-01,TERR_19,10734556.0,28668.0,384,37,190,17219219.0,-37.65944901449944,TERR_19,1.0,0.0,0.0,1.0,0,2,40,Major,89.41178045855737,100.0,2539,2269,1205,1077,40,0,0,Potential risk identified: sales declined by 37.7%.,"Review CRM activity, HCP coverage and sales performance."
2018-08-01,TERR_19,11106113.0,29080.0,393,37,188,10734556.0,3.461316890982729,TERR_19,1.0,0.0,0.0,1.0,0,0,0,Minor,90.142068974343,100.0,2588,2345,1178,1058,0,0,0,No significant risk indicators detected.,Continue monitoring.
2018-09-01,TERR_19,30042852.0,62036.0,360,37,194,11106113.0,170.50735032139508,TERR_19,1.0,0.0,0.0,1.0,0,0,0,Minor,92.61938025349785,100.0,2452,2275,1069,992,0,0,0,No significant risk indicators detected.,Continue monitoring.
2018-10-01,TERR_19,16525664.0,41819.0,484,37,205,30042852.0,-44.993025296000525,TERR_19,1.0,0.0,0.0,1.0,0,2,40,Major,90.12808349432706,100.0,3105,2770,1380,1246,40,0,0,Potential risk identified: sales declined by 45.0%.,"Review CRM activity, HCP coverage and sales performance."
2018-11-01,TERR_19,12557224.0,32261.0,397,37,194,16525664.0,-24.013800595243858,TERR_19,1.0,0.0,0.0,1.0,0,1,20,Minor,91.41346360983412,100.0,2658,2420,1184,1086,20,0,0,Potential risk identified: sales declined by 24.0%.,Continue monitoring.
2018-12-01,TERR_19,5732306.0,14270.0,303,37,180,12557224.0,-54.3505316143122,TERR_19,1.0,0.0,0.0,1.0,0,2,40,Major,92.04866107283176,100.0,2181,1996,969,896,40,0,0,Potential risk identified: sales declined by 54.4%.,"Review CRM activity, HCP coverage and sales performance."
2019-01-01,TERR_19,3907728.0,11613.0,170,28,125,5732306.0,-31.829738328693548,TERR_19,1.0,0.0,0.0,1.0,0,2,40,Major,89.18135862687889,100.0,1402,1254,596,535,40,0,0,Potential risk identified: sales declined by 31.8%.,"Review CRM activity, HCP coverage and sales performance."
2019-02-01,TERR_19,11494144.0,31642.0,243,28,161,3907728.0,194.138793692908,TERR_19,1.0,0.0,0.0,1.0,0,0,0,Minor,86.44922618928436,100.0,1742,1506,815,704,0,0,0,No significant risk indicators detected.,Continue monitoring.
2019-03-01,TERR_19,9408327.0,24464.0,249,28,159,11494144.0,-18.146779786298136,TERR_19,1.0,0.0,0.0,1.0,0,1,20,Minor,90.68722911175135,100.0,1736,1570,786,707,20,0,0,Potential risk identified: sales declined by 18.1%.,Continue monitoring.
2019-04-01,TERR_19,11630499.0,26146.0,225,28,146,9408327.0,23.61920456208633,TERR_19,1.0,0.0,0.0,1.0,0,0,0,Minor,89.64656337413177,100.0,1795,1602,823,741,0,0,0,No significant risk indicators detected.,Continue monitoring.
2019-05-01,TERR_19,8294620.983674,20197.251063614,234,28,150,11630499.0,-28.682157285994347,TERR_19,1.0,0.0,0.0,1.0,0,1,20,Minor,87.66155200285132,100.0,1619,1418,744,653,20,0,0,Potential risk identified: sales declined by 28.7%.,Continue monitoring.
2019-06-01,TERR_19,9611511.0,23450.0,236,28,155,8294620.983674,15.87643388309106,TERR_19,1.0,0.0,0.0,1.0,0,0,0,Minor,88.69830642664367,100.0,1717,1508,739,658,0,0,0,No significant risk indicators detected.,Continue monitoring.
2019-07-01,TERR_19,7767552.0,22831.0,218,28,148,9611511.0,-19.18490235302233,TERR_19,1.0,0.0,0.0,1.0,0,1,20,Minor,91.1758997568725,100.0,1595,1451,735,665,20,0,0,Potential risk identified: sales declined by 19.2%.,Continue monitoring.
2019-08-01,TERR_19,8629006.0,20638.0,196,28,133,7767552.0,11.09041819095643,TERR_19,1.0,0.0,0.0,1.0,0,0,0,Minor,88.79066743806267,100.0,1430,1271,626,553,0,0,0,No significant risk indicators detected.,Continue monitoring.
2019-09-01,TERR_19,9900131.0,25435.0,226,28,148,8629006.0,14.730839218329434,TERR_19,1.0,0.0,0.0,1.0,0,0,0,Minor,86.53054440040601,100.0,1676,1443,721,628,0,0,0,No significant risk indicators detected.,Continue monitoring.
2019-10-01,TERR_19,13298202.0,32343.0,195,28,136,9900131.0,34.32349531536502,TERR_19,1.0,0.0,0.0,1.0,0,0,0,Minor,86.48656875451067,100.0,1533,1336,672,575,0,0,0,No significant risk indicators detected.,Continue monitoring.
2019-11-01,TERR_19,9690424.0,27251.0,202,28,133,13298202.0,-27.129818000959826,TERR_19,1.0,0.0,0.0,1.0,0,1,20,Minor,89.46852756397358,100.0,1540,1358,698,627,20,0,0,Potential risk identified: sales declined by 27.1%.,Continue monitoring.
2019-12-01,TERR_19,7855112.0,17781.0,167,28,120,9690424.0,-18.93943959521276,TERR_19,1.0,0.0,0.0,1.0,0,1,20,Minor,89.14255471291168,100.0,1301,1163,572,507,20,0,0,Potential risk identified: sales declined by 18.9%.,Continue monitoring.
2020-01-01,TERR_19,7071912.0,16745.0,164,28,111,7855112.0,-9.970577122261274,TERR_19,1.0,0.0,0.0,1.0,0,0,0,Minor,91.33566953375131,100.0,1290,1187,611,554,0,0,0,No significant risk indicators detected.,Continue monitoring.
2020-02-01,TERR_19,12953453.0,30580.0,228,28,146,7071912.0,83.16762142967843,TERR_19,1.0,0.0,0.0,1.0,0,0,0,Minor,89.86864963778511,100.0,1565,1423,746,665,0,0,0,No significant risk indicators detected.,Continue monitoring.
2020-03-01,TERR_19,7784640.0,22089.0,230,28,148,12953453.0,-39.90297413361518,TERR_19,1.0,0.0,0.0,1.0,0,2,40,Major,90.28150135073722,100.0,1711,1555,719,645,40,0,0,Potential risk identified: sales declined by 39.9%.,"Review CRM activity, HCP coverage and sales performance."
2020-04-01,TERR_19,8595522.0,17010.0,167,28,129,7784640.0,10.416435442101369,TERR_19,1.0,0.0,0.0,1.0,0,0,0,Minor,91.26157541448609,100.0,1286,1167,618,565,0,0,0,No significant risk indicators detected.,Continue monitoring.
2020-05-01,TERR_19,14419638.0,31120.0,206,28,141,8595522.0,67.7575602738263,TERR_19,1.0,0.0,0.0,1.0,0,0,0,Minor,88.58189471474101,100.0,1605,1410,702,623,0,0,0,No significant risk indicators detected.,Continue monitoring.
2020-06-01,TERR_19,12211072.0,45630.0,231,28,156,14419638.0,-15.316376180872224,TERR_19,1.0,0.0,0.0,1.0,0,1,20,Minor,87.9447479989129,100.0,1698,1488,786,687,20,0,0,Potential risk identified: sales declined by 15.3%.,Continue monitoring.
2020-07-01,TERR_19,13803931.0,31851.0,256,28,155,12211072.0,13.044382999297689,TERR_19,1.0,0.0,0.0,1.0,0,0,0,Minor,89.87231748214572,100.0,1881,1702,849,762,0,0,0,No significant risk indicators detected.,Continue monitoring.
2020-08-01,TERR_19,22932314.0,56786.0,231,28,159,13803931.0,66.12886575570394,TERR_19,1.0,0.0,0.0,1.0,0,0,0,Minor,89.63820317243949,100.0,1686,1510,798,718,0,0,0,No significant risk indicators detected.,Continue monitoring.
2020-09-01,TERR_19,6631846.0,16401.0,255,28,157,22932314.0,-71.08078146845538,TERR_19,1.0,0.0,0.0,1.0,0,2,40,Major,89.33216525394765,100.0,1942,1727,879,778,40,0,0,Potential risk identified: sales declined by 71.1%.,"Review CRM activity, HCP coverage and sales performance."
2020-10-01,TERR_19,5640302.0,11044.0,175,28,126,6631846.0,-14.951251883713827,TERR_19,1.0,0.0,0.0,1.0,0,0,0,Minor,89.09018058189159,100.0,1363,1204,626,562,0,0,0,No significant risk indicators detected.,Continue monitoring.
2020-11-01,TERR_19,10908591.0,29721.0,305,28,171,5640302.0,93.40437799252594,TERR_19,1.0,0.0,0.0,1.0,0,0,0,Minor,89.33691231686632,100.0,2211,1969,941,842,0,0,0,No significant risk indicators detected.,Continue monitoring.
2020-12-01,TERR_19,19823008.0,47778.0,217,28,142,10908591.0,81.71923395056245,TERR_19,1.0,0.0,0.0,1.0,0,0,0,Minor,88.71776869994407,100.0,1677,1470,731,654,0,0,0,No significant risk indicators detected.,Continue monitoring.
2017-01-01,TERR_20,7098936.0,18151.0,207,25,136,,,,,,,,0,0,0,Minor,86.84802714574893,100.0,1444,1237,599,523,0,0,0,No significant risk indicators detected.,Continue monitoring.
2017-02-01,TERR_20,7609052.0,22676.0,210,25,140,7098936.0,7.185809253668437,,,,,,0,0,0,Minor,87.14604391162051,100.0,1566,1376,690,594,0,0,0,No significant risk indicators detected.,Continue monitoring.
2017-03-01,TERR_20,6982058.0,19437.0,233,25,150,7609052.0,-8.24010665191932,,,,,,0,0,0,Minor,92.01020165342062,100.0,1725,1583,779,715,0,0,0,No significant risk indicators detected.,Continue monitoring.
2017-04-01,TERR_20,10239658.0,31299.0,178,25,123,6982058.0,46.65673072323375,,,,,,0,0,0,Minor,91.01531153024267,100.0,1538,1403,634,575,0,0,0,No significant risk indicators detected.,Continue monitoring.
2017-05-01,TERR_20,10341805.0,24085.0,220,25,148,10239658.0,0.9975626139076129,,,,,,0,0,0,Minor,91.3527763372483,100.0,1689,1543,770,701,0,0,0,No significant risk indicators detected.,Continue monitoring.
2017-06-01,TERR_20,7898779.0,17131.0,213,25,135,10341805.0,-23.62282019434712,,,,,,0,1,20,Minor,91.44821952390546,100.0,1559,1428,688,628,20,0,0,Potential risk identified: sales declined by 23.6%.,Continue monitoring.
2017-07-01,TERR_20,7316023.0,19249.0,228,25,152,7898779.0,-7.377798517973474,,,,,,0,0,0,Minor,92.01179992342416,100.0,1587,1459,732,673,0,0,0,No significant risk indicators detected.,Continue monitoring.
2017-08-01,TERR_20,16223093.0,30143.0,230,25,145,7316023.0,121.74743026368289,,,,,,0,0,0,Minor,90.62003581708721,100.0,1579,1434,731,666,0,0,0,No significant risk indicators detected.,Continue monitoring.
2017-09-01,TERR_20,9856975.0,30684.0,214,25,142,16223093.0,-39.2410867644043,,,,,,0,2,40,Major,91.16456690598997,100.0,1658,1524,734,666,40,0,0,Potential risk identified: sales declined by 39.2%.,"Review CRM activity, HCP coverage and sales performance."
2017-10-01,TERR_20,10329922.0,21412.0,204,25,139,9856975.0,4.798094750164224,,,,,,0,0,0,Minor,92.34674217279834,100.0,1494,1378,690,634,0,0,0,No significant risk indicators detected.,Continue monitoring.
2017-11-01,TERR_20,9069858.0,24479.0,263,25,168,10329922.0,-12.198194720153744,,,,,,0,0,0,Minor,88.97965988589105,100.0,1854,1640,848,759,0,0,0,No significant risk indicators detected.,Continue monitoring.
2017-12-01,TERR_20,7814816.0,18289.0,174,25,125,9069858.0,-13.837504401943226,,,,,,0,0,0,Minor,88.94611896767884,100.0,1325,1180,610,542,0,0,0,No significant risk indicators detected.,Continue monitoring.
2018-01-01,TERR_20,21088425.0,49541.0,395,37,202,7814816.0,169.85184296085794,,,,,,0,0,0,Minor,87.18518890261089,100.0,2525,2216,1160,1004,0,0,0,No significant risk indicators detected.,Continue monitoring.
2018-02-01,TERR_20,16378005.0,42078.0,460,37,205,21088425.0,-22.336518730061634,,,,,,0,1,20,Minor,90.80633173002116,100.0,2927,2651,1321,1192,20,0,0,Potential risk identified: sales declined by 22.3%.,Continue monitoring.
2018-03-01,TERR_20,12788681.0,34383.0,474,37,208,16378005.0,-21.915514130078726,,,,,,0,1,20,Minor,84.6491351756907,100.0,2833,2388,1255,1071,20,0,0,Potential risk identified: sales declined by 21.9%.,Continue monitoring.
2018-04-01,TERR_20,16118310.8,58026.2,348,37,187,12788681.0,26.03575615030198,,,,,,0,0,0,Minor,89.02792855762121,100.0,2566,2265,1200,1075,0,0,0,No significant risk indicators detected.,Continue monitoring.
2018-05-01,TERR_20,9636703.0,22442.0,353,37,183,16118310.8,-40.21269896346707,,,,,,0,2,40,Major,90.78633834266861,100.0,2478,2239,1110,1017,40,0,0,Potential risk identified: sales declined by 40.2%.,"Review CRM activity, HCP coverage and sales performance."
2018-06-01,TERR_20,17663996.0,42220.0,404,37,200,9636703.0,83.29916362473763,,,,,,0,0,0,Minor,90.04478140973416,100.0,2731,2467,1182,1069,0,0,0,No significant risk indicators detected.,Continue monitoring.
2018-07-01,TERR_20,12795584.0,35434.0,424,37,193,17663996.0,-27.561215480347705,,,,,,0,1,20,Minor,90.67011077627141,100.0,2707,2446,1225,1116,20,0,0,Potential risk identified: sales declined by 27.6%.,Continue monitoring.
2018-08-01,TERR_20,14458949.0,50873.0,400,37,184,12795584.0,12.999523898244894,,,,,,0,0,0,Minor,89.94005447518977,100.0,2458,2210,1163,1041,0,0,0,No significant risk indicators detected.,Continue monitoring.
2018-09-01,TERR_20,11194305.0,26381.0,371,37,187,14458949.0,-22.578708867428745,,,,,,0,1,20,Minor,87.57720826547455,100.0,2421,2137,1102,962,20,0,0,Potential risk identified: sales declined by 22.6%.,Continue monitoring.
2018-10-01,TERR_20,16542746.0,37304.0,503,37,207,11194305.0,47.77823187772711,,,,,,0,0,0,Minor,86.57967160887439,100.0,3115,2725,1371,1190,0,0,0,No significant risk indicators detected.,Continue monitoring.
2018-11-01,TERR_20,12851044.0,32673.0,473,37,206,16542746.0,-22.316137840718824,,,,,,0,1,20,Minor,88.69861398024815,100.0,2898,2573,1338,1188,20,0,0,Potential risk identified: sales declined by 22.3%.,Continue monitoring.
2018-12-01,TERR_20,6200395.0,18446.0,360,37,196,12851044.0,-51.75181876274021,,,,,,0,2,40,Major,89.03209593733037,100.0,2419,2158,1070,949,40,0,0,Potential risk identified: sales declined by 51.8%.,"Review CRM activity, HCP coverage and sales performance."
2019-01-01,TERR_20,5041555.0,11385.0,172,25,121,6200395.0,-18.689777022270356,,,,,,0,1,20,Minor,88.670869592222,100.0,1382,1220,619,549,20,0,0,Potential risk identified: sales declined by 18.7%.,Continue monitoring.
2019-02-01,TERR_20,19655740.0,35596.0,185,25,130,5041555.0,289.8745525933963,,,,,,0,0,0,Minor,86.80727043334572,100.0,1465,1261,641,553,0,0,0,No significant risk indicators detected.,Continue monitoring.
2019-03-01,TERR_20,12543519.0,25483.0,256,25,160,19655740.0,-36.183939144494175,,,,,,0,2,40,Major,89.08575454234143,100.0,1681,1498,803,712,40,0,0,Potential risk identified: sales declined by 36.2%.,"Review CRM activity, HCP coverage and sales performance."
2019-04-01,TERR_20,7427891.0,16848.0,230,25,153,12543519.0,-40.78303704088143,,,,,,0,2,40,Major,90.91737983631083,100.0,1609,1471,756,685,40,0,0,Potential risk identified: sales declined by 40.8%.,"Review CRM activity, HCP coverage and sales performance."
2019-05-01,TERR_20,15959573.0,35839.0,197,25,140,7427891.0,114.86008612673504,,,,,,0,0,0,Minor,89.5937049737555,100.0,1483,1338,686,616,0,0,0,No significant risk indicators detected.,Continue monitoring.
2019-06-01,TERR_20,12566098.0,32181.0,240,25,147,15959573.0,-21.262943563715645,,,,,,0,1,20,Minor,88.12649490181644,100.0,1709,1502,790,696,20,0,0,Potential risk identified: sales declined by 21.3%.,Continue monitoring.
2019-07-01,TERR_20,11270332.0,22718.0,215,25,142,12566098.0,-10.311601899014317,,,,,,0,0,0,Minor,88.56356667328322,100.0,1674,1476,739,657,0,0,0,No significant risk indicators detected.,Continue monitoring.
2019-08-01,TERR_20,9356916.0,18235.0,196,25,141,11270332.0,-16.97745904912118,,,,,,0,1,20,Minor,90.18244668306201,100.0,1490,1348,675,609,20,0,0,Potential risk identified: sales declined by 17.0%.,Continue monitoring.
2019-09-01,TERR_20,6498884.0,18210.0,176,25,127,9356916.0,-30.544593966644566,,,,,,0,2,40,Major,88.29330618912924,100.0,1383,1219,588,517,40,0,0,Potential risk identified: sales declined by 30.5%.,"Review CRM activity, HCP coverage and sales performance."
2019-10-01,TERR_20,11006523.0,21675.0,160,25,118,6498884.0,69.36020092065037,,,,,,0,0,0,Minor,87.9032448777235,100.0,1205,1064,550,476,0,0,0,No significant risk indicators detected.,Continue monitoring.
2019-11-01,TERR_20,13528186.0,28738.0,191,25,136,11006523.0,22.910623091415882,,,,,,0,0,0,Minor,89.13911676234062,100.0,1412,1259,663,587,0,0,0,No significant risk indicators detected.,Continue monitoring.
2019-12-01,TERR_20,10829608.0,27908.0,135,25,102,13528186.0,-19.947818576710876,,,,,,0,1,20,Minor,88.2881220429339,100.0,1169,1027,482,425,20,0,0,Potential risk identified: sales declined by 19.9%.,Continue monitoring.
2020-01-01,TERR_20,5572155.0,17945.0,155,25,123,10829608.0,-48.54702958777455,,,,,,0,2,40,Major,92.4757420855311,100.0,1230,1142,577,530,40,0,0,Potential risk identified: sales declined by 48.5%.,"Review CRM activity, HCP coverage and sales performance."
2020-02-01,TERR_20,11420773.0,31186.0,204,25,142,5572155.0,104.96150950574778,,,,,,0,0,0,Minor,87.88283112911259,100.0,1451,1270,674,591,0,0,0,No significant risk indicators detected.,Continue monitoring.
2020-03-01,TERR_20,13099561.0,27075.0,191,25,136,11420773.0,14.69942533662126,,,,,,0,0,0,Minor,93.9299373076458,100.0,1350,1263,681,645,0,0,0,No significant risk indicators detected.,Continue monitoring.
2020-04-01,TERR_20,6931180.0,15488.0,138,25,101,13099561.0,-47.08845586504769,,,,,,0,2,40,Major,90.03869336164,100.0,1187,1071,530,477,40,0,0,Potential risk identified: sales declined by 47.1%.,"Review CRM activity, HCP coverage and sales performance."
2020-05-01,TERR_20,5375184.0,14262.0,175,25,121,6931180.0,-22.44922221035956,,,,,,0,1,20,Minor,90.9843246756846,100.0,1354,1229,648,588,20,0,0,Potential risk identified: sales declined by 22.4%.,Continue monitoring.
2020-06-01,TERR_20,4860896.0,12447.0,177,25,118,5375184.0,-9.567821306210169,,,,,,0,0,0,Minor,87.61491521483092,100.0,1405,1226,680,599,0,0,0,No significant risk indicators detected.,Continue monitoring.
2020-07-01,TERR_20,13063167.0,35588.0,198,25,137,4860896.0,168.73989898158695,,,,,,0,0,0,Minor,89.40367469336465,100.0,1560,1385,702,626,0,0,0,No significant risk indicators detected.,Continue monitoring.
2020-08-01,TERR_20,5847586.0,14306.0,201,25,128,13063167.0,-55.23607713198492,,,,,,0,2,40,Major,90.17494901580893,100.0,1393,1263,641,573,40,0,0,Potential risk identified: sales declined by 55.2%.,"Review CRM activity, HCP coverage and sales performance."
2020-09-01,TERR_20,6350530.0,19675.0,236,25,147,5847586.0,8.600882483814688,,,,,,0,0,0,Minor,90.24319043488416,100.0,1702,1526,801,722,0,0,0,No significant risk indicators detected.,Continue monitoring.
2020-10-01,TERR_20,6166313.0,15651.0,164,25,120,6350530.0,-2.9008130030091976,,,,,,0,0,0,Minor,90.73696327791352,100.0,1228,1109,576,521,0,0,0,No significant risk indicators detected.,Continue monitoring.
2020-11-01,TERR_20,9015234.0,21539.0,277,25,168,6166313.0,46.201368629844126,,,,,,0,0,0,Minor,88.37748693494066,100.0,1861,1651,865,763,0,0,0,No significant risk indicators detected.,Continue monitoring.
2020-12-01,TERR_20,12351502.0,29555.0,196,25,143,9015234.0,37.007003922471675,,,,,,0,0,0,Minor,88.28755159056982,100.0,1423,1261,680,597,0,0,0,No significant risk indicators detected.,Continue monitoring.
